product_id,product_name,aisle,department,n_purchases,reorder_rate,popularity_decile,reorder_lift
35649,Alkalized Water,water seltzer sparkling water,beverages,582,0.8385,1,0.3504
13128,Purified Alkalkine Water with Minerals pH10,water seltzer sparkling water,beverages,728,0.8338,3,0.3473
41330,Alkaline Water,water seltzer sparkling water,beverages,568,0.8257,1,0.3376
6583,Oraganic Lemon Elation Yerba Mate Drink,juice nectars,beverages,769,0.8192,3,0.3328
47231,Ultra-Purified Water,water seltzer sparkling water,beverages,1489,0.8576,6,0.3255
24521,Lowfat Goat Milk,milk,dairy eggs,1159,0.8387,5,0.3206
9292,Half And Half Ultra Pasteurized,milk,dairy eggs,2921,0.8617,8,0.3156
12798,Organic Nine Grain,bread,bakery,537,0.8026,1,0.3146
1157,Wheat Sandwich Bread,bread,bakery,1031,0.8312,5,0.3132
23315,Organic Cold Brew Coffee,coffee,beverages,783,0.7944,3,0.3079
11961,Organic Nuts & Vanilla Beverage,refrigerated,beverages,662,0.8082,2,0.3052
49609,Very Berry Flavor Sparking Mineral Water,water seltzer sparkling water,beverages,1250,0.8216,5,0.3036
35412,Select Tender Chicken with Vegetables & Brown Rice Dog Food Recipe,dog food care,pets,518,0.7915,1,0.3035
36988,Low Salt Ham,lunch meat,deli,527,0.7913,1,0.3032
2677,Yerba Mate Sparkling Classic Gold,tea,beverages,1217,0.8209,5,0.3028
47868,100% Spring Water,water seltzer sparkling water,beverages,589,0.8048,2,0.3018
42309,Nonfat Vanilla Bio Kefir,yogurt,dairy eggs,595,0.8034,2,0.3005
5360,BioKefir Pomegranate & Blueberry Flavor Cultured Milk,yogurt,dairy eggs,755,0.7854,3,0.299
19449,Fat Free Vitamin A & D Milk,milk,dairy eggs,1007,0.7994,4,0.2988
46932,All Natural Coconut Water,juice nectars,beverages,834,0.7818,3,0.2953
40363,"Coconut Water, Real",juice nectars,beverages,958,0.7954,4,0.2948
24441,2% Reduced Fat Milk With Vitamin A&D,milk,dairy eggs,515,0.7825,1,0.2945
45186,Original Non-Dairy Coffee Creamer,cream,dairy eggs,573,0.7818,1,0.2938
13806,1% Milkfat Low Fat Vitamin A & D Milk,milk,dairy eggs,1486,0.8257,6,0.2936
37724,Organic Edensoy Extra Original Soy Milk,soy lactosefree,dairy eggs,666,0.7958,2,0.2929
35470,Water Mineral,water seltzer sparkling water,beverages,2244,0.8266,7,0.2906
14924,Organic Yerba Mate Traditional,energy sports drinks,beverages,704,0.777,3,0.2905
39589,Grassmilk Organic Fat Free Milk,soy lactosefree,dairy eggs,1027,0.8053,5,0.2872
1402,Plain Soymilk Creamer,soy lactosefree,dairy eggs,2228,0.8232,7,0.2871
780,Breadstick,bread,bakery,638,0.7853,2,0.2824
11784,Duck Eggs,eggs,dairy eggs,691,0.7844,2,0.2815
5514,Organic Homogenized Whole Milk,milk,dairy eggs,3970,0.8577,9,0.2812
27090,Lemon Seltzer,water seltzer sparkling water,beverages,815,0.7669,3,0.2804
27511,"Milk, Organic, Fat Free",milk,dairy eggs,2615,0.826,8,0.2799
5063,Maple & Pecan Granola Gluten Free,granola,breakfast,663,0.7813,2,0.2784
43616,Chocolate Chip Granola,granola,breakfast,778,0.7622,3,0.2758
25493,Cookies 'n Cream with Oreo Cookie Pieces Lowfat Yogurt,yogurt,dairy eggs,655,0.7786,2,0.2757
27237,Butter Top Wheat Bread,bread,bakery,600,0.7783,2,0.2754
20298,Diet Green Tea with Ginseng,tea,beverages,709,0.7616,3,0.2752
24267,Orange Seltzer Water,water seltzer sparkling water,beverages,779,0.7612,3,0.2748
14371,Organic Nonfat Milk,milk,dairy eggs,3063,0.8208,8,0.2747
38652,Yerba Mate Orange Exuberance Tea,energy sports drinks,beverages,693,0.7605,3,0.274
39146,Original Flax Milk,soy lactosefree,dairy eggs,520,0.7615,1,0.2735
34197,Goat Milk,milk,dairy eggs,5185,0.85,9,0.2735
37042,Lowfat Peach Smoothie,yogurt,dairy eggs,732,0.7596,3,0.2731
35417,Reduced Fat Milk 2%,milk,dairy eggs,2268,0.8091,7,0.273
14466,Oat Chocolate Chip Coconut Whenever Bars,energy granola bars,snacks,822,0.7591,3,0.2727
18828,Organic Mint Tereré Yerba Mate Blend,tea,beverages,809,0.7577,3,0.2713
23383,Super Natural Organic Whole Milk,milk,dairy eggs,2179,0.8073,7,0.2712
14636,Eggo Chocolate Chip Pancakes 12 Count,frozen breakfast,frozen,646,0.774,2,0.2711
7338,Island Mango Premium Fruit Snacks,fruit vegetable snacks,snacks,564,0.7589,1,0.2708
19875,Organic Yogurt Original Plain,yogurt,dairy eggs,1530,0.8026,6,0.2705
38895,Super Natural Organic Reduced Fat 2% Milk,milk,dairy eggs,599,0.773,2,0.27
17725,Organic Wraps Traditional - 6 CT,tortillas flat bread,bakery,1200,0.7867,5,0.2686
30726,Organic Assam Black Tea,tea,beverages,607,0.771,2,0.2681
3090,Very Berry Flavor Sparkling Mineral Water,water seltzer sparkling water,beverages,1009,0.7681,4,0.2675
45636,Cranberry Pomegranate Sparkling Yerba Mate,tea,beverages,1153,0.7849,5,0.2669
29500,Hard-Boiled Eggs,eggs,dairy eggs,750,0.752,3,0.2655
33381,Belgian Chocolate Reduced Fat Milk,milk,dairy eggs,701,0.7518,3,0.2653
877,Ultra-Filtered Whole Milk,milk,dairy eggs,1172,0.7833,5,0.2652
39101,Friendo Blendo Espresso Beans,coffee,beverages,736,0.7514,3,0.2649
32204,Nut & Oat Bread,bread,bakery,697,0.7504,3,0.2639
42049,Pane Turano Italian Bread,bread,bakery,519,0.7514,1,0.2634
37776,Vanilla All Natural Liquid Coffee Creamer,cereal,breakfast,868,0.7638,4,0.2632
13560,A+ Cinnamon Sweet Potato Pancakes,frozen breakfast,frozen,2547,0.8092,8,0.2631
1337,"Yogurt, Sheep Milk, Strawberry",yogurt,dairy eggs,976,0.7633,4,0.2627
30411,Organic Lemon Flavor Recharge Thirst Quencher With Electrolytes,juice nectars,beverages,693,0.7489,3,0.2625
2748,Organic Reduced Fat Omega-3 Milk,milk,dairy eggs,5159,0.8383,9,0.2618
45416,Go Mango! Organic Dried Mango Slices,nuts seeds dried fruit,snacks,1009,0.7621,4,0.2615
12193,100% Florida Orange Juice,juice nectars,beverages,1220,0.7795,5,0.2615
22610,Reduced Fat 2% Lactose-Free Milk,soy lactosefree,dairy eggs,3050,0.8072,8,0.2611
47943,Unsweetened Terere Yerba Mate,tea,beverages,1278,0.7919,6,0.2597
35102,The Original Liquid Coffee Creamer,cream,dairy eggs,640,0.7625,2,0.2596
43050,Salmon Roll,prepared meals,deli,724,0.7459,3,0.2594
15981,Unsweetened Soymilk,soy lactosefree,dairy eggs,903,0.7597,4,0.2591
6066,Mini Moo's Real Cream Half & Half,cream,dairy eggs,581,0.747,1,0.2589
39863,Organic 2% Milk,milk,dairy eggs,1490,0.7906,6,0.2585
10851,Natural Alpine Spring Water,water seltzer sparkling water,beverages,1688,0.7944,7,0.2584
24041,Cookie Dough Nutrition Bar,energy granola bars,snacks,670,0.7612,2,0.2583
28613,Organic Grapefruit Ginger Sparkling Yerba Mate,tea,beverages,1749,0.7942,7,0.2581
25013,Unsweetened Elegant Jasmine Green Tea,tea,beverages,1387,0.7888,6,0.2566
6286,Half and Half,cream,dairy eggs,2295,0.8026,8,0.2565
36717,Double Fiber Bread,bread,bakery,3027,0.8024,8,0.2563
23248,Passion Fruit On The Bottom Greek Yogurt,yogurt,dairy eggs,579,0.7444,1,0.2563
41605,Chocolate Bar Milk Stevia Sweetened Salted Almond,candy chocolate,snacks,761,0.7424,3,0.256
2457,Variety Tea,tea,beverages,630,0.7587,2,0.2558
14366,Enlighten Mint Organic,tea,beverages,1753,0.7918,7,0.2557
17163,Vitamin A & D Fat Free Milk,milk,dairy eggs,546,0.7436,1,0.2555
30440,Chocolate Crepes,breakfast bakery,bakery,2054,0.7911,7,0.2551
7815,Grape Blended Low-Fat Greek Yogurt Pouches,yogurt,dairy eggs,580,0.7431,1,0.255
32170,Lentil Salad,prepared soups salads,deli,576,0.7431,1,0.255
19354,Yo Baby Organic Vanilla Yogurt,yogurt,dairy eggs,3352,0.8007,8,0.2546
22537,Hearty Nine Grain Bread,bread,bakery,894,0.755,4,0.2544
45807,"Tea, Radiant Raspberry",tea,beverages,528,0.7424,1,0.2544
40171,Organic Sweet Vanilla Bean Nutrition Complete Protein Shake,protein meal replacements,personal care,1015,0.7547,4,0.2541
13996,Giant Peach,tea,beverages,782,0.7391,3,0.2527
22472,Mesquite Smoked Turkey,lunch meat,deli,984,0.753,4,0.2524
1744,Mint Chocolate Chip Protein Bar,energy granola bars,snacks,1220,0.7705,5,0.2524
14882,2% Milkfat Reduced Fat Milk,milk,dairy eggs,992,0.752,4,0.2514
29373,Nonfat Probiotic Drinks,yogurt,dairy eggs,2594,0.7972,8,0.2511
34844,Morning Blend 100% Juice,juice nectars,beverages,792,0.7374,3,0.2509
117,Petit Suisse Fruit,specialty cheeses,dairy eggs,3636,0.827,9,0.2505
26094,Krave Cereal Chocolate,cereal,breakfast,764,0.7369,3,0.2505
1848,Rockin' Raspberry 3.1 Fl Oz,yogurt,dairy eggs,600,0.7533,2,0.2504
21038,Organic Spelt Tortillas,tortillas flat bread,bakery,2821,0.7965,8,0.2504
35097,Natural Pulp Free Coconut Water,juice nectars,beverages,533,0.7373,1,0.2493
34755,Maple Pecan,cereal,breakfast,715,0.7357,3,0.2492
29509,80  Vodka Holiday Edition,spirits,alcohol,1411,0.781,6,0.2489
40691,Whole Jersey Milk Low Pasteurized,milk,dairy eggs,1939,0.7844,7,0.2484
14709,Lime Seltzer,water seltzer sparkling water,beverages,516,0.7364,1,0.2484
45810,Wagon Wheels Mac + Cheese,frozen meals,frozen,587,0.7513,2,0.2484
46586,Diet Peach,tea,beverages,746,0.7346,3,0.2481
32859,Oikos Greek Yogurt Traditional Lemon Meringue,yogurt,dairy eggs,526,0.7357,1,0.2477
45113,Artesian Water,water seltzer sparkling water,beverages,997,0.7482,4,0.2476
29118,French Vanilla Soy Creamer,soy lactosefree,dairy eggs,3650,0.8241,9,0.2476
19731,Organic Orange Juice With Calcium & Vitamin D,refrigerated,beverages,3136,0.7937,8,0.2476
44624,Organic Jumbo Grade AA Brown Eggs,eggs,dairy eggs,1212,0.7649,5,0.2468
12644,Organic Wraps Wheat,prepared meals,deli,817,0.7332,3,0.2467
11187,Revel Berry Yerba Mate,tea,beverages,1061,0.7644,5,0.2463
4354,Original No Pulp Orange Juice,refrigerated,beverages,699,0.7325,3,0.246
31439,"Whole Milk, Vitamin D, Jug",milk,dairy eggs,698,0.7321,3,0.2456
42443,Whole Milk With Vitamin D,milk,dairy eggs,2701,0.7916,8,0.2455
12476,Raisin Bread,bread,bakery,737,0.7313,3,0.2449
35523,Original Rice Drink,soy lactosefree,dairy eggs,614,0.7476,2,0.2446
28593,Reduced Fat 2% Chocolate Milk,milk,dairy eggs,3243,0.7903,8,0.2442
32442,Organic Original Tofu Veggie Burger,tofu meat alternatives,deli,1058,0.7618,5,0.2438
44270,Baked Cheese Puffs Real Cheddar Lunch Packs,chips pretzels,snacks,830,0.7301,3,0.2437
33124,Healthy Kids Organic Chocolate Nutritional Shake,baby food formula,babies,704,0.7301,3,0.2437
46681,"Organic Icelandic, Whole Milk, Vanilla Yogurt",yogurt,dairy eggs,574,0.7317,1,0.2437
3248,Breakfast Burrito With Potatoes Jack & Cheddar Cheese & Meatless Chorizo,prepared meals,deli,685,0.746,2,0.2431
48552,Raspberry Blackberry Sparkling Water,water seltzer sparkling water,beverages,636,0.7453,2,0.2424
1094,Kids Strawberry Yogurt Tubes,yogurt,dairy eggs,957,0.7429,4,0.2423
1134,The Red ONe: Squished Fruit Smoothies,baby food formula,babies,781,0.7286,3,0.2421
45504,Whole Organic Omega 3 Milk,milk,dairy eggs,9108,0.8602,10,0.242
10468,Natural Bliss All Natural Coffee Creamer Sweet Cream Flavor,cream,dairy eggs,511,0.7299,1,0.2419
37866,Nonfat Milk,milk,dairy eggs,817,0.7283,3,0.2418
32911,Organic Sensitivity Infant Formula with Iron,baby food formula,babies,778,0.7275,3,0.241
15999,Zero Ion4 Grape Sports Drink,energy sports drinks,beverages,683,0.7438,2,0.2409
43394,Organic Lactose Free Whole Milk,soy lactosefree,dairy eggs,8477,0.859,10,0.2408
14853,Organic Oat Non-Dairy Original Beverage,soy lactosefree,dairy eggs,1870,0.7759,7,0.2399
34866,Chocolate Milk 1% Milkfat,milk,dairy eggs,867,0.7405,4,0.2399
22308,"Bread, Gluten Free, White Sandwich",frozen breads doughs,frozen,909,0.7404,4,0.2398
9137,Organic YoKids Squeeze! Straw-Nana-Rama Yogurt,yogurt,dairy eggs,929,0.7395,4,0.2389
18566,Grapefruit Seltzer,refrigerated,beverages,635,0.7417,2,0.2388
29671,Organic Bluephoria Yerba Mate,tea,beverages,623,0.7416,2,0.2387
6235,Gluten Free Vegan Chocolate Chocolate Chip Protein Bar,energy granola bars,snacks,899,0.7375,4,0.2369
27514,Maple Glazed Honey Ham,lunch meat,deli,1228,0.7549,5,0.2368
8834,Raspberry Lime Sparkling Seltzer Water,water seltzer sparkling water,beverages,1372,0.769,6,0.2368
11081,Sweet Sliced Apples,packaged vegetables fruits,produce,750,0.7227,3,0.2362
29447,"Milk, Organic, Vitamin D",milk,dairy eggs,20198,0.8543,10,0.2361
14702,Maple Honey Ham,lunch meat,deli,4109,0.8126,9,0.2361
14652,Cocoa Loco Baked Chewy Bars,energy granola bars,snacks,960,0.7365,4,0.2359
17924,Seltzer Water,water seltzer sparkling water,beverages,1889,0.7718,7,0.2358
11367,Chocolate Soy Milk,soy lactosefree,dairy eggs,820,0.722,3,0.2355
16490,Old Fashioned Whole Wheat Bread,bread,bakery,1507,0.7671,6,0.2349
18581,Organic 14 Grain Bread,bread,bakery,573,0.7225,1,0.2345
27172,"Coconut Water, Real, with Pulp",juice nectars,beverages,1174,0.7521,5,0.2341
25499,Vanilla Plant Based Nondairy Beverage,soy lactosefree,dairy eggs,583,0.7221,1,0.2341
30718,Unsweetened Pure & Smooth  Green Tea,tea,beverages,1531,0.7662,6,0.234
39461,Coffee Mate French Vanilla Creamer Packets,other,other,794,0.7204,3,0.2339
40852,Lactose Free Fat Free Milk,soy lactosefree,dairy eggs,4650,0.8101,9,0.2336
29794,Iced Coffee,coffee,beverages,1000,0.734,4,0.2334
42680,Chunky Chocolate Chip Flax Muffins,breakfast bakery,bakery,1522,0.7654,6,0.2333
695,Diet Dr Pepper Bottles,soft drinks,beverages,682,0.7361,2,0.2332
1096,9.5 pH Super Hydrating Purified Water,water seltzer sparkling water,beverages,640,0.7359,2,0.233
1729,2% Lactose Free Milk,milk,dairy eggs,1762,0.769,7,0.233
13774,Sun Blossom Probiotic Kombucha,refrigerated,beverages,1072,0.7509,5,0.2329
47611,M&M's Vanilla Lowfat Yogurt,yogurt,dairy eggs,2528,0.7789,8,0.2328
38689,Organic Reduced Fat Milk,milk,dairy eggs,35663,0.8507,10,0.2325
30630,"Yogurt, Sheep Milk, Blackberry",yogurt,dairy eggs,966,0.7329,4,0.2323
1443,Strawberry and Banana Fruit Puree,baby food formula,babies,2221,0.7681,7,0.2321
39747,Mixed Berry English Tea Scones,breakfast bakery,bakery,916,0.7325,4,0.2319
23430,Sheep Milk Vanilla Yogurt,yogurt,dairy eggs,1237,0.7494,5,0.2313
48733,Homogenized Milk,milk,dairy eggs,1630,0.7632,6,0.2311
5393,Organic Whole Chocolate Milk,milk,dairy eggs,1424,0.7626,6,0.2305
41009,Organic Greens & Greens Juice,refrigerated,beverages,740,0.7162,3,0.2298
43739,Variety Diet Tea,tea,beverages,2373,0.7758,8,0.2297
44257,Mandarin Orange Sparkling Natural Spring Water,water seltzer sparkling water,beverages,1236,0.7476,5,0.2295
44177,Large Grade A Eggs,eggs,dairy eggs,2056,0.7656,7,0.2295
2830,Sparkling Spring Water,water seltzer sparkling water,beverages,524,0.7176,1,0.2295
14642,Organic Dark Mint Chocolate,candy chocolate,snacks,668,0.732,2,0.2291
23099,Love Crunch Dark Chocolate And Peanut Butter Granola,candy chocolate,snacks,787,0.7154,3,0.2289
16528,Straightshot Probiotic Oat Drink,digestion,personal care,1397,0.7609,6,0.2288
5115,Organic Medium Brown Eggs,eggs,dairy eggs,3358,0.7749,8,0.2288
10655,Sparkling Seltzer Water,water seltzer sparkling water,beverages,652,0.7316,2,0.2287
44932,Forest Berry Natural Lowfat Yogurt,yogurt,dairy eggs,637,0.7316,2,0.2286
45937,"Crispy Fruit, Apple",nuts seeds dried fruit,snacks,733,0.7149,3,0.2284
43369,Total with Mango Greek Strained Yogurt,yogurt,dairy eggs,782,0.7148,3,0.2284
46770,Raw Hummus,preserved dips spreads,pantry,557,0.7163,1,0.2283
4687,Arnold Palmer Lite Half & Half Iced Tea Lemonade,tea,beverages,722,0.7147,3,0.2282
4962,Yotoddler Organic Pear Spinach Mango Yogurt,yogurt,dairy eggs,6125,0.8046,9,0.2281
31764,Original Sparkling Seltzer Water Cans,water seltzer sparkling water,beverages,1091,0.7461,5,0.2281
38750,"Protein Bar, Chocolate Pretzel",energy granola bars,snacks,1655,0.7601,6,0.228
9637,Black Forest Berry Caffeine-Free Tea,tea,beverages,1265,0.7455,5,0.2274
10586,Green Dragon with Passion Fruit Tea,tea,beverages,1191,0.7448,5,0.2267
24508,Classic Ocean Whitefish & Tuna Feast Cat Food,cat food care,pets,536,0.7146,1,0.2265
46325,Original Sparkling Water,water seltzer sparkling water,beverages,693,0.7128,3,0.2264
27553,Organic Blueberry Cream On Top Whole Milk Yogurt,yogurt,dairy eggs,755,0.7126,3,0.2261
41651,Diet Orange Soda,soft drinks,beverages,950,0.7263,4,0.2257
24852,Banana,fresh fruits,produce,472565,0.8435,10,0.2253
23794,1% Chocolate Milk,milk,dairy eggs,618,0.7282,2,0.2252
32043,Organic Low Fat Vanila Milk,milk,dairy eggs,822,0.7117,3,0.2252
29104,1000 Sheets Unscented Bathroom Tissue,paper goods,household,509,0.7132,1,0.2251
48140,All Natural Whole Wheat Bread,bread,bakery,988,0.7257,4,0.2251
25598,Organic Plain French Style Yogurt,yogurt,dairy eggs,1273,0.7431,5,0.2251
4039,Tempt Original Hemp Milk,soy lactosefree,dairy eggs,700,0.7114,3,0.225
7808,Mango Grapefruit Water,juice nectars,beverages,1146,0.7426,5,0.2245
21890,"Milk, Low Fat, 1% Milkfat",milk,dairy eggs,609,0.7274,2,0.2245
16234,Vitamin D Organic Milk,milk,dairy eggs,2672,0.7706,8,0.2245
23082,2% Chocolate Milk,milk,dairy eggs,1939,0.7602,7,0.2241
25926,Natural Orange Flavor Sparkling Mineral Water,water seltzer sparkling water,beverages,658,0.7264,2,0.2235
27979,Diet Mountain Dew Soda,soft drinks,beverages,572,0.7115,1,0.2235
35504,Real Coconut Water,juice nectars,beverages,2947,0.7693,8,0.2232
31720,Organic  Whole Milk,milk,dairy eggs,9842,0.8412,10,0.223
11100,Potato Chips Unsalted,chips pretzels,snacks,875,0.7234,4,0.2228
19635,Rose Black,refrigerated,beverages,619,0.7254,2,0.2225
40156,Sheep Milk Plain Yogurt,yogurt,dairy eggs,1175,0.7404,5,0.2224
23374,Probiotic Banana Dates Cashew Milk,refrigerated,beverages,622,0.7251,2,0.2222
10473,Half And Half Cream,cream,dairy eggs,6281,0.7986,9,0.2221
24333,Peach Mango Iced Green Tea,tea,beverages,826,0.7082,3,0.2218
34578,Chomperz Original Crunchy Seaweed Chips,fruit vegetable snacks,snacks,1049,0.7398,5,0.2217
30745,Organic Bulgarian Yogurt,yogurt,dairy eggs,699,0.7082,3,0.2217
39180,Organic Lowfat 1% Milk,milk,dairy eggs,14869,0.8399,10,0.2216
23951,Tonics Cleansing Probiotic Tonic With Apple Cider Vinegar Cinnamon,refrigerated,beverages,523,0.7094,1,0.2213
20339,Chocolate Protein Soy & Dairy Protein Shake,refrigerated,beverages,2226,0.757,7,0.2209
43988,Plain Low Fat Australian Style Yogurt,yogurt,dairy eggs,1678,0.7569,7,0.2208
37188,Organic Lori's Lemon Tea,tea,beverages,1630,0.7528,6,0.2206
40849,Vegan Raw Garlic Fluffy Spread,preserved dips spreads,pantry,508,0.7087,1,0.2206
37840,Golden White English Muffins,breakfast bakery,bakery,622,0.7235,2,0.2206
2298,"Muffins, Mini, Flax, Chocolate Brownie",bakery desserts,bakery,2754,0.7665,8,0.2204
27038,Double Shot Espresso And Cream,coffee,beverages,589,0.7233,2,0.2203
42562,Low fat Chocolate Milk,milk,dairy eggs,2224,0.7563,7,0.2203
39643,Organic Dairy Iron-Fortified Toddler Formula,baby food formula,babies,1002,0.7206,4,0.22
10545,Chocolate Belgian Waffles,frozen breakfast,frozen,689,0.7228,2,0.2199
1069,100% Oatnut Bread,bread,bakery,2895,0.7658,8,0.2197
17638,Vanilla Coffee Concentrate,coffee,beverages,1975,0.7554,7,0.2194
10558,Organic Peanut Butter Granola,granola,breakfast,707,0.7058,3,0.2193
2982,Natural Health Nut 100% All Natural Bread,bread,bakery,914,0.7199,4,0.2193
13166,"Organic Milk Reduced Fat, 2% Milkfat",milk,dairy eggs,12737,0.8375,10,0.2193
32753,45 Calories & Delight Wheat Bread,bread,bakery,583,0.7221,2,0.2192
30635,Lactose Free Yogurt Plain,yogurt,dairy eggs,2704,0.7652,8,0.2191
23650,Electrolyte Water,water seltzer sparkling water,beverages,3164,0.7649,8,0.2187
24668,Plain Sheep Milk Yogurt,yogurt,dairy eggs,657,0.7215,2,0.2186
8617,Assorted Nuggets,candy chocolate,snacks,890,0.7191,4,0.2185
38544,Organic Whole Milk Strawberry Beet Berry Yogurt Pouch,yogurt,dairy eggs,6281,0.7948,9,0.2183
28670,"Lentil Chips, Himalayan Pink Salt",chips pretzels,snacks,889,0.7188,4,0.2182
42526,Master Brew Kombucha Lavender Melon,refrigerated,beverages,885,0.7186,4,0.218
23373,Chocolate Peanut Crisp Protein Bar,energy granola bars,snacks,584,0.7209,2,0.218
31257,Vegan Chocolate Chip Mini Muffins,bakery desserts,bakery,1640,0.75,6,0.2179
21469,Honest T Mango White Tea,tea,beverages,998,0.7184,4,0.2178
19575,Cultured Soy Vanilla Yogurt,yogurt,dairy eggs,845,0.7183,4,0.2177
11492,Zero Ultra Energy Drink,energy sports drinks,beverages,1120,0.7357,5,0.2177
45279,Organic Fat Free Dha Omega 3 Milk,milk,dairy eggs,1074,0.7356,5,0.2175
4451,Organic Skim Milk with DHA Omega-3,milk,dairy eggs,4748,0.7938,9,0.2173
30744,Classic Tender Liver & Chicken Feast Cat Food,cat food care,pets,629,0.7202,2,0.2173
35689,Original Non-Dairy Beverage,soy lactosefree,dairy eggs,689,0.7199,2,0.217
29735,Caffeine Free Diet Coke,soft drinks,beverages,532,0.7049,1,0.2168
16097,Total with Cherry Greek Strained Yogurt,yogurt,dairy eggs,1173,0.7349,5,0.2168
24891,Organic Chocolate 1% Milk with DHA Omega-3,milk,dairy eggs,3228,0.7627,8,0.2166
47639,Blueberry Protein Shake,juice nectars,beverages,528,0.7045,1,0.2165
40632,Brown Rice Snaps Black Sesame,crackers,snacks,1601,0.7483,6,0.2161
42239,Kids Mac-N-Cheezy Fish Shaped Ravioli,fresh pasta,dry goods pasta,524,0.7042,1,0.2161
20940,Organic Low Fat Milk,milk,dairy eggs,8438,0.8343,10,0.2161
43445,Sparkling Energy Water Lemon Lime,energy sports drinks,beverages,974,0.7166,4,0.216
8958,Danish Variety Pack,breakfast bakery,bakery,554,0.704,1,0.2159
37022,Plain Cultured Goat Milk Kefir,yogurt,dairy eggs,3095,0.7619,8,0.2158
29691,Petite Butter Croissant,buns rolls,bakery,1299,0.7475,6,0.2154
9810,100% Lactose Free 1% Lowfat Milk,soy lactosefree,dairy eggs,1655,0.7474,6,0.2153
25332,Unsweetened Coconut Water,juice nectars,beverages,2247,0.7512,7,0.2152
10339,Unsweetened Blackberry Water,water seltzer sparkling water,beverages,3120,0.7612,8,0.2151
11885,"Sparkling Water, Bottles",water seltzer sparkling water,beverages,1556,0.7468,6,0.2146
10605,Gluten Free White Bread,bread,bakery,637,0.7174,2,0.2145
13176,Bag of Organic Bananas,fresh fruits,produce,379450,0.8326,10,0.2143
15693,Organic Peach Oo La Long Tea,tea,beverages,3117,0.7603,8,0.2142
13573,Mini Butter Croissant,buns rolls,bakery,507,0.7022,1,0.2141
29145,Green Tea Blueberry Pomegranate,tea,beverages,744,0.7003,3,0.2138
5141,Organic Iced Black Tea,tea,beverages,674,0.7166,2,0.2137
44815,Unsweetened Soy Milk,soy lactosefree,dairy eggs,1554,0.7458,6,0.2137
36011,Organic Fat Free Milk,milk,dairy eggs,26591,0.8318,10,0.2136
8833,"Smoothie Fruits, Squished, The Green One, Over 6 Months",baby food formula,babies,589,0.7165,2,0.2136
1112,Peach Sparkling Energy Water,energy sports drinks,beverages,620,0.7161,2,0.2132
48070,Chocolate Mint Crisp Protein Bar,energy granola bars,snacks,522,0.7011,1,0.2131
13511,Low Fat Strawberry Yogurt Bars,ice cream ice,frozen,575,0.7009,1,0.2128
26894,Organic Chocolate Milk,milk,dairy eggs,784,0.699,3,0.2125
49328,Chocolate Protein Nutritional Shake,protein meal replacements,personal care,747,0.6988,3,0.2123
27845,Organic Whole Milk,milk,dairy eggs,137905,0.8304,10,0.2121
8997,Organic Creamy Chocolate Fudge Nutritional Shake,milk,dairy eggs,593,0.715,2,0.2121
16611,Milk,milk,dairy eggs,1524,0.7441,6,0.212
45741,Chicharrones Fried Pork Rinds,chips pretzels,snacks,1586,0.744,6,0.2119
39128,"Bread, Organic, Spelt Ancient Grain",bread,bakery,519,0.6994,1,0.2114
33026,Raspberry Tea,tea,beverages,1306,0.7435,6,0.2114
46279,Lactose Free Organic Whole Milk Plain Yogurt,yogurt,dairy eggs,666,0.7132,2,0.2103
41983,Le Brie Mini Soft Ripened Cheese,specialty cheeses,dairy eggs,755,0.6967,3,0.2102
41212,Flax Milk Dairy Free Protein+ Unsweetened Vanilla,tofu meat alternatives,deli,944,0.7108,4,0.2102
3721,Unsweetened Green Tea,tea,beverages,854,0.7108,4,0.2102
3822,Green Magic Chia Squeeze,nuts seeds dried fruit,snacks,1002,0.7106,4,0.21
14146,Sliced Wheat Bread,bread,bakery,1584,0.7418,6,0.2097
46363,Red Papaya,fresh fruits,produce,714,0.6961,3,0.2096
38928,0% Greek Strained Yogurt,yogurt,dairy eggs,13238,0.8278,10,0.2095
1323,Vanilla Bean Natural Lowfat Yogurt,yogurt,dairy eggs,773,0.696,3,0.2095
29848,Diet Peach Tea,tea,beverages,2406,0.7548,8,0.2087
30024,Cage Free Grade AA Large White Eggs,eggs,dairy eggs,1794,0.7447,7,0.2087
37718,Blueberry Whole Milk Yogurt Pouch,yogurt,dairy eggs,4924,0.7849,9,0.2084
42743,Vitaminwater Zero Variety Pack,energy sports drinks,beverages,866,0.709,4,0.2084
49519,Raspberry Essence Water,water seltzer sparkling water,beverages,2029,0.7442,7,0.2082
26949,Tempt Unsweetened Original Hemp Milk,soy lactosefree,dairy eggs,2950,0.7542,8,0.2081
26346,Organic Skim Milk,milk,dairy eggs,4889,0.7846,9,0.2081
13882,Goat Milk Yogurt Blueberry,yogurt,dairy eggs,743,0.6945,3,0.208
36339,Cottage Cheese,other creams cheeses,dairy eggs,546,0.696,1,0.2079
35376,Grovestand Lots of Pulp Orange Juice,refrigerated,beverages,871,0.7084,4,0.2078
29599,Total Greek Strained Yogurt with Blueberry,yogurt,dairy eggs,922,0.7082,4,0.2076
42174,Light Style Soft Wheat Bread,bread,bakery,578,0.6955,1,0.2074
13884,Chocolate Chip Muffins,breakfast bakery,bakery,532,0.6955,1,0.2074
45154,Pure & Smooth Green Tea,tea,beverages,1091,0.725,5,0.207
4142,Trilogy Kombucha,refrigerated,beverages,1874,0.7428,7,0.2068
9411,Unsweetened Iced Coffee,coffee,beverages,3236,0.7528,8,0.2067
17131,Cold-Pressed Organic Apple,refrigerated,beverages,1370,0.7387,6,0.2065
48022,Chocolate Mousse Ganache Cone,ice cream ice,frozen,520,0.6942,1,0.2062
3499,Peach Citrus Soda,soft drinks,beverages,569,0.6942,1,0.2061
33674,Elmo Mac 'n Cheese With Carrots & Broccoli,frozen meals,frozen,1269,0.7242,5,0.2061
895,YoKids Squeeze Organic Blueberry Blue Yogurt,yogurt,dairy eggs,3478,0.7826,9,0.2061
9426,Nine Grain Sourdough Dough,bread,bakery,1160,0.7241,5,0.2061
5496,Cold Brew Coffee Can,coffee,beverages,985,0.7066,4,0.206
6182,Natural Artesian Bottled Water,water seltzer sparkling water,beverages,4855,0.7825,9,0.206
10296,Lori's Lemon Tea,tea,beverages,608,0.7089,2,0.206
20247,Organic Extra Large Eggs,eggs,dairy eggs,777,0.6924,3,0.2059
45004,White Multifold Towels,paper goods,household,1531,0.7381,6,0.2059
11451,Peppermint Patties,candy chocolate,snacks,549,0.694,1,0.2059
46485,Natural Lemon Flavor Sparkling Mineral Water,water seltzer sparkling water,beverages,2030,0.7414,7,0.2053
31724,Mini Yellow Rounds Corn Tortilla Chips,chips pretzels,snacks,528,0.6932,1,0.2051
3126,Oreo Cookie n' Cream Yogurt,yogurt,dairy eggs,1231,0.723,5,0.2049
44275,Mini Blueberry Muffins,breakfast bakery,bakery,2789,0.7508,8,0.2047
38311,Lemon Love Juice Drink,refrigerated,beverages,1970,0.7406,7,0.2046
26810,Organic Date Pecan & Coconut Granola Bar,energy granola bars,snacks,584,0.7072,2,0.2043
23685,Mo' Beta Fruit Smoothie Blend,refrigerated,beverages,575,0.6922,1,0.2041
38734,Wheat Sandwich Thins,tortillas flat bread,bakery,1816,0.7401,7,0.204
27247,Original Soy Creamer,soy lactosefree,dairy eggs,4569,0.7805,9,0.204
40656,Unsweetened Zero Calorie Green White Tea,tea,beverages,665,0.7068,2,0.2039
34213,Great White Bread,bread,bakery,1075,0.7219,5,0.2038
47931,Diet Cola,soft drinks,beverages,2638,0.7498,8,0.2037
11980,Heritage Flakes Cereal,cereal,breakfast,957,0.7043,4,0.2037
36165,Homemade Corn Chips,chips pretzels,snacks,1031,0.7216,5,0.2036
41390,Major Dickason's Blend Dark Roast K-Cups,coffee,beverages,872,0.7041,4,0.2035
13219,Organic Unsweetened Plain Soymilk,soy lactosefree,dairy eggs,1196,0.7216,5,0.2035
16732,Peanut Milk Chocolate XXL Bag,candy chocolate,snacks,2304,0.7496,8,0.2035
17871,Grade A Goat Milk,milk,dairy eggs,3680,0.7799,9,0.2034
48988,Unsweetened Premium Iced Tea,tea,beverages,3934,0.7799,9,0.2034
5132,Made Good Chocolate Chip Granola Bars,energy granola bars,snacks,905,0.7039,4,0.2033
43788,Organic Pearfecto Level 1 Baby Food,baby food formula,babies,534,0.691,1,0.203
16908,Jacob's Wonderbar Dark Roast,coffee,beverages,1879,0.7387,7,0.2026
20463,Organic Fat-Free Milk,milk,dairy eggs,4795,0.7791,9,0.2026
14414,Sandwich Cookies & Crackers Variety Snack Packs,cookies cakes,snacks,967,0.7032,4,0.2026
20082,Organic Whole Milk with DHA Omega-3,milk,dairy eggs,13528,0.8205,10,0.2023
27639,Cream Top with Chocolate on the Bottom Yogurt,yogurt,dairy eggs,1937,0.7383,7,0.2022
47660,Milk Chocolate Nutrition Shake,protein meal replacements,personal care,552,0.6902,1,0.2022
2391,Golden Maple Sweet Belgian Style Waffles,frozen breakfast,frozen,678,0.705,2,0.2021
38694,BBQ Chopped Salad,prepared soups salads,deli,1384,0.7341,6,0.202
47815,Hazelnut Coffee Creamer,cream,dairy eggs,1239,0.7199,5,0.2019
41597,Organic Jumbo Eggs,eggs,dairy eggs,1361,0.734,6,0.2019
9497,Smoothie Fruits Squished The Purple One Over 6 Months,baby food formula,babies,516,0.6899,1,0.2019
19322,Original Flax Milk Dairy Free Protein+,soy lactosefree,dairy eggs,1413,0.7339,6,0.2018
8996,Squirrelly Sprouted Grain Bread,bread,bakery,519,0.6898,1,0.2017
11974,Goat Milk Yogurt Vanilla,yogurt,dairy eggs,1224,0.7198,5,0.2017
11543,Vanilla Protein Protein Shake,refrigerated,beverages,1956,0.7377,7,0.2017
5323,Organic Strawberry Lowfat Yogurt Smoothie,yogurt,dairy eggs,792,0.6881,3,0.2017
24241,"Corn Thins, Organic, Sesame",chips pretzels,snacks,616,0.7045,2,0.2016
45036,Organic Half Tea & Half Lemonade,tea,beverages,1318,0.7337,6,0.2015
7922,Blueberry Sheep Milk Yogurt,yogurt,dairy eggs,538,0.6896,1,0.2015
10210,"Cherry, Dark Chocolate & Almond Granola bar",energy granola bars,snacks,592,0.7044,2,0.2015
40982,Organic Lavenberry Puree Level 2,baby food formula,babies,619,0.7044,2,0.2015
31315,Cobb Salad With Chicken & Bacon,prepared soups salads,deli,912,0.7018,4,0.2011
45343,Unsweetened Honeydew Essence Water,water seltzer sparkling water,beverages,733,0.6876,3,0.2011
32523,Extra Strong Dark Chocolate,candy chocolate,snacks,875,0.7017,4,0.2011
14221,Three Cheese Ravioli In Egg Pasta,fresh pasta,dry goods pasta,707,0.6874,3,0.201
5545,Cage Free Real Egg Product,eggs,dairy eggs,527,0.6888,1,0.2007
30385,Organic Free Range Grade A Large Brown Eggs,eggs,dairy eggs,2808,0.7468,8,0.2007
18048,"Pretzel \""Shells\""",chips pretzels,snacks,559,0.6887,1,0.2007
30975,Raspberry Lime Seltzer,water seltzer sparkling water,beverages,1091,0.7186,5,0.2006
43693,Whole Vitamin D Milk,milk,dairy eggs,4200,0.7769,9,0.2004
20914,Dairy Milk Fruit & Nut Chocolate Bar,candy chocolate,snacks,564,0.6879,1,0.1999
4947,Lafayette Butter Lettuce & Radicchio Salad Blend,packaged vegetables fruits,produce,1863,0.7359,7,0.1999
26364,"Kefir Cultured Milk Smoothie, Whole Milk, Sublime Slime Lime",yogurt,dairy eggs,2047,0.7357,7,0.1997
31651,Extra Fancy Unsalted Mixed Nuts,nuts seeds dried fruit,snacks,9709,0.8177,10,0.1995
5069,Danimals Strawberry Explosion & Strikin' Strawberry Kiwi Smoothies,yogurt,dairy eggs,1037,0.7175,5,0.1994
9405,Calcium Enriched 100% Lactose Free Fat Free Milk,soy lactosefree,dairy eggs,3147,0.7455,8,0.1994
1835,Caffeine Free Diet,soft drinks,beverages,601,0.7022,2,0.1993
4289,15 Calories Light Lemonade,refrigerated,beverages,1782,0.7351,7,0.1991
9363,Whole Wheat Challah,bread,bakery,514,0.6868,1,0.1987
37807,Small Walnut Levain Bread,bread,bakery,1115,0.7166,5,0.1985
39806,Medium La Vieja Salsa,fresh dips tapenades,deli,552,0.6866,1,0.1985
1393,Diet Lemon Tea,tea,beverages,643,0.7014,2,0.1985
28309,Gourmet Pizza Three Cheese Gluten Free,frozen pizza,frozen,2181,0.7345,7,0.1985
25832,Morning Rounds Muesli Fruit & Grain Buns,breakfast bakery,bakery,1919,0.7342,7,0.1982
11073,Diet Orange Diet CSD,soft drinks,beverages,1453,0.7302,6,0.1981
34295,Chocolate Frozen Desserts,ice cream ice,frozen,945,0.6984,4,0.1978
2187,Strawberry Milk,milk,dairy eggs,882,0.6984,4,0.1978
31282,Toddler Formula Iron Fortified Dairy Powder,baby food formula,babies,844,0.6979,4,0.1973
2108,Pastured Eggs,eggs,dairy eggs,976,0.6977,4,0.1971
37602,Mexican Coffee,coffee,beverages,670,0.7,2,0.1971
16703,4% Milkfat Large Curd Cottage Cheese,other creams cheeses,dairy eggs,663,0.6998,2,0.1969
22990,Organic Gracious Granola,granola,breakfast,1091,0.7149,5,0.1969
17223,Freshly made spaghetti tossed with meatballs in a seasoned tomato sauce Spaghetti with Meatballs,frozen meals,frozen,549,0.6849,1,0.1968
9346,"Organic Apple Cider Vinegar Drink, Concord Grape-Acai",juice nectars,beverages,656,0.6997,2,0.1968
41271,O'Soy Fruit on the Bottom Blueberry Organic Soy Yogurt,yogurt,dairy eggs,902,0.6973,4,0.1967
12935,Organic Pasture Raised Brown Eggs,eggs,dairy eggs,3693,0.7728,9,0.1963
49509,Gluten Free Classic Sourdough,bread,bakery,532,0.6842,1,0.1962
21158,Everything Bagel,breakfast bakery,bakery,1391,0.7283,6,0.1961
32403,Fat Free Skim Milk,milk,dairy eggs,9130,0.8142,10,0.196
8637,Diet Pepsi,soft drinks,beverages,828,0.6824,3,0.1959
36968,Organics Big Bird's Apple 100% Juice,juice nectars,beverages,1248,0.7139,5,0.1959
25852,Edamame,prepared soups salads,deli,1823,0.7318,7,0.1957
16182,Red Oak Leaf,packaged vegetables fruits,produce,569,0.6837,1,0.1956
5479,Italian Sparkling Mineral Water,water seltzer sparkling water,beverages,30937,0.8137,10,0.1955
38267,Vanilla Almond Creamer,soy lactosefree,dairy eggs,537,0.6834,1,0.1954
10125,Yokids Organic Strawberry Banana Lowfat Yogurt Squeeze,yogurt,dairy eggs,2366,0.7413,8,0.1952
26981,Bean & Rice Chips Nacho,chips pretzels,snacks,1990,0.7312,7,0.1951
22491,"Water, Unsweet, Blood Orange",water seltzer sparkling water,beverages,1012,0.6957,4,0.195
30274,Artesano Style Bread,bread,bakery,844,0.6955,4,0.1949
31395,Brownberry Country Buttermilk Sandwich Bread,bread,bakery,985,0.6954,4,0.1948
45051,Pub Mix,chips pretzels,snacks,4316,0.7713,9,0.1948
30881,Naturally Smoked Oysters in Pure Olive Oil,canned meat seafood,canned goods,828,0.6812,3,0.1947
12384,Organic Lactose Free 1% Lowfat Milk,soy lactosefree,dairy eggs,7569,0.8129,10,0.1947
1710,Kombucha Gingerade,refrigerated,beverages,1712,0.7307,7,0.1947
554,Turkey Chili,prepared soups salads,deli,1284,0.7266,6,0.1945
24024,1% Lowfat Milk,milk,dairy eggs,14231,0.8127,10,0.1944
38809,Lavender Lemonade,refrigerated,beverages,1026,0.7125,5,0.1944
4658,Imported Mineral Water,water seltzer sparkling water,beverages,3397,0.7404,8,0.1943
46149,Zero Calorie Cola,soft drinks,beverages,8558,0.8125,10,0.1942
14947,Pure Sparkling Water,water seltzer sparkling water,beverages,28884,0.8123,10,0.1941
19660,Spring Water,water seltzer sparkling water,beverages,56087,0.8123,10,0.194
6774,Brown Fertile Large Grade AA Eggs,eggs,dairy eggs,4419,0.7705,9,0.194
3431,Squeezed Lemonade,energy sports drinks,beverages,1087,0.7121,5,0.194
19820,Grassmilk 2% Reduced Fat Milk,milk,dairy eggs,5049,0.7704,9,0.1939
41582,Gravy Lovers Chicken Feast Can Cat Food,cat food care,pets,544,0.682,1,0.1939
15366,Blueberry Soy Yogurt,yogurt,dairy eggs,877,0.6944,4,0.1938
33682,Total 2% Greek Mixed Berries Yogurt,yogurt,dairy eggs,2714,0.7399,8,0.1938
28080,Sugar Free Italian Sweet Creme Coffee Creamer,cream,dairy eggs,952,0.6943,4,0.1937
16615,Zero Calories Berry Nutrient Enhanced Water,energy sports drinks,beverages,553,0.6817,1,0.1937
19611,Organic Spelt Pretzels,chips pretzels,snacks,1735,0.7297,7,0.1936
6347,Unsweetened Almond Milk,soy lactosefree,dairy eggs,6486,0.8117,10,0.1935
6962,Organic Whole Milk Plain Kefir,milk,dairy eggs,1538,0.7256,6,0.1935
19171,100% Lactose Free Organic 2% Reduced Fat Milk,milk,dairy eggs,1774,0.7294,7,0.1934
26047,Tuna Salad,prepared soups salads,deli,6044,0.7697,9,0.1932
1463,Organic Milk,milk,dairy eggs,27992,0.8114,10,0.1932
31933,Hemp Milk Non Dairy Beverage Original,soy lactosefree,dairy eggs,602,0.696,2,0.1931
39107,Onion Bagels,breakfast bakery,bakery,989,0.6936,4,0.193
32679,Original Plain Yoghurt,yogurt,dairy eggs,558,0.681,1,0.1929
1103,Hickory Smoked Turkey Breast,lunch meat,deli,2567,0.739,8,0.1929
10667,Imported Butter,butter,dairy eggs,739,0.6793,3,0.1928
4952,Unsweet Peach Water,water seltzer sparkling water,beverages,1781,0.7288,7,0.1928
14084,Organic Unsweetened Vanilla Almond Milk,soy lactosefree,dairy eggs,15935,0.811,10,0.1928
3765,Original Whole Fat Lactose Free Milk,soy lactosefree,dairy eggs,4964,0.7691,9,0.1926
17105,Oatmeal Original Unsweetened,frozen breakfast,frozen,501,0.6806,1,0.1926
20899,Goo Berry Pie Probugs Kefir,yogurt,dairy eggs,6187,0.769,9,0.1925
22900,Organic Acai Juice,juice nectars,beverages,650,0.6954,2,0.1925
20641,Pop Tarts Variety Pack,breakfast bars pastries,breakfast,630,0.6952,2,0.1923
42944,Organic Unsweetened Soy Milk Beverage,soy lactosefree,dairy eggs,2393,0.7384,8,0.1923
43234,Parmesan Cheese Crisps,chips pretzels,snacks,2200,0.7282,7,0.1921
38664,Peach Iced Tea,tea,beverages,812,0.6786,3,0.1921
9138,Lemon Italian Sparkling Mineral Water,water seltzer sparkling water,beverages,3300,0.7379,8,0.1918
38480,Organic Gluten Free Cranberry Crunch Bar,energy granola bars,snacks,1564,0.7238,6,0.1916
38490,Coconut Water Organic,refrigerated,beverages,1911,0.7274,7,0.1913
22242,Swirl Bread Cinnamon,bread,bakery,580,0.6793,1,0.1913
37349,Licorice,candy chocolate,snacks,760,0.6776,3,0.1912
9618,Wild Berry Sparkling Energy Water,energy sports drinks,beverages,1035,0.7092,5,0.1911
6948,Organic Original Almond Milk,soy lactosefree,dairy eggs,10060,0.8093,10,0.1911
48004,Danimals Strawberry Explosion Flavored Smoothie,yogurt,dairy eggs,3371,0.7372,8,0.1911
17027,Avocado Roll,prepared meals,deli,5885,0.7675,9,0.191
47329,Fresh Fruit Salad,prepared soups salads,deli,1481,0.7232,6,0.191
7026,"Sparkling Mineral Water, Natural Lemon Flavor",water seltzer sparkling water,beverages,2099,0.727,7,0.191
1104,Plain Yogurt,yogurt,dairy eggs,1079,0.709,5,0.1909
48907,Garden Salad Mix,packaged vegetables fruits,produce,1339,0.7229,6,0.1908
13949,Organic Extra Large Omega 3 Grade AA Eggs,eggs,dairy eggs,852,0.6913,4,0.1907
27951,Cream On Top Vanilla Organic Yogurt,yogurt,dairy eggs,868,0.6912,4,0.1906
35193,"Post Selects Great Grains Cereal Raisins, Dates and Pecans",cereal,breakfast,501,0.6786,1,0.1906
25387,Base Cookie Dough Protein Bar,energy granola bars,snacks,771,0.677,3,0.1906
14874,Organic Eggs Large,eggs,dairy eggs,3860,0.7668,9,0.1903
38978,Angus Cheeseburgers,frozen meat seafood,frozen,616,0.6932,2,0.1903
41315,Organic Handmade Granola,granola,breakfast,572,0.6783,1,0.1903
31103,Greek Yogurt Style Honey Strawberry,yogurt,dairy eggs,733,0.6767,3,0.1902
27477,Boudin Sliced Sourdough Round,bread,bakery,547,0.6782,1,0.1902
36493,Zero Calorie Half Green Tea & Half Lemonade,tea,beverages,773,0.6766,3,0.1901
5351,Smoked Whitefish Salad,prepared soups salads,deli,525,0.6781,1,0.19
3585,Exposed Pulp and Juice Original Aloe Vera + Honey,refrigerated,beverages,921,0.6906,4,0.1899
39657,Milk Chocolate Almonds,candy chocolate,snacks,5019,0.7663,9,0.1898
29071,Gourmet Pizza Nut-Free Pesto Gluten Free,frozen pizza,frozen,875,0.6903,4,0.1897
29045,Organic Hibiscus Berry Sparkling Probiotic Drink,refrigerated,beverages,1129,0.7077,5,0.1897
15221,2% Milk,milk,dairy eggs,1669,0.7256,7,0.1895
18606,Moroccan Mint Green Tea,tea,beverages,3123,0.7355,8,0.1894
13029,Ready Pac Salad Santa Fe Caesar Bowls,prepared soups salads,deli,805,0.6758,3,0.1893
46620,Cage Free Extra Large Grade AA Eggs,eggs,dairy eggs,1073,0.7074,5,0.1893
4029,"Organic Corn Thins, Original",chips pretzels,snacks,1572,0.7214,6,0.1892
39276,Bananas,fresh fruits,produce,5140,0.7656,9,0.1891
22754,Butter Top White Bread,bread,bakery,1560,0.7212,6,0.189
42078,Zero Coke Soda Mini Bottles,soft drinks,beverages,905,0.6895,4,0.1889
21169,Chile Picante Plantain Chips,chips pretzels,snacks,560,0.6768,1,0.1887
17530,Unsweetened Watermelon Water,water seltzer sparkling water,beverages,4142,0.7651,9,0.1886
28859,Sesame Seaweed Rice Chips,chips pretzels,snacks,538,0.6766,1,0.1885
23953,Cream on Top Strawberry Organic Yogurt,yogurt,dairy eggs,1111,0.7066,5,0.1885
889,Oatnut Bread,bread,bakery,812,0.6749,3,0.1884
4989,Organic Raspberry Passion Chia Beverage,refrigerated,beverages,775,0.6748,3,0.1884
30121,Peach & Mango Soy Yogurt,yogurt,dairy eggs,1158,0.7064,5,0.1883
30219,Lactose Free Blueberry Yogurt,yogurt,dairy eggs,1280,0.7203,6,0.1882
16142,Salted Pretzel Sticks,chips pretzels,snacks,756,0.6746,3,0.1881
13596,Unsweet Pineapple Water,water seltzer sparkling water,beverages,771,0.6744,3,0.188
28066,Double Espresso Cold Brew Coffee,coffee,beverages,820,0.6744,3,0.1879
37754,Organic Blended Raspberry Whole Milk Greek Yogurt,yogurt,dairy eggs,2598,0.734,8,0.1879
32,Nacho Cheese White Bean Chips,chips pretzels,snacks,543,0.6759,1,0.1878
33572,Lactose Free 2% Reduced Fat Milk,soy lactosefree,dairy eggs,7114,0.806,10,0.1878
13045,Potato Chips Sea Salt & Vinegar,chips pretzels,snacks,1030,0.7058,5,0.1878
37980,Madeleines,cookies cakes,snacks,653,0.6907,2,0.1877
35406,All Natural Peach Tea Bottles,tea,beverages,712,0.6742,3,0.1877
35942,Mojo Peanut Butter Bar,energy granola bars,snacks,672,0.6905,2,0.1876
17915,Bread Co Pain Au Levain,bread,bakery,2771,0.7337,8,0.1876
5785,Organic Reduced Fat 2% Milk,milk,dairy eggs,47839,0.8057,10,0.1875
5262,Brown Extra Large Grade AA Eggs,eggs,dairy eggs,2206,0.7235,7,0.1874
35958,Dairy Free Original Coconutmilk Coffee Creamer,soy lactosefree,dairy eggs,1789,0.7233,7,0.1873
45448,Peanut Butter Protein Replenishment Macrobar,energy granola bars,snacks,1550,0.7194,6,0.1872
33370,Total with Strawberry Yogurt,yogurt,dairy eggs,2157,0.7232,7,0.1872
47441,"Extra Dry Ginger Ale, Lightly Sweetened",soft drinks,beverages,690,0.6899,2,0.1869
34209,Three Cheese Tortellini,dry pasta,dry goods pasta,744,0.6734,3,0.1869
44980,The Original Multi Grain Bread,bread,bakery,2077,0.7227,7,0.1866
38322,Oil Free Original Hummus,fresh dips tapenades,deli,1069,0.7044,5,0.1863
10070,Organic 1% Low Fat Milk,milk,dairy eggs,12121,0.8044,10,0.1862
34428,Orange Slices,packaged vegetables fruits,produce,684,0.6886,2,0.1857
19209,"Onion Bagels, 6 Pre-Sliced,",breakfast bakery,bakery,579,0.6736,1,0.1855
28221,Sliced Blueberry Bagels,breakfast bakery,bakery,1268,0.7035,5,0.1854
48186,Lactose Free Half & Half,cream,dairy eggs,4153,0.7619,9,0.1854
22123,1% Low Fat Chocolate Milk,milk,dairy eggs,1193,0.7033,5,0.1852
11707,Peanut Butter Chocolate Chip Macrobar,energy granola bars,snacks,3052,0.7313,8,0.1852
7139,Sooo Good Light Roast Coffee,coffee,beverages,1355,0.7173,6,0.1852
13541,100% Whole Wheat Bagels,breakfast bakery,bakery,2741,0.7311,8,0.185
6522,Vanilla Soymilk,soy lactosefree,dairy eggs,951,0.6856,4,0.185
48453,"Water, Unsweet, Crisp Apple",water seltzer sparkling water,beverages,1421,0.7171,6,0.185
44820,Medium Roast Coffee,coffee,beverages,663,0.6878,2,0.1849
36869,O'Soy Smooth & Creamy Vanilla Organic Soy Yogurt,yogurt,dairy eggs,1445,0.717,6,0.1848
5463,Original Oat Bar,energy granola bars,snacks,806,0.6712,3,0.1848
41148,Hard Cooked Eggs,eggs,dairy eggs,2831,0.7308,8,0.1847
42507,Organic SprouTofu Medium Soft Tofu,tofu meat alternatives,deli,827,0.6711,3,0.1846
3896,Organic Honey Sweet Whole Wheat Bread,bread,bakery,11705,0.8027,10,0.1845
14150,"Deli Slices, Bologna Style",tofu meat alternatives,deli,814,0.6708,3,0.1843
8528,Flax Plus Red Berry Crunch Cereal,cereal,breakfast,914,0.6849,4,0.1843
49318,Grapefruit Sparkling Energy Water,energy sports drinks,beverages,1389,0.7163,6,0.1842
35112,Organic Mashups Strawberry Banana,canned fruit applesauce,canned goods,607,0.687,2,0.1841
10337,UDI'S GLUTEN FREE WHOLE GRAIN BREAD,bread,bakery,1561,0.7162,6,0.1841
37919,Organic 2% Chocolate Milk,milk,dairy eggs,3087,0.7302,8,0.1841
4097,Whole Grain Loaf,bread,bakery,2885,0.73,8,0.1839
34702,Nesquik Low Fat Chocolate Milk,milk,dairy eggs,680,0.6868,2,0.1839
19261,Rocky Mountain Sourdough Bread,bread,bakery,3309,0.7298,8,0.1837
42300,Organic Vitality Snack Chia Squeeze Blackberry Bliss,nuts seeds dried fruit,snacks,1933,0.7196,7,0.1836
1379,VitaTops Deep Chocolate Muffin Tops,frozen breakfast,frozen,797,0.67,3,0.1836
29574,Tempt Unsweetened Vanilla Hemp Milk,soy lactosefree,dairy eggs,1903,0.7194,7,0.1833
37665,"Splits\"" Pretzels Original",chips pretzels,snacks,563,0.6714,1,0.1833
30388,Organic Forest Berry Cream On Top Whole Milk Yogurt,yogurt,dairy eggs,650,0.6862,2,0.1832
8898,Little Bites Chocolate Chip Muffins,cookies cakes,snacks,2420,0.7293,8,0.1832
94,Organic Blueberry Blitz Fruit & Veggie Smoothie Mashups,baby food formula,babies,879,0.6837,4,0.1831
6375,High Protein Bar Creamy Peanut Butter,energy granola bars,snacks,817,0.6695,3,0.1831
27033,Microwave Ready Original Bacon,hot dogs bacon sausage,meat seafood,723,0.6694,3,0.183
43209,Large Eggs,eggs,dairy eggs,2745,0.729,8,0.1829
16241,Peanut Butter Chocolate Chip Meal Bar,energy granola bars,snacks,804,0.6692,3,0.1827
10831,Yobaby Organic Plain Yogurt,yogurt,dairy eggs,8337,0.8009,10,0.1827
25879,Organic Whole Milk Strawberry Kefir,milk,dairy eggs,972,0.6831,4,0.1825
41793,Mini Chocolate Chunk Cookies,cookies cakes,snacks,3202,0.7286,8,0.1825
46955,Organic Mountain Berry Spinach,fruit vegetable snacks,snacks,588,0.6854,2,0.1825
5564,Original Unsweetened Dairy-Free Beverage,soy lactosefree,dairy eggs,1222,0.7005,5,0.1824
25570,Eggo Strawberry Waffles,frozen breakfast,frozen,683,0.6852,2,0.1823
15081,"Eggs, Organic, Pasture-Raised, Large",eggs,dairy eggs,1074,0.7002,5,0.1821
17864,Mack's Flax Sprouted Whole Grain Bread,bread,bakery,573,0.6702,1,0.1821
30494,Organic Mango Slices,nuts seeds dried fruit,snacks,2777,0.7281,8,0.182
2164,"Waffles, Sweet Belgian, Vanilla",frozen breakfast,frozen,1434,0.7141,6,0.1819
47272,Antioxidant Infusions Beverage Malawi Mango,refrigerated,beverages,644,0.6848,2,0.1819
31236,Premium Soft Pretzel Bites,chips pretzels,snacks,644,0.6848,2,0.1819
16747,Original Movie Theater Popcorn,popcorn jerky,snacks,1052,0.6996,5,0.1816
20802,for Tots Apple Juice,juice nectars,beverages,780,0.6679,3,0.1815
32420,Organic 1% Milkfat Lowfat Chocolate Milk,milk,dairy eggs,611,0.6841,2,0.1812
25108,Dairy Free Soy Strawberry Alternative,yogurt,dairy eggs,1015,0.6818,4,0.1812
17976,Dry Roasted Macadamias with Sea Salt,nuts seeds dried fruit,snacks,971,0.6818,4,0.1812
35956,Fancy Feast Wet Classic Chicken Feast Cat Food,cat food care,pets,917,0.6816,4,0.181
28054,Roasted Red Pepper Hummus With Chips,fresh dips tapenades,deli,863,0.6813,4,0.1807
10084,Classic Tender Beef Feast Cat Food,cat food care,pets,648,0.6836,2,0.1807
23079,Cheddar Quinoa Chips,chips pretzels,snacks,703,0.6671,3,0.1807
38683,Organic Apple Cider Vinegar Ginger Spice All Natural Drink,juice nectars,beverages,994,0.6811,4,0.1805
329,Organic Whole Grassmilk Milk,milk,dairy eggs,15459,0.7986,10,0.1803
22416,O'Soy Fruit on the Bottom Strawberry Organic Soy Yogurt,yogurt,dairy eggs,1031,0.6984,5,0.1803
9583,Brass Tacks Blend Whole Bean Coffee,coffee,beverages,987,0.6809,4,0.1802
5112,Danimals Swingin' Strawberry Banana Smoothie,yogurt,dairy eggs,759,0.6667,3,0.1802
38818,Slim Can Cola,soft drinks,beverages,711,0.6667,3,0.1802
16668,Bamba Peanut Snack,kosher foods,international,618,0.6828,2,0.1799
6852,4% Milkfat Cottage Cheese Small Curd 22 OZ,other creams cheeses,dairy eggs,551,0.6679,1,0.1798
14437,Total Greek Yogurt With Honey,yogurt,dairy eggs,1562,0.7119,6,0.1798
25472,Sparkling Tangerine Probiotic Drink,yogurt,dairy eggs,1440,0.7118,6,0.1797
3819,Organic Mocha Coffee Concentrate,coffee,beverages,1655,0.7118,6,0.1796
25362,Green Tea Peach,tea,beverages,1010,0.6802,4,0.1796
9913,Garden Vegetable Salad Roll,prepared meals,deli,1540,0.7117,6,0.1796
10753,Peanut Butter Bar,energy granola bars,snacks,5345,0.756,9,0.1795
22832,Unsweetened Pomegranate Essence Water,water seltzer sparkling water,beverages,1304,0.7117,6,0.1795
2962,"Milk, Reduced Fat, 2% Milkfat",milk,dairy eggs,7558,0.7977,10,0.1795
16466,Organic Amaze Mint Baby Food,baby food formula,babies,598,0.6823,2,0.1794
30597,French Vanilla Coffee Creamer,cream,dairy eggs,2990,0.7254,8,0.1793
29820,Blueberry English Tea Scones,breakfast bakery,bakery,1229,0.6973,5,0.1793
20144,Organic Pack Peasant Bread,bread,bakery,2110,0.7152,7,0.1791
29126,Organic Strawberry Chia Lowfat 2% Cottage Cheese,other creams cheeses,dairy eggs,1168,0.6969,5,0.1789
45687,Diet Cranberry Fruit Juice,juice nectars,beverages,1181,0.6969,5,0.1788
5120,Organic Vanilla Soymilk,soy lactosefree,dairy eggs,5294,0.7552,9,0.1787
6374,Cat Treats Temptations Seafood Medley,cat food care,pets,510,0.6667,1,0.1786
24269,Mixed Berry Sports Drink,energy sports drinks,beverages,1114,0.6966,5,0.1785
16070,Organic Elmo Noodlemania Soup,soup broth bouillon,canned goods,922,0.679,4,0.1784
47209,Organic Hass Avocado,fresh fruits,produce,213584,0.7966,10,0.1783
519,Antioxidant Infusions Brasilia Blueberry,refrigerated,beverages,953,0.6789,4,0.1783
32566,Dha Omega 3 Vitamin D Milk,milk,dairy eggs,7751,0.7964,10,0.1782
43643,Organic Strawana Probugs Kefir,yogurt,dairy eggs,6318,0.7547,9,0.1782
41363,Tofu Spring Roll,prepared meals,deli,1315,0.7103,6,0.1781
34789,Light Vanilla Soymilk,soy lactosefree,dairy eggs,1850,0.7141,7,0.178
29262,Red Rhapsody  Fruit Smoothie Blend,juice nectars,beverages,506,0.666,1,0.178
15258,Protein Chewy Bar Peanut Butter Dark Chocolate Bars,fruit vegetable snacks,snacks,503,0.666,1,0.1779
6361,Soft Potato Bread,bread,bakery,3721,0.7544,9,0.1779
19208,Gluten Free Multigrain Bread,bread,bakery,2258,0.7139,7,0.1779
47031,Kentucky Straight Bourbon Whiskey,spirits,alcohol,880,0.6784,4,0.1778
36764,Organic Cold-Pressed Orange Juice,refrigerated,beverages,1658,0.7099,6,0.1778
10258,Pistachios,nuts seeds dried fruit,snacks,1946,0.7138,7,0.1777
27388,Lunchable Extra Cheesy Pizza,lunch meat,deli,1001,0.6783,4,0.1777
14127,Tesora Medium Roast,coffee,beverages,2692,0.7236,8,0.1775
31422,100% Orange Juice,refrigerated,beverages,2337,0.7236,8,0.1775
23362,Toastable Apple Cinnamon Fruit & Grain Buns,breakfast bakery,bakery,1477,0.7095,6,0.1774
31100,ProBugs Whole Milk Kefir Orange Creamy Crawler,yogurt,dairy eggs,2733,0.7234,8,0.1773
11888,Chickpea Salad,prepared soups salads,deli,981,0.6779,4,0.1773
7303,Unsweet Blackberry Sparkling Water,water seltzer sparkling water,beverages,594,0.6801,2,0.1772
21144,Grab & Go Classic Hummus With Pretzel Crisps,chips pretzels,snacks,647,0.6801,2,0.1772
49217,Persian (Armenian) Cucumber,fresh vegetables,produce,1684,0.7132,7,0.1771
40541,Sparkling Probiotic Drink Mojita Lime Mint Coconut,refrigerated,beverages,2446,0.7232,8,0.1771
36216,Lime Italian Sparkling Mineral Water,water seltzer sparkling water,beverages,3809,0.7535,9,0.177
47196,Snack Pack Classic Original Hommus With Chips,fresh dips tapenades,deli,1669,0.713,7,0.177
2770,Brownberry Natural Wheat Bread,bread,bakery,2216,0.713,7,0.177
8197,PlusShot Blueberry Acai Probiotic Juice Drink,refrigerated,beverages,1650,0.7091,6,0.177
17459,Roasted Seaweed Snack,fruit vegetable snacks,snacks,911,0.6773,4,0.1767
15712,Organic Traditional Plain Kefir,yogurt,dairy eggs,1198,0.6945,5,0.1764
32134,Lactose Free Plain Kefir,yogurt,dairy eggs,3313,0.7223,8,0.1762
49508,Antioxidant Infusions Costa Rica Clementine,refrigerated,beverages,741,0.6626,3,0.1762
16768,100% Lactose Free Reduced Fat Calcium Enriched Milk,soy lactosefree,dairy eggs,3250,0.7222,8,0.176
15541,Original Almondmilk,soy lactosefree,dairy eggs,4554,0.7525,9,0.176
4793,Wild Berry Smoothie,yogurt,dairy eggs,8043,0.7942,10,0.176
8695,Hot! Jalapeno Potato Chips,chips pretzels,snacks,506,0.664,1,0.176
4809,Greek Whole Milk Blended Blueberry Yogurt,yogurt,dairy eggs,2648,0.7221,8,0.1759
33031,Organic Coconut Covered in Dark Chocolate Candy Bar,candy chocolate,snacks,635,0.6787,2,0.1758
11821,Organic Milk Whole,milk,dairy eggs,1311,0.7079,6,0.1757
13425,Blueberry Bliss Luna Bar,energy granola bars,snacks,675,0.6785,2,0.1756
29672,Lactose Free Low Fat Vanilla Yogurt,yogurt,dairy eggs,2174,0.7116,7,0.1755
17766,Grain Free Turkey Formula Cat Food,cat food care,pets,883,0.6761,4,0.1755
45223,Just Green Unsweetened Tea,tea,beverages,3633,0.752,9,0.1755
20392,Hair Bender Whole Bean Coffee,coffee,beverages,2546,0.7215,8,0.1754
27790,Small Curd Lowfat 2% Milkfat Cottage Cheese,other creams cheeses,dairy eggs,2397,0.7213,8,0.1752
7076,Grain Free Chicken Formula Cat Food,cat food care,pets,1825,0.7112,7,0.1752
7570,Original Cafe Mix Granola,granola,breakfast,768,0.6615,3,0.175
1511,2% Reduced Fat DHA Omega-3 Reduced Fat Milk,milk,dairy eggs,13397,0.7932,10,0.1749
6585,100% Pure Organic Apple Juice,juice nectars,beverages,1515,0.7069,6,0.1748
37173,Light Sea Salt Plentils,chips pretzels,snacks,1474,0.7069,6,0.1748
18765,Santa Fe Barbecue Rice Chips MWO Rice Chips,chips pretzels,snacks,1470,0.7068,6,0.1747
45446,"Yogurt, Organic, Lowfat, Strawberry",yogurt,dairy eggs,893,0.6753,4,0.1746
14227,Honey Nut Dream Granola,granola,breakfast,504,0.6627,1,0.1746
20379,Organic Free Range Large Grade A Brown Eggs,eggs,dairy eggs,973,0.6752,4,0.1746
15273,Organic Jumbo Grade A Pastured Eggs,eggs,dairy eggs,1197,0.6926,5,0.1745
25965,Santa Fe Fiesta Salad,prepared soups salads,deli,2373,0.7206,8,0.1745
29837,Of Maine Fresh Frozen Wild Blueberries,frozen produce,frozen,2076,0.7105,7,0.1745
22594,Quattro Formaggi Four Cheeses Pizza,prepared meals,deli,2586,0.7204,8,0.1743
20916,Original Sparkling Mountain Spring Water,water seltzer sparkling water,beverages,641,0.6771,2,0.1742
13798,French Roast Organic Whole Bean Coffee,coffee,beverages,996,0.6747,4,0.1741
33303,Organic Hummus,packaged vegetables fruits,produce,4236,0.7505,9,0.174
36258,Super Fruit Punch Organic Juice Drink,juice nectars,beverages,891,0.6745,4,0.1739
48577,Cream Top Smooth Coffee Yogurt,yogurt,dairy eggs,1706,0.7098,7,0.1738
26309,Cold Pressed Watermelon Juice,juice nectars,beverages,1113,0.6918,5,0.1738
5535,Large Brown Free Range Eggs Grade A,eggs,dairy eggs,2470,0.7198,8,0.1737
42347,Caffeine Free Diet Cola All Natural Soda,soft drinks,beverages,1506,0.7058,6,0.1737
26278,Organic Mashups Mixed Berry,baby food formula,babies,1577,0.7058,6,0.1736
30962,Vanilla Greek Yogurt 0% Fat,yogurt,dairy eggs,3079,0.7197,8,0.1736
34199,Sonoma Organic Wraps Multigrain Tortillas With Flax,tortillas flat bread,bakery,853,0.6741,4,0.1735
18070,Sparkling Probiotic Drink Strawberry Acai Coconut,refrigerated,beverages,1914,0.7095,7,0.1735
15518,Uncured Canadian Bacon Breakfast Burrito,frozen breakfast,frozen,517,0.6615,1,0.1735
3044,Original 100% Pure No Pulp Orange Juice,refrigerated,beverages,1669,0.7094,7,0.1734
14289,All Natural Half Lemon Aid & Half Iced Tea,refrigerated,beverages,564,0.6613,1,0.1733
9075,Zero Rise Orange,energy sports drinks,beverages,1030,0.6913,5,0.1732
24846,Sweet & Fruity Cranberry Granola,granola,breakfast,711,0.6596,3,0.1732
31459,Sprouted Seven-Grain Bread,bread,bakery,608,0.676,2,0.1731
24177,Total 2% Yogurt Key Lime,yogurt,dairy eggs,2520,0.719,8,0.1729
29689,Garden Veggie Straws Sea Salt,fruit vegetable snacks,snacks,731,0.6594,3,0.1729
45303,Naturally Alkaline Spring Water,water seltzer sparkling water,beverages,1142,0.6909,5,0.1728
5640,Vanilla Soy Creamer,soy lactosefree,dairy eggs,4000,0.7492,9,0.1727
15604,Fat Free Plain Yogurt,yogurt,dairy eggs,2763,0.7188,8,0.1727
1377,Organic Lactose Free Strawberry Yogurt,yogurt,dairy eggs,1368,0.7047,6,0.1725
4232,"Ambrosia, Medium Roast",coffee,beverages,1270,0.6906,5,0.1725
25817,Zero Calorie Grape Soda,soft drinks,beverages,1625,0.7046,6,0.1725
31981,1% Low Fat Milk,milk,dairy eggs,8621,0.7906,10,0.1724
18818,Unsweetened Organic Soy Milk,soy lactosefree,dairy eggs,1756,0.7084,7,0.1724
44799,Fresh CA Grown Eggs,eggs,dairy eggs,10260,0.7905,10,0.1723
23102,Organic 1% Milk,milk,dairy eggs,4887,0.7487,9,0.1722
7350,Natural Lime Flavor Sparkling Mineral Water,water seltzer sparkling water,beverages,3518,0.7487,9,0.1722
24884,"Kettle Chips, Avocado Oil, Sea Salt",chips pretzels,snacks,929,0.6728,4,0.1722
19934,Fat Free Smooth & Creamy Plain Organic Yogurt,yogurt,dairy eggs,987,0.6727,4,0.1721
15487,Raspberry English Tea Scones,breakfast bakery,bakery,597,0.675,2,0.1721
17769,Diet Caffeine Free Naturally Flavored Lemon Lime Soda,soft drinks,beverages,1268,0.6901,5,0.172
7521,New Orleans Iced Coffee,coffee,beverages,7011,0.7902,10,0.172
42307,Organic Reduced Fat 2% Cottage Cheese,other creams cheeses,dairy eggs,2188,0.708,7,0.1719
34519,Simply 100® Blueberry Blended Non-Fat Greek Yogurt,yogurt,dairy eggs,1032,0.6899,5,0.1719
2019,Sparkling Grapefruit Seltzer,water seltzer sparkling water,beverages,664,0.6747,2,0.1718
32740,Cold-Brew Black Coffee,coffee,beverages,5701,0.7483,9,0.1718
43721,Wint-O-Green,mint gum,snacks,1550,0.7039,6,0.1717
36676,Organic Plain Nonfat Yogurt,yogurt,dairy eggs,1506,0.7039,6,0.1717
24706,Organic Apple Sauce + Fruit & Veggie Carroty Chop Mashups,fruit vegetable snacks,snacks,854,0.6721,4,0.1715
14376,Fiesta Lime Rice Chips,chips pretzels,snacks,1000,0.672,4,0.1714
40997,Lemon Sparkling Mountain Spring Water,water seltzer sparkling water,beverages,1718,0.7072,7,0.1712
47438,Pineapple Cottage Doubles,other creams cheeses,dairy eggs,629,0.6741,2,0.1712
5653,Chicken Curry Salad,prepared soups salads,deli,990,0.6717,4,0.1711
14470,Strawberry Probiotic Dairy Drink,digestion,personal care,566,0.659,1,0.171
19022,Sharing Gratitude Kombucha,refrigerated,beverages,516,0.6589,1,0.1709
1406,Vegan Nutritional Shake Sweet Vanilla Bean,protein meal replacements,personal care,1083,0.6888,5,0.1708
38817,Sugarfree,energy sports drinks,beverages,1639,0.7029,6,0.1707
5805,Stage 2 Chicken Casserole with Vegetables & Rice Organic Baby Food,baby food formula,babies,542,0.6587,1,0.1706
5808,Turkey Pastrami,prepared meals,deli,900,0.6711,4,0.1705
36117,Soft 10 Grain Bread,bread,bakery,2611,0.7166,8,0.1705
35213,Organic Blues Bread with Blue Cornmeal Crust,bread,bakery,2068,0.7065,7,0.1704
36624,2% Milkfat Greek Yogurt Key Lime Blended,yogurt,dairy eggs,807,0.6568,3,0.1703
1879,Seedlander Crispbreads,tortillas flat bread,bakery,772,0.6567,3,0.1703
3957,100% Raw Coconut Water,refrigerated,beverages,37973,0.7884,10,0.1702
47585,Chocolate Builder's Protein Bar,energy granola bars,snacks,969,0.6708,4,0.1702
32263,Lowfat Peach Yogurt,yogurt,dairy eggs,972,0.6708,4,0.1702
32915,Honey Turkey,lunch meat,deli,1535,0.7023,6,0.1701
41276,Energy Drink,energy sports drinks,beverages,6461,0.7466,9,0.1701
36691,Purified Drinking Water,water seltzer sparkling water,beverages,2343,0.7162,8,0.1701
34044,Organic Orange Juice with Pulp,refrigerated,beverages,1644,0.7019,6,0.1698
16436,Grilled Tuna Feast in Gravy Cat Food,cat food care,pets,672,0.6726,2,0.1697
35784,Lemon Sparkling Natural Spring Water,water seltzer sparkling water,beverages,1076,0.6877,5,0.1697
17207,Non Fat Greek Yogurt,yogurt,dairy eggs,4148,0.7461,9,0.1696
35914,Dha Omega 3 Reduced Fat 2% Milk,milk,dairy eggs,10148,0.7878,10,0.1696
12395,Plain Goat Milk Yogurt,yogurt,dairy eggs,4778,0.7459,9,0.1694
18023,Organic Coconut Water,water seltzer sparkling water,beverages,5474,0.7459,9,0.1694
16757,Barista Blend Pure Almond Milk,cream,dairy eggs,3201,0.7154,8,0.1693
43406,Roasted Seaweed Snacks,asian foods,international,2202,0.7053,7,0.1692
35585,Crispy Rice Dark Chocolate Bar,candy chocolate,snacks,689,0.672,2,0.1691
42392,Mozzarella di Bufala Campana,packaged cheese,dairy eggs,996,0.6697,4,0.1691
14833,Sweet Rejuvenation Cashew Butter Macrobar,energy granola bars,snacks,1482,0.7011,6,0.1689
38440,Lindor Truffles,candy chocolate,snacks,766,0.6554,3,0.1689
12316,Hazelnut Gourmet Coffee Creamer,cream,dairy eggs,583,0.6569,1,0.1689
23219,Nutz Over Chocolate,energy granola bars,snacks,3042,0.715,8,0.1689
41806,Organic Greek Whole Milk Blended Strawberry Yogurt,yogurt,dairy eggs,4206,0.7451,9,0.1686
11689,On the Go Low Fat Cottage Cheese,other creams cheeses,dairy eggs,639,0.6714,2,0.1685
10130,Apple Cider Vinegar & Limeade Drink,juice nectars,beverages,515,0.6563,1,0.1683
34915,Oikos Fat Free Vanilla Greek Yogurt,yogurt,dairy eggs,1288,0.7003,6,0.1682
788,XXX Acai Blueberry Pomegranate,energy sports drinks,beverages,623,0.6709,2,0.168
49112,Lowfat Vanilla Milk,milk,dairy eggs,1035,0.686,5,0.1679
19977,Light & Fit Greek Cherry Yogurt,yogurt,dairy eggs,887,0.6685,4,0.1679
48415,Big California Sourdough Bread,bread,bakery,1860,0.7038,7,0.1677
10761,Organic Yokids Lemonade/Blueberry Variety Pack Yogurt Squeezers Tubes,yogurt,dairy eggs,6359,0.7441,9,0.1676
15251,Nut & Spices Bar Dark Chocolate Almond Mint,energy granola bars,snacks,551,0.6552,1,0.1671
41890,Organic Mesa Sunrise Cereal,cereal,breakfast,1949,0.7029,7,0.1669
26376,Shrimp Spring Roll,prepared meals,deli,842,0.6675,4,0.1669
41515,Chocolate Coconut Meal Bar,energy granola bars,snacks,559,0.6547,1,0.1667
14446,Pure Premium Low Acid Orange Juice,refrigerated,beverages,886,0.667,4,0.1664
2240,Eggo Nutri-Grain Blueberry Waffles,frozen breakfast,frozen,1689,0.7022,7,0.1661
37774,Artesian Sparkling Water,water seltzer sparkling water,beverages,1779,0.7021,7,0.166
28823,Original Chicken Breast Nuggets,packaged poultry,meat seafood,503,0.6541,1,0.166
14999,Grade A Large Brown Eggs,eggs,dairy eggs,6388,0.7425,9,0.166
27470,Organic Kale Chips,chips pretzels,snacks,1152,0.684,5,0.166
44714,Mint & Dark Chocolate,candy chocolate,snacks,500,0.654,1,0.1659
43645,"Eggs, Hard-Boiled",eggs,dairy eggs,722,0.6524,3,0.1659
20269,Chocolate Peanut Butter Builder's Bar,protein meal replacements,personal care,646,0.6687,2,0.1658
17630,YoKids Squeeze! Organic Strawberry Flavor Yogurt,yogurt,dairy eggs,6807,0.784,10,0.1658
41453,Eggo Buttermilk Pancakes,frozen breakfast,frozen,1744,0.7018,7,0.1658
34483,Diet Cherry Soda,soft drinks,beverages,974,0.6663,4,0.1657
8017,Sesame Street Big Bird's 100% Apple Juice,juice nectars,beverages,950,0.6663,4,0.1657
39721,Organic Grapefruit Juice,refrigerated,beverages,1574,0.6976,6,0.1654
29180,Tuscan Kale & Quinoa Salad,prepared soups salads,deli,2527,0.7115,8,0.1654
4473,Organic Sprouted Whole Grain Bread,bread,bakery,528,0.6534,1,0.1654
1811,Soft Honey Whole Wheat Bread,bread,bakery,718,0.6518,3,0.1654
8571,Baby Cucumbers,packaged produce,produce,14399,0.7835,10,0.1653
42972,Natural Pure Sparkling Water,water seltzer sparkling water,beverages,3633,0.7415,9,0.165
27608,Organic Free Range Large Brown Grade A Eggs,eggs,dairy eggs,1390,0.6971,6,0.165
29013,Gluten Free Cracked Pepper And Salt Crackers,crackers,snacks,587,0.6678,2,0.1649
4533,Butternut Squash Souffle,frozen meals,frozen,803,0.6513,3,0.1648
7170,Dark Magic Extra Bold Dark Roast Coffee K Cups,coffee,beverages,653,0.6677,2,0.1648
7393,Santa Cruz Sourdough,bread,bakery,711,0.6512,3,0.1647
27592,Smart Puffs Baked Cheese Puffs Real Cheddar,chips pretzels,snacks,689,0.6676,2,0.1647
8843,Milk Chocolate Covered Raisins,candy chocolate,snacks,2769,0.7107,8,0.1646
29616,Direct Trade Black Cat Classic Espresso Roast Whole Bean Coffee,coffee,beverages,1516,0.6966,6,0.1644
39529,Fuel High Chocolate Protein Shake,protein meal replacements,personal care,515,0.6524,1,0.1644
37710,Trail Mix,trail mix snack mix,snacks,12068,0.7825,10,0.1643
12427,Original Beef Jerky,popcorn jerky,snacks,6476,0.7407,9,0.1642
27949,Avocado Oil Canyon Cut Kettle Cooked Potato Chips Sea Salt,chips pretzels,snacks,1196,0.6823,5,0.1642
22367,Total 0% Cherry Nonfat Yogurt,yogurt,dairy eggs,3013,0.7103,8,0.1642
15707,"Peter Rabbit Organics Mango, Banana and Orange Puree",baby food formula,babies,704,0.6506,3,0.1641
45603,Trilogy Kombucha Drink,refrigerated,beverages,16791,0.7823,10,0.164
49192,Holler Mountain Organic Coffee,coffee,beverages,3060,0.7101,8,0.164
7212,Organic Quinoa Fusilli Pasta Gluten Free,dry pasta,dry goods pasta,812,0.6502,3,0.1638
1688,Sea Salted Reduced Fat Potato Chips,chips pretzels,snacks,1100,0.6818,5,0.1638
22624,Envy Apple,fresh fruits,produce,606,0.6667,2,0.1638
19953,Pink Grapefruit,water seltzer sparkling water,beverages,1476,0.6958,6,0.1637
25133,Organic String Cheese,packaged cheese,dairy eggs,6196,0.7402,9,0.1637
13351,Total 0% Peach Yogurt,yogurt,dairy eggs,3686,0.7401,9,0.1636
29996,"Bread, Sprouted Grain & Seed Loaf, Genesis 1:29",bread,bakery,1285,0.6957,6,0.1636
48086,Black Forest Ham,lunch meat,deli,2678,0.7095,8,0.1634
13841,Caffe Verona Dark Keurig Brewed K-Cups Ground Coffee,coffee,beverages,632,0.6661,2,0.1632
5487,Unsweetened Strawberry Kiwi Water,water seltzer sparkling water,beverages,1661,0.6954,6,0.1632
49235,Organic Half & Half,cream,dairy eggs,76360,0.7815,10,0.1632
8103,Irresistible Dairy Free Slices Provolone Style Cheese Alternative,packaged cheese,dairy eggs,1214,0.6812,5,0.1632
25295,Five Star Chocolate Bar Caramel,candy chocolate,snacks,516,0.6512,1,0.1631
11331,Deluxe Mixed Nuts,nuts seeds dried fruit,snacks,1016,0.6634,4,0.1628
49324,Large Grade AA Cage Free Brown Eggs,eggs,dairy eggs,789,0.6489,3,0.1625
48647,Mini Chocolate Croissant,breakfast bakery,bakery,1000,0.663,4,0.1624
35842,Organic Lemon Cayenne Sparkling Probiotic Drink,refrigerated,beverages,3868,0.7386,9,0.1621
4812,Stage 1 Apples & Strawberries Organic Pureed Baby Food,baby food formula,babies,3218,0.7082,8,0.1621
47823,Organic Vanilla Kefir,yogurt,dairy eggs,2199,0.698,7,0.162
11499,Organic Lowfat Black Cherry Yogurt,yogurt,dairy eggs,1940,0.6979,7,0.1619
44393,Whole Milk Plain Kefir,milk,dairy eggs,557,0.6499,1,0.1619
29103,Zero Go-Go Mixed Berry Vitamin Water,energy sports drinks,beverages,2108,0.6978,7,0.1618
9122,Organic Gluten Free Summer Berries Granola,granola,breakfast,1496,0.6939,6,0.1617
46787,Fat Free Cottage Cheese,other creams cheeses,dairy eggs,551,0.6497,1,0.1617
43154,Sparkling Mineral Water,water seltzer sparkling water,beverages,18161,0.7799,10,0.1616
36943,Cinnamon Swirl Bagels,breakfast bakery,bakery,617,0.6645,2,0.1616
24195,Tofu Scramble,frozen breakfast,frozen,2017,0.6976,7,0.1615
10351,Sparkling Probiotic Drink Blueberry Cherry,refrigerated,beverages,1198,0.6795,5,0.1614
30307,Doubleshot Espresso & Cream Premium Coffee Drink,coffee,beverages,1148,0.6794,5,0.1614
49185,Enriched Vanilla Rice Drink,soy lactosefree,dairy eggs,775,0.6477,3,0.1613
11130,Single Serve Crispy Wheat Crackers,crackers,snacks,2843,0.7074,8,0.1612
5428,1 Liter,water seltzer sparkling water,beverages,4080,0.7377,9,0.1612
10227,Whole Bean French Roast Dark Roast Blend Extra Bold Coffee,coffee,beverages,1005,0.6617,4,0.1611
16291,Organic Extra Large Brown Omega 3 Eggs,eggs,dairy eggs,2978,0.7072,8,0.1611
2429,"Seriously Sharp Cheddar Cheese Cracker Cut Slices,",packaged cheese,dairy eggs,1150,0.6791,5,0.1611
16398,Guava Goddess Organic Kambucha,refrigerated,beverages,3547,0.7375,9,0.161
37691,Almond Dark Chocolate,candy chocolate,snacks,1159,0.679,5,0.161
11744,Macrobar Cherries N Berries,energy granola bars,snacks,510,0.649,1,0.161
47842,Sparkling Kiwi Strawberry Soda,water seltzer sparkling water,beverages,913,0.6616,4,0.161
3457,Swedish Style Non-Fat Drinkable Yogurt Plain,yogurt,dairy eggs,754,0.6472,3,0.1608
28134,Grain Free Turkey Canned Cat Food,cat food care,pets,504,0.6488,1,0.1608
13575,Apples,fresh fruits,produce,12575,0.7789,10,0.1607
45478,Vanilla With Caramel Low Fat Ice Cream Cone,ice cream ice,frozen,645,0.6636,2,0.1607
10374,Flip Peanut Butter Dream Greek Yogurt,yogurt,dairy eggs,1701,0.6966,7,0.1606
4210,Whole Milk,milk,dairy eggs,35633,0.7787,10,0.1605
9444,Original Tortilla Strips,chips pretzels,snacks,2333,0.7064,8,0.1603
45246,High Protein Pretzels,chips pretzels,snacks,1450,0.6924,6,0.1603
33827,Fat Free French Vanilla Creamer,cream,dairy eggs,2942,0.7063,8,0.1602
11945,Organic Gluten & Wheat Free Homestyle Waffles,frozen breakfast,frozen,3170,0.7063,8,0.1602
8274,Fresh Cut Cauliflower & Broccoli Steam in Bag,packaged vegetables fruits,produce,908,0.6608,4,0.1602
36481,Organic Gluten Free Maple Buckwheat Flakes,cereal,breakfast,540,0.6481,1,0.1601
31231,Vitamin Water Zero Rise Orange,energy sports drinks,beverages,4356,0.7365,9,0.16
25804,Original Soy Milk,soy lactosefree,dairy eggs,4459,0.7363,9,0.1598
3398,Dark Chocolate with Whole Hazelnuts,candy chocolate,snacks,658,0.6626,2,0.1597
18629,Organic Fruit Yogurt Smoothie Peach Banana,baby food formula,babies,1117,0.6777,5,0.1597
13634,100% Pure Grape Juice,juice nectars,beverages,545,0.6477,1,0.1597
3676,Regular Cream Cheese Spread,other creams cheeses,dairy eggs,625,0.6624,2,0.1595
21137,Organic Strawberries,fresh fruits,produce,264683,0.7777,10,0.1595
287,Turkey,lunch meat,deli,3107,0.7055,8,0.1594
28277,Organic Black Truffles Dark Chocolate,candy chocolate,snacks,678,0.6622,2,0.1593
7304,Vanilla Maple Frozen Dessert,ice cream ice,frozen,1078,0.6772,5,0.1591
7598,Organic Unsweetened Creamy Cashewmilk,soy lactosefree,dairy eggs,1146,0.6771,5,0.1591
21572,Cheez-It Cheddar Cracker,crackers,snacks,4285,0.7356,9,0.1591
43654,Whole Milk Greek Blended Vanilla Bean Yogurt,yogurt,dairy eggs,4528,0.7354,9,0.1589
46284,Wheat Bread,bread,bakery,572,0.6469,1,0.1588
4945,Large Pineapple Chunks,packaged vegetables fruits,produce,5485,0.7353,9,0.1588
44103,Honey Whole Wheat Bread,bread,bakery,1256,0.6768,5,0.1587
25424,Cayenne Cleanse Kombucha,missing,missing,904,0.6593,4,0.1587
31081,"Ale, India Pale, Brew Free! Or Die IPA",beers coolers,alcohol,535,0.6467,1,0.1587
36714,Dr. Zevia Zero Calorie Soda,soft drinks,beverages,1726,0.6947,7,0.1586
7260,Milk Chocolate Almond Bar,candy chocolate,snacks,1033,0.6767,5,0.1586
11266,Dried Mangos,nuts seeds dried fruit,snacks,4081,0.7351,9,0.1586
42504,Original Seltzer Water,water seltzer sparkling water,beverages,1636,0.6907,6,0.1586
2210,Large Brown Grade AA Eggs,eggs,dairy eggs,4325,0.735,9,0.1585
22340,Fig Newtons,cookies cakes,snacks,688,0.6613,2,0.1584
12107,Peppered Turkey Breast,lunch meat,deli,1554,0.6905,6,0.1583
19828,Red Delicious Apples,fresh fruits,produce,2133,0.6943,7,0.1583
196,Soda,soft drinks,beverages,35791,0.7765,10,0.1583
30233,Organic Large Brown Grade AA Cage Free Eggs,eggs,dairy eggs,32105,0.7764,10,0.1582
19180,"Vegetable Chips, Taro, Sea Salt",chips pretzels,snacks,2197,0.6941,7,0.1581
47107,4% Milkfat Small Curd Grade A Pasteurized Cottage Cheese,other creams cheeses,dairy eggs,706,0.6445,3,0.158
23909,2% Reduced Fat Milk,milk,dairy eggs,37091,0.7761,10,0.1579
8228,Zero XXX Acai Blueberry Pomegranate,energy sports drinks,beverages,835,0.6443,3,0.1579
35188,Chia Squeeze Vitality Snack Blackberry Bliss,canned fruit applesauce,canned goods,1448,0.6899,6,0.1578
17898,Raspberry On The Bottom Cream Top Yogurt,yogurt,dairy eggs,787,0.6442,3,0.1578
3858,2nd Foods Chicken & Gravy,baby food formula,babies,511,0.6458,1,0.1577
13661,Wheat Free Gluten Free Instant Oatmeal Maple Raisin With Flax,hot cereal pancake mixes,breakfast,511,0.6458,1,0.1577
30142,Vegetable Dumpling,prepared meals,deli,1711,0.6937,7,0.1577
19571,Organix Grain Free Chicken & Vegetable Dog Food,dog food care,pets,573,0.6457,1,0.1577
26250,Mini Pancakes,frozen breakfast,frozen,977,0.6581,4,0.1575
36976,Bananas + Apples Puree  2 (from 6 Months),baby food formula,babies,764,0.644,3,0.1575
11520,Large Alfresco Eggs,eggs,dairy eggs,40376,0.7757,10,0.1575
21384,Greek Orzo Salad,prepared soups salads,deli,639,0.6604,2,0.1575
17723,Apple Peach Sauce,canned fruit applesauce,canned goods,519,0.6455,1,0.1574
3023,Club & Cheddar Sandwich Crackers,crackers,snacks,630,0.6603,2,0.1574
7715,Rosemary Ham,lunch meat,deli,4378,0.7339,9,0.1574
22947,Lactose Free Blueberry Pomegranate Acai Kefir,yogurt,dairy eggs,1314,0.6895,6,0.1574
31504,Organic Stage 2 Peaches & Bananas Baby Food,baby food formula,babies,3379,0.7035,8,0.1574
20259,"Special K Sausage, Egg & Cheese Flatbread Breakfast Sandwich",frozen breakfast,frozen,786,0.6438,3,0.1573
38849,Homestyle Some Pulp 100% Florida Orange Juice,refrigerated,beverages,1068,0.6751,5,0.157
38889,Perrier Lime,water seltzer sparkling water,beverages,2163,0.693,7,0.157
5144,Mango Probiotic Juice Drink,refrigerated,beverages,1178,0.6749,5,0.1568
36737,Pizza Uncured Pepperoni Gluten Free,frozen pizza,frozen,776,0.643,3,0.1566
19008,Vitamin D Full Fat Milk,milk,dairy eggs,602,0.6595,2,0.1566
4971,Vitaminwater® Focus Kiwi-Strawberry,energy sports drinks,beverages,910,0.6571,4,0.1565
2668,Whips! Strawberry Mist Yogurt Mousse,yogurt,dairy eggs,759,0.643,3,0.1565
36127,Freshly Squeezed Orange Juice,refrigerated,beverages,6220,0.733,9,0.1565
23763,French Vanilla Sugar Free Liquid Coffee Creamer,cream,dairy eggs,3425,0.7025,8,0.1564
27476,Via Italian Roast Instant Coffee,coffee,beverages,537,0.6443,1,0.1563
40289,Organic Flax Plus Multibran Flakes Cereal,cereal,breakfast,506,0.6443,1,0.1562
47755,Baked Vegetable Brown Rice Snaps,crackers,snacks,708,0.6427,3,0.1562
30252,Organic Soft Wheat Bread,bread,bakery,5109,0.7326,9,0.1561
40941,Purple Heirloom Potato Chips,chips pretzels,snacks,1022,0.6742,5,0.1561
38264,Chocolate Macaroons,cookies cakes,snacks,1504,0.6882,6,0.156
35628,Organic Strawberry Smoothie,yogurt,dairy eggs,11610,0.7742,10,0.156
2670,"Yogurt, Organic, Lowfat, Plain",yogurt,dairy eggs,716,0.6425,3,0.156
10441,Dry Roasted Almonds,nuts seeds dried fruit,snacks,2909,0.702,8,0.1559
30117,Salted Peanut Butter Filled Pretzels,chips pretzels,snacks,3103,0.7019,8,0.1558
47616,Sesame Street Organic Mini Blueberry Pancakes,frozen breakfast,frozen,2535,0.7018,8,0.1557
32655,Organic Large Grade AA Brown Eggs,eggs,dairy eggs,25523,0.7739,10,0.1557
32931,Egg Challah Rolls,buns rolls,bakery,919,0.6561,4,0.1555
31808,Lemon-Lime 12 Pack Soda,soft drinks,beverages,3053,0.7013,8,0.1552
39427,Apples + Strawberries Organic Nibbly Fingers,baby food formula,babies,3294,0.7013,8,0.1552
21153,Farmhouse Oatmeal Hearty Sliced Bread,bread,bakery,692,0.6416,3,0.1552
48808,Hazelnut Coffee Sugar Free CoffeeCreamer,cream,dairy eggs,1784,0.6911,7,0.1551
6336,Organic Soft White Bread,bread,bakery,1968,0.6911,7,0.155
30658,Dark Chocolate Almond & Coconut Fruit & Nut Bar,energy granola bars,snacks,681,0.6579,2,0.1549
11399,Unsweetened Pear Essence Water,water seltzer sparkling water,beverages,560,0.6429,1,0.1548
1940,Organic 2% Reduced Fat Milk,milk,dairy eggs,23244,0.773,10,0.1548
8580,VitaminWater Zero™ XXX Acai Blueberry Pomegranate,energy sports drinks,beverages,3353,0.7009,8,0.1548
47873,Sparkling Probiotic Drink Mango Coconut,refrigerated,beverages,2008,0.6907,7,0.1547
35121,Lemon Ginger Sparkling Probiotic Drink,refrigerated,beverages,3994,0.7311,9,0.1546
31985,Beefsteak Tomatoes,fresh vegetables,produce,2312,0.7007,8,0.1546
20015,Grandma's Hummus,fresh dips tapenades,deli,3952,0.731,9,0.1545
22760,Organic Coconut Granola MacroBar,energy granola bars,snacks,1249,0.6725,5,0.1545
20518,"Club Delight Sausage, Egg, & Cheese Sandwiches",hot dogs bacon sausage,meat seafood,1971,0.6905,7,0.1545
37553,Iced Coffee Lightly Sweet,coffee,beverages,1026,0.6725,5,0.1545
34886,Deluxe Blueberry Bagels,breakfast bakery,bakery,1305,0.6866,6,0.1545
21903,Organic Baby Spinach,packaged vegetables fruits,produce,241921,0.7725,10,0.1543
41131,India Pale Ale,beers coolers,alcohol,4245,0.7307,9,0.1542
1234,Cream Top Smooth & Creamy Plain Yogurt,yogurt,dairy eggs,3465,0.7307,9,0.1542
42372,Pineapple on the Bottom Greek Yogurt,yogurt,dairy eggs,3336,0.7002,8,0.1541
48142,Diet,soft drinks,beverages,3279,0.7002,8,0.1541
10315,Stuffed Grape Leaves,fresh dips tapenades,deli,1367,0.6862,6,0.154
7677,Strawberry Banana Flavored 4 Juice Smoothie Blend,juice nectars,beverages,1246,0.6717,5,0.1537
42731,Original Citrus Sparkling Flavored Soda,soft drinks,beverages,4978,0.73,9,0.1535
44144,Natural Skinless & Boneless Sardines In Water,canned meat seafood,canned goods,925,0.6541,4,0.1534
19894,Enlightened Organic Raw Kombucha,refrigerated,beverages,7007,0.7717,10,0.1534
22089,Vitamin D Milk,milk,dairy eggs,5354,0.7299,9,0.1534
28092,Activia Vanilla Low Fat Yogurt,yogurt,dairy eggs,1606,0.6856,6,0.1534
23191,Blood Orange Juice,refrigerated,beverages,502,0.6414,1,0.1534
32423,Chocolate Delight Granola,granola,breakfast,669,0.6562,2,0.1533
26714,Chicken Salad,prepared soups salads,deli,2039,0.6891,7,0.153
28622,Honey Salted Peanut Bar,energy granola bars,snacks,616,0.6558,2,0.1529
1439,Sparkling Probiotic Pomegranate Drink,refrigerated,beverages,582,0.6409,1,0.1528
44632,Sparkling Water Grapefruit,water seltzer sparkling water,beverages,75886,0.7711,10,0.1528
12283,Probiotic Green Coconut Water,digestion,personal care,815,0.6393,3,0.1528
17691,Vanilla Yogurt,yogurt,dairy eggs,880,0.6534,4,0.1528
48222,Gluten free Sesame Bagels,breakfast bakery,bakery,754,0.6393,3,0.1528
3407,Reddi Wip Fat Free Whip Cream,cream,dairy eggs,1039,0.6708,5,0.1528
23457,Zero Calorie Cherry Cola,soft drinks,beverages,1187,0.6706,5,0.1525
42756,Cranberry Walnut Bread,bread,bakery,759,0.639,3,0.1525
10863,Grain Free Turkey & Salmon Formula Cat Food,cat food care,pets,1560,0.6846,6,0.1525
32685,Chicken & Vegetable Snack Sticks for Dogs,dog food care,pets,609,0.6552,2,0.1523
48762,Split Top Wheat Bread,bread,bakery,2559,0.6983,8,0.1522
28058,Gluten Free Sliced Mountain White Bread,bread,bakery,4651,0.7287,9,0.1522
31657,Organic Basil Babe Level 1 Baby Food,baby food formula,babies,658,0.655,2,0.1521
8475,Diet 12 Oz Ginger Ale,soft drinks,beverages,4178,0.7286,9,0.1521
9430,Organic Flax Plus Pumpkin Raisin Crunch Cereal,cereal,breakfast,1428,0.6842,6,0.152
28820,"Master Brew Kombucha, Grapefruit",refrigerated,beverages,575,0.64,1,0.1519
40028,Deluxe Cinnamon Raisin Bagels,breakfast bakery,bakery,1475,0.6841,6,0.1519
23282,PlusShot Strawberry Probiotic Juice Drink,yogurt,dairy eggs,1639,0.684,6,0.1518
49296,Brown Sugar Cinnamon Roll Wafflers,frozen breakfast,frozen,522,0.6398,1,0.1518
26165,Electrolyte Enhanced Water,water seltzer sparkling water,beverages,20735,0.7699,10,0.1517
31513,Kefir Cultured Milk Smoothie Plain,yogurt,dairy eggs,1530,0.6837,6,0.1515
41808,Pure Leaf Unsweetened Real Brewed Tea,tea,beverages,1265,0.6696,5,0.1515
25527,Lowfat Maple Yogurt Organic,yogurt,dairy eggs,1394,0.6836,6,0.1515
13249,Skim Milk,milk,dairy eggs,14289,0.7697,10,0.1515
2386,Passion Orange Guava Juice,refrigerated,beverages,622,0.6543,2,0.1514
16083,Organic Large Brown Eggs,eggs,dairy eggs,14255,0.7696,10,0.1514
2913,Mango Tango Fruit Smoothie Blend,refrigerated,beverages,2482,0.6974,8,0.1513
29640,Unsweetened Ice Tea,tea,beverages,1871,0.6873,7,0.1513
17352,100% Whole Wheat English Muffin 6 Ct,breakfast bakery,bakery,1304,0.6833,6,0.1511
2694,Superberry Kombucha,refrigerated,beverages,825,0.6376,3,0.1511
6656,Organic California Style Sprouted Bread,bread,bakery,5403,0.7276,9,0.1511
32515,Whole Milk Blended Cherry Greek Yogurt,yogurt,dairy eggs,1094,0.6691,5,0.1511
8297,Organic Heavy Cream,cream,dairy eggs,822,0.6375,3,0.151
42383,Thin Sliced American Cheese,packaged cheese,dairy eggs,1316,0.6831,6,0.151
27966,Organic Raspberries,packaged vegetables fruits,produce,137057,0.7691,10,0.1509
22802,Mineral Water,water seltzer sparkling water,beverages,5936,0.7273,9,0.1508
5902,"Rice Crackers, Original",crackers,snacks,690,0.6536,2,0.1507
29758,Extra Cheesy Pizza Lunchables,prepared meals,deli,635,0.6535,2,0.1506
24534,Dark Chocolate Covered Goji Berries,candy chocolate,snacks,570,0.6386,1,0.1505
19348,Fat Free Milk,milk,dairy eggs,29345,0.7688,10,0.1505
33772,Eggo Thick & Fluffy Original Waffles,frozen breakfast,frozen,983,0.6511,4,0.1505
11983,Simply 100 Strawberry Blended Non-Fat Greek Yogurt,yogurt,dairy eggs,1270,0.6685,5,0.1505
12820,Organic Fruit Yogurt Smoothie Mixed Berry,baby food formula,babies,1518,0.6825,6,0.1503
46562,Sweet & Salty Nut Granola Bars Peanut,energy granola bars,snacks,4188,0.7268,9,0.1503
39982,Sausage  Links,frozen vegan vegetarian,frozen,1763,0.6863,7,0.1503
42598,Non-Fat Blackberry on the Bottom Greek Yogurt,yogurt,dairy eggs,1248,0.6683,5,0.1502
8480,Organic Fuel High Protein Vanilla Milk Shake,protein meal replacements,personal care,605,0.6529,2,0.15
6867,Lunchables Turkey & American Cheese Cracker Stackers,prepared meals,deli,1707,0.686,7,0.15
5884,Royal Gala Apples,fresh fruits,produce,2845,0.696,8,0.1499
32141,Diet Coke Soda,soft drinks,beverages,2690,0.6959,8,0.1498
46992,Real Cheddar Baked Cheese Puffs,popcorn jerky,snacks,1690,0.6858,7,0.1498
29742,Organic Toaster Pastries Frosted Lotta Chocolotta - 6 CT,breakfast bars pastries,breakfast,541,0.6377,1,0.1497
42900,Grapefruit Citrus Soda,soft drinks,beverages,995,0.6503,4,0.1496
32497,Lowfat & Strawberry Topping Cottage Cheese,other creams cheeses,dairy eggs,505,0.6376,1,0.1496
35522,Strawberry Protein Shake,juice nectars,beverages,1376,0.6817,6,0.1495
48965,Natural Low Sodium Creamy Peanut Butter Spread,spreads,pantry,527,0.6376,1,0.1495
30639,Organic Orange Juice,juice nectars,beverages,9403,0.7677,10,0.1495
7116,Large Enriched Bread,bread,bakery,1930,0.6855,7,0.1495
19862,Organic Brown Rice Snaps Unsalted Plain,crackers,snacks,1397,0.6815,6,0.1493
37508,0% Fat Organic Greek Vanilla Yogurt,yogurt,dairy eggs,1744,0.6852,7,0.1492
47621,Chocolate Strong Dark,candy chocolate,snacks,1871,0.6852,7,0.1492
11538,Organic Carrot Juice,refrigerated,beverages,950,0.6495,4,0.1489
33575,Dairy Free French Vanilla Coconut Milk Creamer,soy lactosefree,dairy eggs,2471,0.6949,8,0.1488
29623,Black Berry Hibiscus Beverage,refrigerated,beverages,1291,0.6809,6,0.1487
30776,Organic Raw Kombucha Gingerade,refrigerated,beverages,20707,0.7669,10,0.1487
277,Diet Root Beer,soft drinks,beverages,3037,0.6948,8,0.1487
10096,Corn Meal Pizza Crust,frozen breads doughs,frozen,792,0.6351,3,0.1486
1826,Spicy Jalapeno Cream Cheese Spread,other creams cheeses,dairy eggs,975,0.6492,4,0.1486
10172,Quinoa Chips Sea Salt,chips pretzels,snacks,1122,0.6667,5,0.1486
38948,Petit Ecolier Milk Chocolate Biscuits,cookies cakes,snacks,1089,0.6667,5,0.1486
23761,Natural Sliced Vermont Sharp White Cheddar Cheese,packaged cheese,dairy eggs,591,0.6514,2,0.1485
43962,Coleslaw,packaged vegetables fruits,produce,509,0.6365,1,0.1485
13848,Goat Cheese & Basil Ravioli,fresh pasta,dry goods pasta,830,0.6349,3,0.1485
43720,Parmesan Crisps,chips pretzels,snacks,929,0.6491,4,0.1485
23729,Hard Boiled Eggs,eggs,dairy eggs,564,0.6365,1,0.1485
24279,"Canadian Bacon, Uncured",hot dogs bacon sausage,meat seafood,931,0.6488,4,0.1482
347,"Vegetable Salad Kit, Sweet Kale",packaged vegetables fruits,produce,747,0.6345,3,0.1481
9687,Grain Free Maple Granola,granola,breakfast,659,0.651,2,0.1481
11087,Organic Unsweetened Black Tea,tea,beverages,982,0.6487,4,0.1481
49488,Jasmine Green Iced Tea,asian foods,international,1410,0.6801,6,0.148
8048,Packaged Grape Tomatoes,packaged produce,produce,13355,0.7662,10,0.148
39250,Essential Orange-Orange Vitamin Water Drink,energy sports drinks,beverages,714,0.6345,3,0.148
5206,Organic Infant Formula With Iron,baby food formula,babies,2406,0.6941,8,0.148
18175,Organics Chocolate Milk with DHA,milk,dairy eggs,848,0.6486,4,0.148
34163,ZBar Protein Chocolate Mint Protein Bar,energy granola bars,snacks,1027,0.666,5,0.148
7538,Doubleshot Light Espresso and Cream Coffee Drink,coffee,beverages,882,0.6485,4,0.1479
28715,Chocolate Milk Frozen Pops,ice cream ice,frozen,2056,0.6839,7,0.1478
47059,Original Tofurky Deli Slices,tofu meat alternatives,deli,2236,0.6838,7,0.1478
18670,Original Enriched Rice Drink,soy lactosefree,dairy eggs,5497,0.7242,9,0.1477
47885,Black Bean Salad,prepared soups salads,deli,1092,0.6658,5,0.1477
44008,Organic Greek Whole Milk Blended Vanilla Bean Yogurt,yogurt,dairy eggs,9417,0.7658,10,0.1476
10189,100% Grass-Fed Organic Plain Creamline Yogurt,yogurt,dairy eggs,618,0.6505,2,0.1476
2720,Whole Milk Yogurt,yogurt,dairy eggs,935,0.6481,4,0.1475
45190,Vodka,spirits,alcohol,5475,0.724,9,0.1475
40777,Concentrated Cold Brew Coffee,coffee,beverages,1439,0.6796,6,0.1475
4731,Classic Roast,coffee,beverages,1286,0.6796,6,0.1475
25869,Light Cranberry Juice,juice nectars,beverages,773,0.6339,3,0.1474
11123,Vitamin Water Zero Squeezed Lemonade,energy sports drinks,beverages,5635,0.7237,9,0.1472
26915,Organic Lowfat Yogurt Banana Vanilla,yogurt,dairy eggs,4429,0.7236,9,0.1471
24115,Good Buddy Beef Jerky Dog Treat,dog food care,pets,634,0.6498,2,0.1469
36557,Campari Tomato,fresh vegetables,produce,777,0.6332,3,0.1467
17900,Chai Classic Latte Black Tea Concentrate,tea,beverages,876,0.6473,4,0.1467
48626,Coconut Blended Greek Yogurt,yogurt,dairy eggs,2574,0.6927,8,0.1466
32478,Reduced Fat 2% Milk,milk,dairy eggs,17320,0.7648,10,0.1466
22035,Organic Whole String Cheese,packaged cheese,dairy eggs,59676,0.7648,10,0.1465
14240,Organic Sunflower Butter Chocolate Macrobar,energy granola bars,snacks,1559,0.6786,6,0.1465
5015,Organic Cottage Cheese Classic,other creams cheeses,dairy eggs,2495,0.6926,8,0.1465
9507,Honey Turkey Breast,lunch meat,deli,3100,0.6926,8,0.1465
15741,Strawberry C Monster Smoothie,refrigerated,beverages,1073,0.6645,5,0.1464
46475,Chocolate Chip Cookie Dough Frozen Greek Yogurt Bars,frozen breads doughs,frozen,1028,0.6644,5,0.1463
48162,Probiotic Dairy Culture Strawberry,digestion,personal care,506,0.6344,1,0.1463
9862,Cold Pressed Fuji Apple Juice,refrigerated,beverages,593,0.6492,2,0.1463
9009,Fuji  Apples,fresh fruits,produce,667,0.6492,2,0.1463
35503,Organic Vanilla Almond Milk,soy lactosefree,dairy eggs,11621,0.7644,10,0.1462
16486,Diet Pepsi Slim Cans,soft drinks,beverages,641,0.649,2,0.1461
46627,Sesame Blues Corn Tortilla Chips,chips pretzels,snacks,1966,0.6821,7,0.1461
19846,The Original Fruit and Nut Food Bar - Peanut Butter Cookie,energy granola bars,snacks,808,0.6324,3,0.146
12140,Diet Soda,soft drinks,beverages,2939,0.6921,8,0.146
1560,Bag Of Ice,ice cream ice,frozen,891,0.6465,4,0.1459
18993,Organic Cashew Caramel Macrobar,energy granola bars,snacks,891,0.6465,4,0.1459
6052,Eggo Chocolate Chip Waffles,frozen breakfast,frozen,3268,0.6919,8,0.1458
34525,Organic Vanilla Whole Milk Yogurt,yogurt,dairy eggs,2231,0.6818,7,0.1457
27235,Organic Flame Raisins,nuts seeds dried fruit,snacks,646,0.6486,2,0.1457
46516,Sesame Bagels,breakfast bakery,bakery,2987,0.6917,8,0.1456
27325,Alpine Spring Water,water seltzer sparkling water,beverages,10603,0.7637,10,0.1455
43740,Sparkling Probiotic Drink Coconut,refrigerated,beverages,1132,0.6634,5,0.1454
4987,"Hint of Mint, Rich Chocolate with a Splash of Mint Fit Frozen Dessert",ice cream ice,frozen,594,0.6481,2,0.1452
24413,Organic Strawberry Banana Fruit Yogurt Smoothie,baby food formula,babies,3483,0.7215,9,0.145
47087,Total 0% Blueberry Acai Greek Yogurt,yogurt,dairy eggs,5976,0.7214,9,0.1449
8736,Synergy Organic & Raw Cosmic Cranberry,refrigerated,beverages,6065,0.7214,9,0.1449
43523,Caffe Verona Dark Ground Coffee,coffee,beverages,860,0.6453,4,0.1447
28353,Salted Peanut In Milk Chocolate Bar,candy chocolate,snacks,789,0.6312,3,0.1447
14711,Organic Lowfat Mango Kefir,digestion,personal care,1666,0.6807,7,0.1446
18883,Honeydew Chunks,packaged vegetables fruits,produce,4101,0.721,9,0.1445
6758,Hearts Of Palm,canned jarred vegetables,canned goods,1632,0.6765,6,0.1443
38672,Hazelnut Fat Free Liquid Coffee Creamer,cream,dairy eggs,1468,0.6764,6,0.1443
10478,Lightly Salted Potato Chips,chips pretzels,snacks,696,0.6307,3,0.1443
9018,All Natural Virgin Lemonade,refrigerated,beverages,5590,0.7208,9,0.1442
14111,"Light, Very Vanilla",yogurt,dairy eggs,2070,0.6802,7,0.1442
17949,Mild Cheddar Cheese Sticks,packaged cheese,dairy eggs,11339,0.7622,10,0.144
2038,Green Tea with Ginseng and Honey,tea,beverages,782,0.6304,3,0.144
35727,Whips! Key Lime Pie Flavored Lowfat Yogurt Mousse,yogurt,dairy eggs,725,0.6303,3,0.1439
44557,Organic Pear Mango Fruit Yogurt Smoothie,baby food formula,babies,1127,0.6619,5,0.1439
11576,Corn Chips,chips pretzels,snacks,8566,0.7621,10,0.1439
18035,New Manhattan Whole Coffee Beans,coffee,beverages,617,0.6467,2,0.1438
2458,Peppermint Gum,mint gum,snacks,573,0.6318,1,0.1437
47953,Gluten-Free Figgies & Jammies Cookies,cookies cakes,snacks,573,0.6318,1,0.1437
47912,Vanilla Skyr Style Yogurt,yogurt,dairy eggs,8910,0.7618,10,0.1436
41716,Jalapeno,chips pretzels,snacks,1798,0.6796,7,0.1436
24920,Delights Turkey Sausage Breakfast Bowl,frozen breakfast,frozen,611,0.6465,2,0.1436
27086,Half & Half,cream,dairy eggs,69217,0.7618,10,0.1435
12754,Organic Stage 2 Pear Apricot Barley Baby Food,baby food formula,babies,502,0.6315,1,0.1434
11869,String Cheese,packaged cheese,dairy eggs,2029,0.6792,7,0.1431
24125,Olive Bread,bread,bakery,2914,0.6891,8,0.143
29603,Pink Virgin Lemonade,refrigerated,beverages,2031,0.679,7,0.1429
31288,Lowfat Key Lime Yogurt,yogurt,dairy eggs,3916,0.7194,9,0.1429
48154,Unsweetened Almond Coconut Milk Blend,soy lactosefree,dairy eggs,512,0.6309,1,0.1428
19057,Organic Large Extra Fancy Fuji Apple,fresh fruits,produce,75165,0.761,10,0.1428
11760,7 Whole Grain Nuggets Cereal,cereal,breakfast,747,0.6292,3,0.1427
3835,"Coconut Water, Pure Organic",juice nectars,beverages,2837,0.6888,8,0.1427
40174,2% Reduced Fat Organic Milk,milk,dairy eggs,16356,0.7608,10,0.1426
34343,Breakfast Patties,frozen vegan vegetarian,frozen,894,0.6432,4,0.1426
22362,Original Rice Krispies Treats,cookies cakes,snacks,4179,0.7191,9,0.1426
32505,Francese Home Bake Rolls,buns rolls,bakery,582,0.6306,1,0.1425
23563,Chocolate Mint Miracle Tart,cookies cakes,snacks,544,0.6305,1,0.1425
37455,Smoked Ham,prepared meals,deli,916,0.643,4,0.1424
38929,Original Pretzel Crisps,crackers,snacks,514,0.6304,1,0.1423
27395,Original Low Fat Orange Cream Yogurt,yogurt,dairy eggs,1008,0.6429,4,0.1423
25305,Cold Brew Coffee Nitro Can,coffee,beverages,1995,0.6782,7,0.1422
32648,Gluten Free Honey Almond Granola,granola,breakfast,2425,0.6882,8,0.1421
22021,Low Fat Key Lime Blended Greek Yogurt,yogurt,dairy eggs,2088,0.6782,7,0.1421
11737,Organic Lemon Lowfat Yogurt,yogurt,dairy eggs,3959,0.7186,9,0.1421
41594,Fresh Orange Juice,juice nectars,beverages,581,0.6299,1,0.1419
23273,Cheese & Herb Pizza,frozen pizza,frozen,543,0.6298,1,0.1418
22240,Strawberry Licorice Twist,candy chocolate,snacks,788,0.6282,3,0.1417
18747,Light Pink Lemonade,refrigerated,beverages,1040,0.6596,5,0.1416
6760,Organic Iced Green Tea,tea,beverages,2763,0.6877,8,0.1416
6184,Clementines,packaged produce,produce,30843,0.7597,10,0.1414
8866,Organic White Chocolate Peanut Butter Cups,candy chocolate,snacks,1230,0.6593,5,0.1413
4938,Steak Strips,popcorn jerky,snacks,1626,0.6734,6,0.1413
43068,Lite Firm Tofu,tofu meat alternatives,deli,518,0.6293,1,0.1413
44267,Sweet Tea W/Real Sugar Iced Tea,tea,beverages,1221,0.6593,5,0.1412
13303,"Pinot Noir, California",red wines,alcohol,838,0.6277,3,0.1412
38608,Lowfat Cottage Cheese 2%,other creams cheeses,dairy eggs,1030,0.6592,5,0.1412
21380,NiCola Sparkling Water,water seltzer sparkling water,beverages,910,0.6418,4,0.1412
28572,Premium Ice Cubes,ice cream ice,frozen,2771,0.6871,8,0.141
15424,Purified Water,water seltzer sparkling water,beverages,10998,0.7592,10,0.141
38228,Monster Trail Mix,trail mix snack mix,snacks,773,0.6274,3,0.141
47258,Bacon Style Veggie Protein Strips,tofu meat alternatives,deli,1373,0.673,6,0.1408
5589,Tangerine Fruit Juice,refrigerated,beverages,555,0.6288,1,0.1408
20915,Mozzarella Light Low Moisture Part Skim String Cheese,packaged cheese,dairy eggs,743,0.6272,3,0.1407
13650,Maple Nut Hot Oatmeal,hot cereal pancake mixes,breakfast,592,0.6436,2,0.1407
28481,Oikos Fat Free Strawberry Greek Yogurt,yogurt,dairy eggs,579,0.6287,1,0.1406
46990,Ground Buffalo,packaged meat,meat seafood,5691,0.7171,9,0.1406
17471,Small Dog Biscuits,dog food care,pets,662,0.6435,2,0.1406
28436,Deviled Egg Tray,prepared meals,deli,552,0.6286,1,0.1406
29615,"Bread, Country Buttermilk",bread,bakery,6337,0.7171,9,0.1406
4674,Cherry Limeade,soft drinks,beverages,589,0.6435,2,0.1406
16539,Orange Juice with Calcium,frozen juice,frozen,645,0.6434,2,0.1405
19311,Almond Flour Tortillas,tortillas flat bread,bakery,2463,0.6866,8,0.1405
23044,Cream Top Smooth & Creamy Vanilla Yogurt,yogurt,dairy eggs,6045,0.717,9,0.1405
15984,Almond Milk Blueberry Yogurt,yogurt,dairy eggs,4716,0.7169,9,0.1404
18502,Licorice Soft Eating Raspberry,candy chocolate,snacks,1310,0.6725,6,0.1404
34061,Baby Food Meals,baby food formula,babies,777,0.6268,3,0.1403
31960,Eggo Pancakes Minis,frozen breakfast,frozen,2809,0.6864,8,0.1403
34230,4% Milkfat Small Curd Cottage Cheese,other creams cheeses,dairy eggs,1633,0.6724,6,0.1402
8859,Natural Spring Water,water seltzer sparkling water,beverages,19518,0.7584,10,0.1401
35767,Organic Power Greens,refrigerated,beverages,874,0.6407,4,0.1401
29244,Croissants,breakfast bakery,bakery,1214,0.6582,5,0.1401
7452,Base Peanut Butter Chocolate Protein Bar,energy granola bars,snacks,519,0.6281,1,0.1401
6587,Lightly Salted Chips,chips pretzels,snacks,843,0.6406,4,0.14
45437,Sea Salt Made With Organic Grain Rice Chips,chips pretzels,snacks,4655,0.7164,9,0.1399
47766,Organic Avocado,fresh fruits,produce,176815,0.7581,10,0.1399
48015,Lime Slim Can,water seltzer sparkling water,beverages,2665,0.6859,8,0.1398
9175,Diet Coke Caffeine Free Soda,soft drinks,beverages,2824,0.6859,8,0.1398
28420,Organic Cultured Low Fat 1% Cottage Cheese,other creams cheeses,dairy eggs,2153,0.6758,7,0.1398
15120,Classic Vanilla Yogurt,yogurt,dairy eggs,583,0.6278,1,0.1397
42333,White Cheddar Cheese Popcorn,popcorn jerky,snacks,1154,0.6577,5,0.1397
3594,Milk Whole,milk,dairy eggs,2257,0.6757,7,0.1396
35951,Organic Unsweetened Almond Milk,soy lactosefree,dairy eggs,57895,0.7578,10,0.1396
31042,Plain Icelandic Style Skyr 4% milkfat Yogurt,yogurt,dairy eggs,1006,0.6402,4,0.1396
35181,Extra Crisp English Muffins,breakfast bakery,bakery,1960,0.6755,7,0.1395
48736,Ricotta And Spinach Tondi,fresh pasta,dry goods pasta,834,0.6259,3,0.1394
40554,Oat Blueberry Lemon Whenever Bars,breakfast bars pastries,breakfast,577,0.6274,1,0.1393
22113,Organi Cheddar Cheese Mild sliced,packaged cheese,dairy eggs,3258,0.6854,8,0.1393
33214,Dark Chocolate Chip Chococonut Chewy Granola Bars,energy granola bars,snacks,1333,0.6714,6,0.1393
20186,Almond Flour Fine Ground Sea Salt Crackers,crackers,snacks,1740,0.6753,7,0.1392
14904,Free & Clear Diapers,diapers wipes,babies,869,0.6398,4,0.1392
28699,Organic 7 Grain with Flax Bread,bread,bakery,1284,0.6713,6,0.1392
8112,Almond Mozzarella Style Cheese Alternative,packaged cheese,dairy eggs,651,0.6421,2,0.1392
17689,Peach Tea,tea,beverages,623,0.6421,2,0.1391
14364,Paneer,packaged cheese,dairy eggs,1231,0.6572,5,0.1391
42093,Yogurt Covered Pretzels,candy chocolate,snacks,1375,0.6713,6,0.1391
27985,Smartwater Electrolyte Enhanced Water,water seltzer sparkling water,beverages,5084,0.7156,9,0.1391
33919,Organic Coconut Bliss Salted Caramel in Chocolate,ice cream ice,frozen,913,0.6396,4,0.139
15285,Lowfat Cottage Cheese,other creams cheeses,dairy eggs,899,0.6396,4,0.139
28590,Chicken Breast Cutlets,packaged poultry,meat seafood,2775,0.685,8,0.1389
16818,Vanilla Nonfat Yogurt,yogurt,dairy eggs,854,0.6393,4,0.1387
33845,Organic YoBaby Vanilla Yogurt,yogurt,dairy eggs,4955,0.7152,9,0.1387
49414,Dark Chocolate Chunk Chewy Granola Bars,candy chocolate,snacks,501,0.6267,1,0.1387
33590,No Sugar Added Muesli Cereal,cereal,breakfast,1235,0.6567,5,0.1386
30561,Plain Bagelettes,breakfast bakery,bakery,5439,0.715,9,0.1385
16154,Mini Peanut Butter Sandwich Crackers,crackers,snacks,2472,0.6845,8,0.1384
18224,Organic Low Fat Plain Yogurt,yogurt,dairy eggs,1812,0.6744,7,0.1384
14233,Natural Artesian Water,water seltzer sparkling water,beverages,13727,0.7565,10,0.1383
16396,Grass milk Raw Cheddar Cheese,packaged cheese,dairy eggs,1474,0.6703,6,0.1381
28930,White Chocolate Macadamia Nutrition Bar,energy granola bars,snacks,823,0.6245,3,0.1381
17982,Classic Hummus with Rold Gold Petzels Snack,fresh dips tapenades,deli,823,0.6245,3,0.1381
47877,Coke Zero,soft drinks,beverages,5746,0.7146,9,0.1381
46632,Gold Kiwi,fresh fruits,produce,783,0.6245,3,0.1381
17744,Dark Chocolate  with A Touch Of Sea Salt,candy chocolate,snacks,1198,0.6561,5,0.138
25949,Cream Top Smooth & Creamy Maple Yogurt,yogurt,dairy eggs,5020,0.7145,9,0.138
48702,Classic Pork Links,hot dogs bacon sausage,meat seafood,804,0.6244,3,0.1379
25330,Pecan Nut & Rice Cracker Snacks,crackers,snacks,2639,0.684,8,0.1379
20723,Probiotics Tropical Green Juice Drink,refrigerated,beverages,1023,0.6559,5,0.1379
24389,Light Fridge Pack Lemonade,juice nectars,beverages,548,0.6259,1,0.1379
9689,Whole Hearts of Palm,canned jarred vegetables,canned goods,4047,0.7144,9,0.1379
33071,Sashimi Combo,prepared meals,deli,587,0.6405,2,0.1376
46252,Original Thin Rye Crispbread,crackers,snacks,822,0.6241,3,0.1376
29027,Baby Bella Mushroom Whole,packaged vegetables fruits,produce,984,0.6382,4,0.1376
33222,Lemonade with Mango,refrigerated,beverages,569,0.6257,1,0.1376
17279,Fresh 99% Lean Ground Turkey,packaged poultry,meat seafood,577,0.6256,1,0.1376
10036,"Mighty 4 Kale, Strawberry, Amaranth & Greek Yogurt Tots Snack",baby food formula,babies,2206,0.6736,7,0.1376
39646,"Red Onions, Fresh Diced",packaged vegetables fruits,produce,1022,0.6556,5,0.1375
29544,Cream Top Peach on the Bottom Yogurt,yogurt,dairy eggs,1749,0.6735,7,0.1375
32201,Nonfat Strawberry With Fruit On The Bottom Greek Yogurt,yogurt,dairy eggs,1666,0.6735,7,0.1374
36274,Arnold Palmer Lite Half Iced Tea & Half Lemonade,tea,beverages,1042,0.6555,5,0.1374
44310,Soft Pretzel Mini Buns,buns rolls,bakery,6005,0.7139,9,0.1374
11741,Organic Fuel High Protein Chocolate Shake,protein meal replacements,personal care,870,0.6379,4,0.1373
11109,Organic 4% Milk Fat Whole Milk Cottage Cheese,other creams cheeses,dairy eggs,4472,0.7138,9,0.1373
25896,Activia Lowfat Peach Yogurt,yogurt,dairy eggs,933,0.6377,4,0.1371
41842,Organic Gluten Free Chia Plus with Quinoa & Amaranth Waffles,frozen breakfast,frozen,3314,0.6832,8,0.1371
38312,Almond Milk Strawberry Yogurt,yogurt,dairy eggs,5719,0.7134,9,0.1369
38881,Shredded Iceberg Lettuce,packaged vegetables fruits,produce,1136,0.6549,5,0.1369
48210,Whole Wheat Blueberry Fig Bars,breakfast bars pastries,breakfast,2324,0.6829,8,0.1368
32989,Mighty 4 Purple Carrot Blackberry Quinoa & Greek Yogurt Tots Snack,baby food formula,babies,1959,0.6728,7,0.1368
22886,Sugarfree Gum Sweet Mint,mint gum,snacks,565,0.6248,1,0.1367
22556,All Natural Apricot Sparkling Water,water seltzer sparkling water,beverages,5497,0.7131,9,0.1366
34300,100% Lactose Free Reduced Fat Milk,milk,dairy eggs,984,0.6372,4,0.1366
45916,Stringles Organic Colby Jack Cheese,packaged cheese,dairy eggs,1106,0.6546,5,0.1366
36036,Organic Orange Fruit Juice,juice nectars,beverages,5436,0.713,9,0.1365
23470,Organic Sweetened Almond Milk,soy lactosefree,dairy eggs,624,0.6394,2,0.1365
9172,Crepes,tortillas flat bread,bakery,583,0.6244,1,0.1363
33787,Total 2% Lowfat Greek Strained Yogurt with Peach,yogurt,dairy eggs,19908,0.7545,10,0.1363
8091,Herb Slab Bread,bread,bakery,895,0.6369,4,0.1363
20564,Organic Chewy Peanut Butter Banana Bites,fruit vegetable snacks,snacks,1102,0.6543,5,0.1362
49198,Zero Soda,soft drinks,beverages,3489,0.7125,9,0.136
20785,Extra Sharp Aged Cheddar Cheese slices,packaged cheese,dairy eggs,1982,0.672,7,0.136
13287,Bistro Bowl Chicken Caesar Salad,packaged vegetables fruits,produce,1240,0.654,5,0.136
10880,Grade A Cage Free Omega-3 Enriched Medium Eggs,eggs,dairy eggs,1211,0.654,5,0.136
16419,Sweet Sliced Bread,bread,bakery,1663,0.6681,6,0.1359
4313,Star Wars Italian Sweet Creme Creamer,cream,dairy eggs,1862,0.6719,7,0.1358
13245,"Natural Artesian Water, Mini & Mobile",water seltzer sparkling water,beverages,3124,0.6818,8,0.1357
26021,Caramel Nut Brownie,energy granola bars,snacks,918,0.6362,4,0.1356
13042,with Crispy Almonds Cereal,cereal,breakfast,4330,0.712,9,0.1355
45596,Smart Start Original Antioxidants Cereal,cereal,breakfast,1091,0.6535,5,0.1355
25461,Peachy Pistachio Greek Yogurt,yogurt,dairy eggs,647,0.6383,2,0.1354
712,Direct Trade El Diablo Dark Roast Whole Bean Coffee,coffee,beverages,967,0.636,4,0.1354
35034,Peppermint Sugar Free Gum,mint gum,snacks,876,0.6358,4,0.1352
48220,Almond Milk Peach Yogurt,yogurt,dairy eggs,4707,0.7117,9,0.1352
40824,Vegan Sour Cream & Onion Kettle Chips,chips pretzels,snacks,777,0.6216,3,0.1352
24838,Unsweetened Almondmilk,soy lactosefree,dairy eggs,49569,0.7534,10,0.1351
13808,Organic Black Cherry Lowfat Yogurt,yogurt,dairy eggs,544,0.6232,1,0.1351
31373,Macrobar Prolonged Powder Banana + Almond Butter,energy granola bars,snacks,969,0.6357,4,0.1351
17316,Vitamin D Organic Whole Milk,milk,dairy eggs,10329,0.7533,10,0.1351
22915,Builder's Chocolate Peanut Butter Bar,energy granola bars,snacks,2025,0.6711,7,0.1351
1890,Organic Large Grade A Eggs,eggs,dairy eggs,4739,0.7115,9,0.135
39605,Apricot Mango Juice,juice nectars,beverages,638,0.6379,2,0.135
31846,Heavy Whip Cream,cream,dairy eggs,971,0.6354,4,0.1348
36482,Corn Sweet Potato Tortilla Chips,chips pretzels,snacks,546,0.6227,1,0.1347
35467,Semi Sweet Chocolate Mega Chunks Dairy Nut & Soy Free,baking ingredients,pantry,1017,0.6352,4,0.1346
5771,Blueberry Muffin Fruit and Nut Bar,energy granola bars,snacks,640,0.6375,2,0.1346
31404,Vanilla Yoghurt,yogurt,dairy eggs,3313,0.6807,8,0.1345
16920,Country Potato Bread,bread,bakery,2830,0.6806,8,0.1345
34270,"Cold-pressed, Deliciously Hydrating Watermelon Water",refrigerated,beverages,4306,0.7109,9,0.1344
49610,100% Lactose Free Fat Free Milk,soy lactosefree,dairy eggs,7226,0.7526,10,0.1343
12863,"Bread, Double Fiber",bread,bakery,1528,0.6662,6,0.1341
17487,Orange Juice 100% Juice,refrigerated,beverages,4441,0.7104,9,0.1339
30591,Cinnamon Brown Sugar Breakfast Biscuits,breakfast bars pastries,breakfast,3505,0.7104,9,0.1339
42445,Organic Plain Whole Milk Yogurt,yogurt,dairy eggs,13732,0.7521,10,0.1339
40868,Zero Calorie Orange Soda,soft drinks,beverages,889,0.6344,4,0.1338
6789,Whole Mushrooms,packaged vegetables fruits,produce,740,0.6203,3,0.1338
44670,Restaurant Style White Bean with Sea Salt Bean Chips,chips pretzels,snacks,1258,0.6518,5,0.1338
36472,Nutri Grain Bars Multi Pack,breakfast bars pastries,breakfast,3596,0.7102,9,0.1337
714,Breakfast Blend Light Roast K-Cup Packs,coffee,beverages,774,0.6202,3,0.1337
10279,Lunchables Pepperoni Pizza,prepared meals,deli,1071,0.6517,5,0.1337
17703,Icelandic Style Skyr 0% Milkfat Strained Non-Fat Yogurt Pomegranate & Passion Fruit,yogurt,dairy eggs,534,0.6217,1,0.1337
5918,Single Serve Cheese Pizza,frozen pizza,frozen,2498,0.6797,8,0.1336
12333,Milk Chocolate Minatures,candy chocolate,snacks,1111,0.6517,5,0.1336
32747,Low Fat 1% Milk,milk,dairy eggs,8731,0.7518,10,0.1336
43182,Almond Butter,energy granola bars,snacks,3156,0.6797,8,0.1336
29326,Gluten Free Original English Muffins,breakfast bakery,bakery,1295,0.6656,6,0.1335
36361,Organic Cottage Cheese Blueberry Acai Chia,other creams cheeses,dairy eggs,839,0.6341,4,0.1335
22525,Dried Strawberries,nuts seeds dried fruit,snacks,531,0.6215,1,0.1334
37003,"Organic Apples, Carrots and Parsnips Puree",baby food formula,babies,2568,0.6795,8,0.1334
16489,1 % Lowfat Milk,milk,dairy eggs,888,0.634,4,0.1334
29627,Synergy Raspberry Chia Kombucha,refrigerated,beverages,1159,0.6514,5,0.1334
45866,Fig Newmans Fruit Filled Cookies,cookies cakes,snacks,5709,0.7098,9,0.1333
5729,Sea Salt Popcorn,popcorn jerky,snacks,632,0.6361,2,0.1332
47683,Vanilla Light & Fit Nonfat Yogurt,yogurt,dairy eggs,1198,0.6511,5,0.133
45674,Antioxidant Infusions Molokai Coconut,refrigerated,beverages,812,0.6195,3,0.133
4957,Total 2% Lowfat Greek Strained Yogurt With Blueberry,yogurt,dairy eggs,20758,0.7512,10,0.133
45635,Blueberry B Fruit Smoothie,refrigerated,beverages,914,0.6335,4,0.1329
13187,Original Chicken Patties,frozen vegan vegetarian,frozen,822,0.6192,3,0.1328
25225,Rich Dark Chocolate,candy chocolate,snacks,822,0.6192,3,0.1328
6390,Organic Vitality Snack Green Magic Chia,baby food formula,babies,822,0.6192,3,0.1328
48927,Fat Free Plain Yoghurt,yogurt,dairy eggs,656,0.6357,2,0.1328
48857,Authentic French Brioche,breakfast bakery,bakery,7561,0.751,10,0.1327
36310,VIA Ready Brew Colombia Coffee,coffee,beverages,601,0.6356,2,0.1327
36342,Carrot Raisin Flax Muffins,breakfast bakery,bakery,1435,0.6648,6,0.1327
47049,"Baby Food Pouch - Kale, Sweet Corn & Quinoa",baby food formula,babies,1022,0.6507,5,0.1326
33719,French Vanilla Yogurt Vanilla,yogurt,dairy eggs,1042,0.6507,5,0.1326
46605,Chocolate Croissant,breakfast bakery,bakery,527,0.6205,1,0.1324
34531,Veranda Blend Blonde Ground Coffee,coffee,beverages,606,0.6353,2,0.1324
42085,Baby Food Pouch - Spinach Pumpkin & Chickpea,yogurt,dairy eggs,766,0.6188,3,0.1323
28782,Zesty Lemon Hommus,fresh dips tapenades,deli,918,0.6329,4,0.1323
38275,Cocktail Style Cubes  Spring Water Ice,ice cream ice,frozen,2419,0.6784,8,0.1323
29503,Coke,soft drinks,beverages,2456,0.6783,8,0.1322
47119,Rice Mac & Cheese,frozen meals,frozen,3278,0.6782,8,0.1321
6350,Fettuccini with Chicken Broccoli,frozen meals,frozen,705,0.6184,3,0.132
27864,Butter Croissant,breakfast bakery,bakery,739,0.6184,3,0.1319
6416,Little Bites Fudge Brownies,cookies cakes,snacks,605,0.6347,2,0.1318
33754,Total 2% with Strawberry Lowfat Greek Strained Yogurt,yogurt,dairy eggs,29893,0.75,10,0.1317
11826,Dark Chocolate Almond Milk,soy lactosefree,dairy eggs,1806,0.6678,7,0.1317
49517,0% Fat Free Organic Milk,milk,dairy eggs,3821,0.7082,9,0.1317
19511,Half And Half,cream,dairy eggs,5130,0.7082,9,0.1317
41488,Chocolate Milk,milk,dairy eggs,3097,0.6778,8,0.1316
42888,"Cheese Sticks, Variety Pack, Colby Jack & Cheddar",packaged cheese,dairy eggs,851,0.6322,4,0.1316
1398,Ice Bag,ice cream ice,frozen,4244,0.7081,9,0.1316
809,Bolani Pumpkin Filled Flatbread,prepared meals,deli,621,0.6345,2,0.1316
26689,Lime Diet Coke,soft drinks,beverages,946,0.6321,4,0.1315
7676,Organic Lowfat Plain Yogurt,yogurt,dairy eggs,3303,0.6776,8,0.1315
6532,Organic YoKids Very Berry Smoothies,yogurt,dairy eggs,7329,0.7496,10,0.1314
10768,Organic Raspberry Lowfat Yogurt,yogurt,dairy eggs,5271,0.7078,9,0.1313
17621,Vanilla Yogurt Raisins Halloween Mini-Snacks,nuts seeds dried fruit,snacks,811,0.6178,3,0.1313
21392,Coffee Cold-Brew Espresso,coffee,beverages,1109,0.6492,5,0.1312
26698,Sourdough Hard Pretzels Fat Free,chips pretzels,snacks,1842,0.6672,7,0.1312
28226,Power Grains Waffles 6 ct,frozen breakfast,frozen,4036,0.7076,9,0.1311
38241,Low-Fat Mango on the Bottom Greek Yogurt,yogurt,dairy eggs,3594,0.7076,9,0.1311
12029,Unfrosted Strawberry Toaster Pastries,breakfast bars pastries,breakfast,847,0.6316,4,0.131
32578,Organic Fresh Squeezed Orange Juice,refrigerated,beverages,5518,0.7075,9,0.131
30146,Sierra Trail Mix Energy Bar,energy granola bars,snacks,711,0.6174,3,0.131
4895,Orange Mango Sparkling Water,water seltzer sparkling water,beverages,1472,0.663,6,0.1309
34658,100% Recycled 2 Ply Jumbo Paper Towel Roll,paper goods,household,3708,0.7074,9,0.1309
35762,Eggo Cinnamon Toast Waffles,frozen breakfast,frozen,2851,0.677,8,0.1309
31102,Sugar Free Energy Drink,energy sports drinks,beverages,4095,0.7072,9,0.1307
18838,Best Cinnamon Bread,bread,bakery,2865,0.6768,8,0.1307
45832,Veranda Blend Blonde Keurig Cups,coffee,beverages,1238,0.6486,5,0.1306
22017,Honey Wheat Braided Twists,chips pretzels,snacks,1429,0.6627,6,0.1306
5757,"Nuts & Spices, Dark Chocolate Mocha Almond",energy granola bars,snacks,1181,0.6486,5,0.1306
40571,Total 2% Greek Strained Yogurt with Cherry 5.3 oz,yogurt,dairy eggs,18044,0.7487,10,0.1305
5575,Cheddar Puffs,chips pretzels,snacks,2285,0.6665,7,0.1305
33911,Zero Calorie Cream Soda,soft drinks,beverages,2132,0.6665,7,0.1305
27292,Sea Salt Macadamias,nuts seeds dried fruit,snacks,1246,0.6485,5,0.1304
42791,Minis to Go Natural Spring Water,water seltzer sparkling water,beverages,600,0.6333,2,0.1304
18725,Light Very Cherry Yogurt,yogurt,dairy eggs,1002,0.6307,4,0.1301
10341,Organic Honey Green Tea Drink,tea,beverages,684,0.633,2,0.1301
33135,Organic Blueberry Kefir,yogurt,dairy eggs,1575,0.6622,6,0.1301
39299,Organic Chocolate Chip ZBar Kids Energy Snack,energy granola bars,snacks,1168,0.6481,5,0.1301
12020,"Mighty 4 Sweet Potato, Blueberry, Millet & Greek Yogurt Tots Snack",baby food formula,babies,2535,0.6761,8,0.13
11712,Cage Free Large White Eggs,eggs,dairy eggs,9917,0.7482,10,0.13
20314,Crunch Time,spreads,pantry,821,0.6163,3,0.1299
2552,Organic Raw Pomegranate Kombucha,tea,beverages,1399,0.6619,6,0.1298
8592,"Kale, Apple, Ginger, Romaine, Spinach, Cucumber, Celery, Parsley, Lemon Cold Pressed Juice Beverage",refrigerated,beverages,990,0.6303,4,0.1297
25494,Medium House Blend Ground Coffee,coffee,beverages,675,0.6326,2,0.1297
34986,Little Bites Blueberry Muffin Pouches,cookies cakes,snacks,1257,0.6476,5,0.1295
2745,Strawberry Explosion/Banana Split Smoothie,yogurt,dairy eggs,1234,0.6475,5,0.1294
20574,Roasted Turkey,lunch meat,deli,10195,0.7476,10,0.1294
8774,Whole Grain Pita Bread,tortillas flat bread,bakery,708,0.6158,3,0.1294
43221,Egg Salad,prepared soups salads,deli,2050,0.6654,7,0.1293
28745,Oven Roasted Turkey,lunch meat,deli,11684,0.7475,10,0.1293
12756,Multigrain Oat Bread,bread,bakery,4970,0.7056,9,0.1291
5161,Dried Mango,bulk dried fruits vegetables,bulk,10150,0.7471,10,0.1289
47946,Nutella & Go!,spreads,pantry,1012,0.6294,4,0.1288
42637,"Muffins, Flax, Wild Blueberry",breakfast bakery,bakery,2430,0.6749,8,0.1288
3389,Diet Dr.Pepper Soda Pack,soft drinks,beverages,3644,0.7053,9,0.1288
5491,Stage 1 Apples Sweet Potatoes Pumpkin & Blueberries Organic Pureed Baby Food,baby food formula,babies,5581,0.7052,9,0.1287
46747,Dill & Sour Cream Plentils,chips pretzels,snacks,548,0.6168,1,0.1287
743,Pepperoni Party Pizza,frozen pizza,frozen,699,0.6152,3,0.1287
12392,Organic Love Crunch Granola Dark Chocolate & Red Berries,granola,breakfast,3650,0.7052,9,0.1287
17160,Smooth & Creamy Organic Lowfat French Vanilla Yogurt,yogurt,dairy eggs,1456,0.6607,6,0.1286
30949,Organic YoKids Smoothie Strawberry Banana Lowfat Yogurt,yogurt,dairy eggs,7273,0.7467,10,0.1285
16997,Poultry & Beef Feast Variety Grilled Wet Cat Food,cat food care,pets,949,0.6291,4,0.1285
36865,Non Fat Raspberry Yogurt,yogurt,dairy eggs,16377,0.7466,10,0.1284
28008,Greek Salad,prepared soups salads,deli,1086,0.6464,5,0.1284
39850,Sesame Street Organic Original Cruchin' Cracker,baby food formula,babies,706,0.6147,3,0.1283
4357,Organic Chocolate Almondmilk Pudding,refrigerated pudding desserts,dairy eggs,3498,0.7047,9,0.1282
34601,French Bread Pepperoni Pizza,frozen meals,frozen,555,0.6162,1,0.1282
14788,Unsweetened Iced Tea,tea,beverages,2001,0.6642,7,0.1281
14645,De Mexico,soft drinks,beverages,1371,0.6601,6,0.128
4514,Reduced Fat Colby-Jack Cheese Sticks,packaged cheese,dairy eggs,500,0.616,1,0.1279
47719,Banana Raspberry & Brown Rice Stage 2,baby food formula,babies,1079,0.646,5,0.1279
17847,Carob Chip,energy granola bars,snacks,1690,0.6639,7,0.1279
44781,"0% Greek, Blueberry on the Bottom Yogurt",yogurt,dairy eggs,1391,0.66,6,0.1278
31676,Grilled Chicken Feast in Gravy Cat Food,cat food care,pets,570,0.6158,1,0.1277
28449,"French Roast, Dark Roast K-Cups",coffee,beverages,1364,0.6598,6,0.1277
32239,100% Whole Wheat Slice English Muffins,breakfast bakery,bakery,1242,0.6457,5,0.1277
45531,Original Coffee Creamer,cream,dairy eggs,1811,0.6637,7,0.1277
46439,Italian Sliced Bread,bread,bakery,549,0.6157,1,0.1276
16864,"Black Cherry, Naturally Flavored Zero Calorie Soda, Caffeine Free",soft drinks,beverages,1575,0.6597,6,0.1275
28439,Grape Fruit Ice Bars,ice cream ice,frozen,844,0.628,4,0.1274
30095,Thirst Quencher Lemon-Lime,energy sports drinks,beverages,512,0.6152,1,0.1272
12069,Organic Campari Cocktail Tomatoes,packaged vegetables fruits,produce,2753,0.6731,8,0.127
22782,Original Key Lime Pie Yogurt,yogurt,dairy eggs,918,0.6275,4,0.1268
22908,Sesame Street Organic Homestyle Mini Pancakes,frozen breakfast,frozen,1738,0.6628,7,0.1268
43460,"Apple, Juicy Red, Family Pack",packaged vegetables fruits,produce,648,0.6296,2,0.1267
264,Non-Fat Blueberry on the Bottom Greek Yogurt,yogurt,dairy eggs,3025,0.6727,8,0.1266
19182,Vanilla Almond Builder's Protein Bar,protein meal replacements,personal care,1106,0.6447,5,0.1266
30921,Jumbo Grade A White Eggs,eggs,dairy eggs,537,0.6145,1,0.1265
6669,Breakfast Scramble Wrap,frozen breakfast,frozen,850,0.6271,4,0.1265
23431,Peppermint Mocha Liquid Coffee Creamer,cream,dairy eggs,917,0.627,4,0.1264
33623,Cage Free Large Brown Eggs,eggs,dairy eggs,1021,0.6445,5,0.1264
10479,Kellogg's Special K Red Berries Cereal,breakfast bars pastries,breakfast,811,0.6128,3,0.1264
44292,Premium Unsweetened Iced Tea,tea,beverages,6242,0.7028,9,0.1263
28635,0% Greek Yogurt Black Cherry on the Bottom,yogurt,dairy eggs,1150,0.6443,5,0.1263
34208,100% Tangerine Juice,refrigerated,beverages,871,0.6269,4,0.1263
16289,Greek 0% Fat Strawberry on the Bottom Yogurt,yogurt,dairy eggs,692,0.6127,3,0.1263
42659,Crunchy Peanut Butter Builder's Bar,energy granola bars,snacks,1399,0.6583,6,0.1262
24320,Vanilla Almond,cereal,breakfast,1726,0.6622,7,0.1262
12252,Organic Chocolate  Chip Cookie Vanilla Bean Ice Cream Sandwiches,ice cream ice,frozen,876,0.6267,4,0.1261
15777,Prune Juice,juice nectars,beverages,565,0.6142,1,0.1261
37681,Tortilla Crusted Fish,frozen meals,frozen,655,0.629,2,0.1261
21709,Sparkling Lemon Water,water seltzer sparkling water,beverages,32788,0.7443,10,0.126
17622,Wholesome Breakfast Blueberry Banana,baby food formula,babies,2391,0.6721,8,0.126
28122,Peter Rabbit Organics Kale Broccoli and Mango Purée,baby food formula,babies,1146,0.644,5,0.1259
9120,Lunchables Pizza with Pepperoni,prepared meals,deli,575,0.6139,1,0.1259
22115,Sonoma Handmade Style Corn Tortillas,tortillas flat bread,bakery,4297,0.7024,9,0.1258
12341,Hass Avocados,packaged produce,produce,50221,0.744,10,0.1258
23452,100% Carrot Juice,refrigerated,beverages,1479,0.6579,6,0.1257
32227,House Blend Whole Bean Coffee,coffee,beverages,1753,0.6617,7,0.1257
34487,Hass Avocado Bag,fresh fruits,produce,4770,0.7021,9,0.1256
25533,Vegan Chao Creamy Original Cheese Slices,packaged cheese,dairy eggs,3981,0.7021,9,0.1256
5422,Deluxe Everything Bagels,breakfast bakery,bakery,2272,0.6615,7,0.1255
37947,Organic Peach Lowfat Yogurt,yogurt,dairy eggs,4244,0.7019,9,0.1254
23296,Blueberry on the Bottom Nonfat Greek Yogurt,yogurt,dairy eggs,6374,0.7019,9,0.1254
41391,Zinfandel,red wines,alcohol,569,0.6134,1,0.1253
21704,Original Superfood Fruit Smoothie Blend,refrigerated,beverages,1850,0.6611,7,0.125
22369,Dairy-Free Chocolate Protein Beverage,soy lactosefree,dairy eggs,645,0.6279,2,0.125
40678,Citrus C Monster Smoothie,energy sports drinks,beverages,522,0.613,1,0.125
13062,"Master Brew Kombucha, Pineapple Peach",refrigerated,beverages,1286,0.6571,6,0.1249
34224,Vanilla Frozen Non-Dairy Dessert Bites,ice cream ice,frozen,1373,0.657,6,0.1248
17419,Sprouted Whole Wheat Bread,bread,bakery,4262,0.7013,9,0.1248
39861,Flax Plus Hot Oatmeal,hot cereal pancake mixes,breakfast,1425,0.6568,6,0.1247
41722,Original Thin Pepperoni Pizza,frozen pizza,frozen,1683,0.6607,7,0.1247
3283,Peanut Butter Creme Cookies,cookies cakes,snacks,1483,0.6568,6,0.1246
17985,Uncooked Medium Flour Tortillas,tortillas flat bread,bakery,2299,0.6707,8,0.1246
19677,Original Pure Creamy Almond Milk,soy lactosefree,dairy eggs,14712,0.7427,10,0.1245
37388,Cream Top Blueberry Yogurt,yogurt,dairy eggs,1676,0.6605,7,0.1245
25581,Blueberry Lowfat Yogurt,yogurt,dairy eggs,560,0.6125,1,0.1244
34898,Low Moisture Part Skim Mozzarella String Cheese,packaged cheese,dairy eggs,2150,0.6605,7,0.1244
28465,Icelandic Style Skyr Blueberry Non-fat Yogurt,yogurt,dairy eggs,19257,0.7426,10,0.1244
7681,"Master Brew Kombucha, Tart Cherry",refrigerated,beverages,1166,0.6424,5,0.1243
22228,Buttermilk Pancakes 8 Count,frozen breakfast,frozen,1981,0.6603,7,0.1242
738,Almond Breeze Unsweetened Almond Coconut Milk Blend,soy lactosefree,dairy eggs,649,0.6271,2,0.1242
33852,Black Raspberry Sparkling Water Drink,water seltzer sparkling water,beverages,1860,0.6602,7,0.1242
2879,Bourboncito Coffee,coffee,beverages,630,0.627,2,0.1241
9458,Classic Lemonade,water seltzer sparkling water,beverages,1306,0.6562,6,0.1241
25157,Uncured Pastrami,lunch meat,deli,742,0.6105,3,0.1241
25017,Organic Turkey Breast,lunch meat,deli,1326,0.6561,6,0.124
2234,Lunchables Ham & Cheddar with Cracker Stackers,lunch meat,deli,670,0.6269,2,0.124
30999,Layered Dark Chocolate Coconut Granola Bars,energy granola bars,snacks,518,0.612,1,0.1239
6252,Frijoles Negros Black Beans,canned meals beans,canned goods,734,0.6104,3,0.1239
2311,Essential Greens with Lime Vegetable and Fruit Juice Blend,refrigerated,beverages,1145,0.6419,5,0.1239
33664,2 % Reduced Fat  Milk,milk,dairy eggs,698,0.6103,3,0.1239
45763,Mini Seedless Cucumbers,fresh vegetables,produce,7559,0.742,10,0.1238
35221,Lime Sparkling Water,water seltzer sparkling water,beverages,46546,0.742,10,0.1238
31635,Vanilla Almond Milk Yogurt,yogurt,dairy eggs,5444,0.7002,9,0.1237
13603,Tarragon Chicken Salad,prepared soups salads,deli,1041,0.6417,5,0.1236
14493,Whole Wheat Eggo Waffles,frozen breakfast,frozen,2516,0.6697,8,0.1236
340,Eco-Pac Kamut Puffs Cereal,cereal,breakfast,569,0.6116,1,0.1235
20794,"Kombucha, Organic Raw, Citrus",refrigerated,beverages,4490,0.7,9,0.1235
19115,Blueberry Pecan Plus Fiber Fruit & Nut Bar,energy granola bars,snacks,1359,0.6556,6,0.1235
22309,Soft & Smooth100% Whole Wheat Bread,bread,bakery,1327,0.6556,6,0.1235
16825,Vegan Smooth Chocolate Nutritional Shake,protein meal replacements,personal care,1324,0.6556,6,0.1235
4879,"Milk, Fat Free",milk,dairy eggs,1411,0.6556,6,0.1234
43310,Organic Almond Butter With Carob Macrobar,energy granola bars,snacks,1085,0.6415,5,0.1234
10995,Baked Beans with Tomato Sauce,canned meals beans,canned goods,594,0.6263,2,0.1234
25195,Roasted Garlic Loaf,bread,bakery,756,0.6098,3,0.1233
16136,Organic Apple Cider Vinegar & Honey All Natural Drink,juice nectars,beverages,626,0.6262,2,0.1233
28174,Light Original Soymilk,soy lactosefree,dairy eggs,566,0.6113,1,0.1233
22959,Reduced Fat Milk 100% Lactose Free,soy lactosefree,dairy eggs,10130,0.7415,10,0.1232
12743,Special K Chocolatey Delight Cereal,cereal,breakfast,1020,0.6412,5,0.1231
3108,Original Lowfat Lemon Burst Yogurt,yogurt,dairy eggs,623,0.626,2,0.1231
32831,Cherry Vanilla Cherry On The Bottom Cream Top,yogurt,dairy eggs,1807,0.6591,7,0.1231
14104,Pike Place Roast Medium Keurig Brewed K-Cups,coffee,beverages,1569,0.6552,6,0.1231
8061,Pineapple Yogurt 2%,yogurt,dairy eggs,2029,0.6589,7,0.1229
39194,Bean & Rice Chips sea salt,chips pretzels,snacks,1231,0.6409,5,0.1229
48848,Organic Strained Tomatoes,canned jarred vegetables,canned goods,2237,0.6589,7,0.1229
39409,"Ginger Root Beer, Naturally Flavored Zero Calorie Soda, Caffeine Free",soft drinks,beverages,4317,0.6993,9,0.1228
16994,Chocolate Brownie Kid Z Bar,energy granola bars,snacks,948,0.6234,4,0.1228
48370,Sensitive Toilet Paper,paper goods,household,3934,0.6993,9,0.1228
42269,Atlantic Salmon Fillet,seafood counter,meat seafood,696,0.6092,3,0.1227
31623,"Kefir Cultured Milk, Nonfat, Plain, Unsweetened",yogurt,dairy eggs,900,0.6233,4,0.1227
6799,Revive Zero Vitamin Water,energy sports drinks,beverages,1978,0.6587,7,0.1227
24086,Beef Tenderloin Steak,meat counter,meat seafood,625,0.6256,2,0.1227
32211,Whole Grains Oatnut Bread,bread,bakery,4700,0.6991,9,0.1226
40120,Organic Multigrain Bread,bread,bakery,3082,0.6687,8,0.1226
6137,Merlot,red wines,alcohol,1477,0.6547,6,0.1226
12302,"Sparkling Water, Natural Mango Essenced",water seltzer sparkling water,beverages,736,0.6087,3,0.1222
5212,Watermelon Chunks,packaged vegetables fruits,produce,24534,0.7404,10,0.1222
20243,Double Peanut Butter Chip Ice Cream,ice cream ice,frozen,526,0.6103,1,0.1222
34574,Milk Chocolate baking Chips,baking ingredients,pantry,1220,0.6402,5,0.1221
27757,Beef Salami,lunch meat,deli,554,0.6101,1,0.1221
10407,Rustic Sourdough Bread,bread,bakery,705,0.6085,3,0.1221
25653,Organic Plain Yogurt,yogurt,dairy eggs,2546,0.6681,8,0.122
36438,Organic Premium Roasted Seaweed Snack,asian foods,international,1275,0.64,5,0.122
20178,Organic Quinoa Dark Chocolate Bar,candy chocolate,snacks,2849,0.668,8,0.1218
36170,Reduced Fat Original Baked Snack Crackers,crackers,snacks,1511,0.6539,6,0.1217
20327,Organic All Natural Blueberry Mini Waffles,frozen breakfast,frozen,4682,0.6982,9,0.1217
14962,Hearts of Palm,canned jarred vegetables,canned goods,533,0.6098,1,0.1217
44568,White Enriched Bread,bread,bakery,634,0.6246,2,0.1217
15462,Multigrain Bread,bread,bakery,1038,0.6397,5,0.1216
36698,Ginger Fire Probiotic Kombucha,refrigerated,beverages,615,0.6244,2,0.1215
3631,Organic Whole Milk French Vanilla Yogurt,yogurt,dairy eggs,3896,0.6979,9,0.1214
23955,Vanilla Soy Milk,soy lactosefree,dairy eggs,2268,0.6574,7,0.1214
4697,"Eggs, Cheese & Turkey Sausage Breakfast Burrito",frozen breakfast,frozen,1722,0.6574,7,0.1213
49640,Sourdough Loaf,bread,bakery,976,0.6219,4,0.1213
39441,"Instant, Irish Oatmeal, Maple & Brown Sugar",hot cereal pancake mixes,breakfast,512,0.6094,1,0.1213
45544,Organic Plain Nonfat Greek Yogurt,yogurt,dairy eggs,1716,0.6573,7,0.1213
39527,Chocolate Lowfat Milk,milk,dairy eggs,4659,0.6978,9,0.1213
14126,Gluten and Dairy Free Rice Macaroni and Cheeze,frozen meals,frozen,3412,0.6674,8,0.1212
18689,Dairy-Free Chive Cream Cheese,other creams cheeses,dairy eggs,4224,0.6977,9,0.1212
19619,Deluxe Bagels Onion,breakfast bakery,bakery,649,0.624,2,0.1211
48034,Peppered Turkey Jerky,popcorn jerky,snacks,2377,0.6672,8,0.1211
44328,Gluten Free Chocolate Dipped Donuts,frozen breakfast,frozen,641,0.624,2,0.1211
35321,Organic Lowfat Milk,milk,dairy eggs,3955,0.6976,9,0.1211
20380,Blueberry Oats and Quinoa Whole Grain Snack,baby food formula,babies,1852,0.6571,7,0.1211
27454,Organic Mini Sandwich Crackers Cheddar Cheese,crackers,snacks,4659,0.6976,9,0.1211
32585,Sprouted Wheat Cinnamon Raisin Bagels,breakfast bakery,bakery,1989,0.6571,7,0.1211
21462,Zero Calorie Cola Soda,soft drinks,beverages,2414,0.6669,8,0.1208
47531,Organic Toffee Milk Chocolate Bar,candy chocolate,snacks,519,0.6089,1,0.1208
11937,Mixed Berries,packaged vegetables fruits,produce,1639,0.6528,6,0.1207
1452,Lean Protein & Fiber Bar Honey Drizzle Peanut,energy granola bars,snacks,506,0.6087,1,0.1206
6808,Organic Spinach & Cheese Tortellini,fresh pasta,dry goods pasta,575,0.6087,1,0.1206
34817,Nine Grain Sourdough Bread,bread,bakery,603,0.6235,2,0.1206
15164,De Mexico Bottle,soft drinks,beverages,680,0.6235,2,0.1206
9666,Country Morning White Bread,bread,bakery,4348,0.6971,9,0.1206
36046,Greek 100 Calories Mixed Berry Yogurt,yogurt,dairy eggs,720,0.6069,3,0.1205
32645,Sugarfree Energy Drink,energy sports drinks,beverages,1040,0.6385,5,0.1204
23499,Organic Blueberry Lowfat Yogurt,yogurt,dairy eggs,544,0.6085,1,0.1204
18011,Espresso Dark Roast Ground Coffee,coffee,beverages,934,0.621,4,0.1204
30425,Chewy Chocolate Chip Granola Bars,energy granola bars,snacks,531,0.6083,1,0.1202
15351,Organic Unsweetened Green Tea,tea,beverages,531,0.6083,1,0.1202
5002,Organic Iced Oatmeal Cookie ZBar,energy granola bars,snacks,582,0.6082,1,0.1202
22739,Organic Stoneground Flakes Purple Corn Cereal,cereal,breakfast,944,0.6208,4,0.1202
14421,Espresso Ground Coffee,coffee,beverages,1386,0.6522,6,0.1201
13790,Triscuit Reduced Fat Crackers,crackers,snacks,826,0.6065,3,0.1201
37999,Antioxidant Infusions Ipanema Pomegranate Beverage,refrigerated,beverages,765,0.6065,3,0.1201
25301,Country Ranch Nut & Rice Cracker Snacks,crackers,snacks,569,0.6081,1,0.12
23106,Pomegranate on the Bottom Non-Fat Greek Yogurt,yogurt,dairy eggs,2102,0.656,7,0.12
33791,Raspberry on the Bottom Nonfat Greek Yogurt,yogurt,dairy eggs,5029,0.6964,9,0.1199
7146,Green Tea,tea,beverages,1124,0.6379,5,0.1199
42016,Non GMO Organic Brown Eggs,eggs,dairy eggs,1019,0.6379,5,0.1198
2305,Baby Persian Cucumbers,packaged vegetables fruits,produce,964,0.6203,4,0.1197
30320,Craveables Four Cheese Pizza,frozen pizza,frozen,1234,0.6378,5,0.1197
32912,Baked Whole Grain Wheat Hint of Salt Crackers,crackers,snacks,520,0.6077,1,0.1196
36186,Large Grade AA Organic Eggs,eggs,dairy eggs,3936,0.6961,9,0.1196
35003,Chunky Peanut Butter High Protein Bar,energy granola bars,snacks,1054,0.6376,5,0.1195
45447,Gluten Free Covered Pretzels Yogurt,chips pretzels,snacks,3104,0.6656,8,0.1195
2269,"Turkey Bar, Almond + Cranberry",energy granola bars,snacks,746,0.6059,3,0.1194
23737,Organic 100% Grapefruit  Juice,refrigerated,beverages,1875,0.6555,7,0.1194
7881,BelVita Golden Oat Breakfast Biscuit Packets,breakfast bars pastries,breakfast,929,0.62,4,0.1194
47546,Chocolate Coconut Milk Beverage,soy lactosefree,dairy eggs,963,0.6199,4,0.1193
116,English Muffins,breakfast bakery,bakery,4359,0.6958,9,0.1193
3885,Crinkle Cut Carrots,frozen produce,frozen,695,0.6058,3,0.1193
16974,Sea Salt Brown Rice Crackers,chips pretzels,snacks,2773,0.6653,8,0.1192
5907,Apple Cinnamon Fig Bar,breakfast bars pastries,breakfast,550,0.6073,1,0.1192
14917,Blackberry Yogurt,yogurt,dairy eggs,3466,0.6956,9,0.1191
33125,Organic Mini Cheddar Cheese Crackers,crackers,snacks,1679,0.6552,7,0.1191
16714,Mocha Frappucino Chilled Coffee Drink,coffee,beverages,2044,0.6551,7,0.119
1689,15 Grain Whole Grain Bread,bread,bakery,2344,0.6651,8,0.119
5077,100% Whole Wheat Bread,bread,bakery,60816,0.7372,10,0.119
44397,Organic European Style Sweet Unsalted Butter,butter,dairy eggs,1942,0.655,7,0.119
17791,White Corn Tortilla Strips,chips pretzels,snacks,870,0.6195,4,0.1189
3066,Organic Balance Milk Protein Shake Dark Chocolate,soy lactosefree,dairy eggs,632,0.6218,2,0.1189
27945,"Mozzarella String Cheese Sticks, Light Low-Moisture Part Skim",packaged cheese,dairy eggs,661,0.6218,2,0.1189
35364,Peter Rabbit Organic Pea Spinach & Apple Puree Snack,baby food formula,babies,1228,0.6368,5,0.1188
30323,Apple Cinnamon Hot Oatmeal,hot cereal pancake mixes,breakfast,770,0.6052,3,0.1187
41539,Variety Pack Hard Cider,beers coolers,alcohol,1014,0.6193,4,0.1187
41242,Strawberry Lowfat Yogurt,yogurt,dairy eggs,1871,0.6547,7,0.1187
38886,Pomegranate Blackberry Probiotic Juice Drink,digestion,personal care,534,0.6067,1,0.1187
34557,Salted Caramel Greek Nonfat Yogurt,yogurt,dairy eggs,1303,0.6508,6,0.1187
38313,Organic Apple Banana GoGo Squeez,fruit vegetable snacks,snacks,4625,0.6951,9,0.1186
5353,Two Organic Cornmeal Pizza Crusts,prepared meals,deli,1363,0.6508,6,0.1186
9772,Sugarfree Spearmint Chewing Gum,oral hygiene,personal care,605,0.6215,2,0.1186
19448,Organic Gluten Free & Wheat Free Pumpkin Spice Waffles,frozen breakfast,frozen,2299,0.6646,8,0.1185
10310,Wheat Thins Original,crackers,snacks,2162,0.6545,7,0.1184
42360,Farmhouse Hearty White Bread,bread,bakery,2043,0.6544,7,0.1184
42411,Young Coconut,fresh fruits,produce,830,0.6048,3,0.1184
26427,Fruit & Nut Delight Bar,energy granola bars,snacks,971,0.6189,4,0.1183
4455,Raspberry Cereal,breakfast bars pastries,breakfast,1872,0.6544,7,0.1183
16363,Gluten Free Breaded Chicken Breast Tenders,frozen meat seafood,frozen,2971,0.6644,8,0.1183
25138,Organic Plain Greek Whole Milk Yogurt,yogurt,dairy eggs,11552,0.7365,10,0.1183
42244,Total 2% All Natural Low Fat 2% Milkfat Greek Strained Yogurt,yogurt,dairy eggs,14621,0.7365,10,0.1182
9881,Vegan Aged White Cheddar Flavor Puffs,chips pretzels,snacks,3307,0.6643,8,0.1182
41771,Fresh European Style Baby Spinach,packaged vegetables fruits,produce,2422,0.6643,8,0.1182
7413,Chocolate Peppermint Stick Bar,energy granola bars,snacks,2302,0.6642,8,0.1181
8667,Organic Pure 85% Dark Chocolate Bar,candy chocolate,snacks,1481,0.6502,6,0.1181
20904,California Roll Sushi,prepared meals,deli,1409,0.6501,6,0.118
21471,Salisbury Steak Dinner,frozen meals,frozen,505,0.6059,1,0.1179
12597,Organic Bakery Tortillas Whole Spelt,tortillas flat bread,bakery,1849,0.6539,7,0.1178
21953,Millennium Organic Cherry Chia Synergy Kombucha,refrigerated,beverages,1357,0.65,6,0.1178
42992,Pasture Raised Eggs,eggs,dairy eggs,904,0.6184,4,0.1178
46870,Cheddar Cheese Rice Crisps,crackers,snacks,715,0.6042,3,0.1177
30214,Half Steam Pan,kitchen supplies,household,688,0.6206,2,0.1177
12196,Chicken Quesadilla,prepared meals,deli,1249,0.6357,5,0.1177
9534,Organic White Bread Done Right,bread,bakery,3505,0.6942,9,0.1176
47163,Caramel Macchiato Gourmet Coffee Creamer,cream,dairy eggs,922,0.6182,4,0.1176
16856,Black Bean Bonanza Tamales,latino foods,international,502,0.6056,1,0.1175
21386,Smartwater,water seltzer sparkling water,beverages,11504,0.7357,10,0.1175
18285,Cinnamon French Toaster Sticks,frozen breakfast,frozen,598,0.6204,2,0.1175
49026,Plain Almond Milk Yogurt,milk,dairy eggs,4160,0.694,9,0.1175
31126,Coffee Crunch In Dark Chocolate,candy chocolate,snacks,712,0.6039,3,0.1175
6846,Diet Pepsi Pack,soft drinks,beverages,3076,0.6635,8,0.1174
32331,Flip™ Low-Fat Almond Coco Loco Lowfat Greek Yogurt,yogurt,dairy eggs,3976,0.6939,9,0.1174
25706,Hazelnut Bromstad Design Liquid Coffee Creamer,cream,dairy eggs,3779,0.6938,9,0.1173
2374,100% Whole Wheat Pre-Sliced Bagel Thins,breakfast bakery,bakery,984,0.6179,4,0.1173
36857,Gluten Free Double Chocolate Muffins,breakfast bakery,bakery,1429,0.6494,6,0.1173
48695,SARA LEE     15OZ PLAIN MINI BAGELS,breakfast bakery,bakery,595,0.6202,2,0.1173
8277,Apple Honeycrisp Organic,fresh fruits,produce,85020,0.7352,10,0.117
24107,Organic Whole Grain,bread,bakery,889,0.6175,4,0.1169
45948,Gluten Free 7 Grain Bread,bread,bakery,8564,0.7352,10,0.1169
2538,Roast Turkey Breast & Stuffing Dinner,frozen meals,frozen,711,0.6034,3,0.1169
6195,Eggo Mini Homestyle Waffles,frozen breakfast,frozen,779,0.6033,3,0.1169
16387,Cold-Pressed Organic Grapefruit,juice nectars,beverages,1962,0.6529,7,0.1169
27705,Icelandic Style Skyr Non-Fat Strained Plain Yogurt,yogurt,dairy eggs,3067,0.6629,8,0.1168
14348,California Pinot Noir,red wines,alcohol,544,0.6048,1,0.1167
21775,Brazilian Cheese Bread Original Cheddar and Parmesan,frozen appetizers sides,frozen,2194,0.6527,7,0.1166
21999,Gluten Free Chocolate Coated Wafers,cookies cakes,snacks,1452,0.6488,6,0.1166
35353,Dino Eggs Instant Oatmeal,hot cereal pancake mixes,breakfast,636,0.6195,2,0.1166
15084,Creme Caramel Low Fat Frozen Yogurt,ice cream ice,frozen,791,0.603,3,0.1166
42403,Blueberry Bagels,breakfast bakery,bakery,1026,0.6345,5,0.1165
41408,Goat's Milk Cheese,packaged cheese,dairy eggs,1732,0.6524,7,0.1164
34027,Crispix Rice & Corn Cereal,cereal,breakfast,2622,0.6625,8,0.1164
11422,Plain Greek Yogurt,yogurt,dairy eggs,13861,0.7345,10,0.1163
16793,"Protein Bar, High, White Chocolate",energy granola bars,snacks,1348,0.6484,6,0.1162
34664,Total 2% Lowfat Greek Yogurt with Honey,yogurt,dairy eggs,651,0.619,2,0.1161
37377,No Sugar Added Applesauce,canned fruit applesauce,canned goods,609,0.619,2,0.1161
20113,Organic Gluten Free Buckwheat Wildberry Waffles,frozen breakfast,frozen,4606,0.6926,9,0.1161
24235,Honey Wheat Enriched Bread,bread,bakery,4774,0.6925,9,0.116
32130,Milk Chocolate Toffee Almond High Protein & Fiber Bar,energy granola bars,snacks,656,0.6189,2,0.116
27307,Cage Free Grade A Large Brown Eggs,eggs,dairy eggs,6351,0.6925,9,0.116
2693,The Big 16 Grain Sprouted Whole Grain Bread,bread,bakery,593,0.6189,2,0.116
9623,Sparkling Natural Spring Water,water seltzer sparkling water,beverages,5709,0.6924,9,0.1159
7533,Low-Fat Strawberry Banana on the Bottom Greek Yogurt,yogurt,dairy eggs,4060,0.6924,9,0.1159
10089,Dolmas,prepared meals,deli,1804,0.6519,7,0.1158
34809,Cucumber Seedless,fresh vegetables,produce,568,0.6039,1,0.1158
5970,Whole Grain White Bread,bread,bakery,1087,0.6339,5,0.1158
22809,Honey Clusters Cereal,cereal,breakfast,520,0.6038,1,0.1158
7054,Low Fat Plain Yogurt,yogurt,dairy eggs,5934,0.6923,9,0.1158
24952,"Tortilla Chips, Corn, Red Hot Blues",chips pretzels,snacks,2486,0.6617,8,0.1156
24186,Slim Can Pink Grapefruit Natural Mineral Water,water seltzer sparkling water,beverages,4796,0.692,9,0.1155
46755,Dark Chocolate with 88% Cocoa,candy chocolate,snacks,1802,0.6515,7,0.1155
33198,Sparkling Natural Mineral Water,water seltzer sparkling water,beverages,42934,0.7337,10,0.1155
8474,Natural Swiss Cheese Slices,packaged cheese,dairy eggs,741,0.6019,3,0.1154
26131,Mixed Berries Whole Milk Icelandic Style Skyr Yogurt,yogurt,dairy eggs,7223,0.7336,10,0.1154
7029,Cold Brew Coffee With Milk Chocolate,coffee,beverages,901,0.616,4,0.1154
9421,Organic Raw Multigreen Kobmbucha,refrigerated,beverages,6584,0.7336,10,0.1154
33357,Fresh Sugar Snap Peas,packaged vegetables fruits,produce,1721,0.6514,7,0.1153
162,Organic Mini Homestyle Waffles,frozen breakfast,frozen,4919,0.6918,9,0.1153
20682,Cinnamon Raisin Swirl Pre-Sliced Bagels,breakfast bakery,bakery,3715,0.6918,9,0.1153
3434,Coffee Mate Natural Bliss Sweet Creme Coffee Creamer,cream,dairy eggs,1548,0.6473,6,0.1151
32743,Apple Plum Kamut Stage 2 Baby Food,baby food formula,babies,567,0.6032,1,0.1151
43631,Diet Coke,soft drinks,beverages,6720,0.7333,10,0.1151
1653,Organic Nibbly Fingers Stage 3 Bananas & Raisins,baby food formula,babies,572,0.6031,1,0.1151
35968,Organic Traditional Hummus,fresh dips tapenades,deli,1883,0.6511,7,0.115
3308,Original English Muffins,breakfast bakery,bakery,3134,0.6611,8,0.115
45064,Honey Wheat Bread,bread,bakery,5845,0.6915,9,0.115
20906,"Rice and Corn Puffs, Baked, Veggie",popcorn jerky,snacks,1765,0.651,7,0.1149
13080,Organic Turmeric Ginger Tonic,refrigerated,beverages,1237,0.633,5,0.1149
37646,Organic Gala Apples,fresh fruits,produce,72846,0.7331,10,0.1149
6651,Organic Spelt English Muffins,breakfast bakery,bakery,1084,0.6328,5,0.1148
35045,Original No Pulp Pure 100% Florida Orange Juice,refrigerated,beverages,3350,0.6609,8,0.1148
16607,Whole Grains Health Nut Bread,bread,bakery,1001,0.6154,4,0.1148
41375,Organic Atage 3 Nibbly Fingers Mangoes Carrots,baby food formula,babies,2465,0.6609,8,0.1147
12016,Organic Bran Flakes Cereal,cereal,breakfast,2182,0.6508,7,0.1147
4692,Organic Vanilla Bean Greek Yogurt,yogurt,dairy eggs,625,0.6176,2,0.1147
21447,Light Fat Free Blueberry Patch Yogurt,yogurt,dairy eggs,1138,0.6327,5,0.1146
41519,Super Scoop Instant Clumping Unscented Cat Litter,cat food care,pets,617,0.6175,2,0.1146
46822,Ice,ice cream ice,frozen,2726,0.6607,8,0.1146
39363,Uncured Bacon & Pork Bar,energy granola bars,snacks,782,0.601,3,0.1146
17484,Thin And Crispy Corn Tortilla Chips,chips pretzels,snacks,2158,0.6506,7,0.1146
13660,Original Kombucha,tea,beverages,1966,0.6506,7,0.1145
33178,"100% Juice, Apple",juice nectars,beverages,956,0.6151,4,0.1145
48859,"Bread, Natural Pumpernickel",bread,bakery,891,0.615,4,0.1144
41458,Chocolate Miracle Tart,bakery desserts,bakery,878,0.615,4,0.1144
46061,Popcorn,popcorn jerky,snacks,6829,0.7326,10,0.1144
12075,Spicy Hummus,fresh dips tapenades,deli,3366,0.6604,8,0.1143
47402,Fuji Apples,fresh fruits,produce,4976,0.6907,9,0.1142
1559,Cherry Pomegranate Greek Yogurt,yogurt,dairy eggs,6858,0.7324,10,0.1142
44666,Original Nooks & Crannies Cinnamon Raisin English Muffins,breakfast bakery,bakery,1374,0.6463,6,0.1142
34050,Orange Juice,refrigerated,beverages,16987,0.7323,10,0.1141
14447,Chocolate Mint Builder's Bar,energy granola bars,snacks,2258,0.6501,7,0.1141
49279,Turkey Store Lean Ground Turkey,packaged poultry,meat seafood,2842,0.6601,8,0.114
19604,Medium Scarlet Raspberries,fresh fruits,produce,5037,0.6905,9,0.114
1160,Pinot Grigio,white wines,alcohol,3235,0.66,8,0.1139
8436,Organic Waffles Flax Plus,frozen breakfast,frozen,1463,0.6459,6,0.1138
18583,Taboule Salad,prepared meals,deli,2652,0.6599,8,0.1138
27392,Strawberry Organic Kefir,yogurt,dairy eggs,3700,0.6903,9,0.1138
6287,Organic & Raw Strawberry Serenity Kombucha,refrigerated,beverages,7018,0.732,10,0.1137
1831,Peach-Pear Sparkling Water,water seltzer sparkling water,beverages,2878,0.6598,8,0.1137
37066,Original Cherry Orchard Yogurt,yogurt,dairy eggs,1964,0.6497,7,0.1137
1194,Natural Artisan Water,water seltzer sparkling water,beverages,11110,0.7319,10,0.1136
16987,Organic Love Crunch Dark Chocolate Macaroon Granola,granola,breakfast,1321,0.6457,6,0.1136
11488,Vegetable Oil & Nonfat Yogurt Spread,butter,dairy eggs,946,0.6142,4,0.1136
7781,Organic Sticks Low Moisture Part Skim Mozzarella String Cheese,packaged cheese,dairy eggs,34209,0.7318,10,0.1135
8381,34% Cacao Milk Chocolate Bar,candy chocolate,snacks,1789,0.6495,7,0.1135
35613,Original Thin Supreme Pizza,frozen pizza,frozen,623,0.6164,2,0.1135
26900,USDA AA Extra Large Eggs,eggs,dairy eggs,2231,0.6495,7,0.1134
16303,Hazelnut Half+Half,cream,dairy eggs,649,0.6163,2,0.1134
12697,Sliced Pepper Jack Cheese,packaged cheese,dairy eggs,662,0.6163,2,0.1134
8501,Breakfast Blend Medium Keurig Brewed K-Cups Ground Coffee,coffee,beverages,2446,0.6594,8,0.1133
35343,Tomato Sauce & Three Cheese Pizza,frozen pizza,frozen,577,0.6014,1,0.1133
8594,Organic Country Style Barbeque Potato Chips,chips pretzels,snacks,1158,0.6313,5,0.1132
21603,Blueberry Blaze Trail Mix,trail mix snack mix,snacks,2218,0.6492,7,0.1132
19398,"Bread, Natural Fitness",bread,bakery,1025,0.6312,5,0.1132
30461,Organic Multigrain Mild Green Mojo Tortilla Chips,chips pretzels,snacks,1239,0.6312,5,0.1131
28628,Peter Rabbit Organics Pumpkin Carrot & Apple Snack,baby food formula,babies,612,0.616,2,0.1131
29752,Gluten Free Foods Granola,granola,breakfast,1536,0.6452,6,0.113
22425,Hickory Honey Barbeque Baked Potato Chips,chips pretzels,snacks,1567,0.6452,6,0.113
15398,Mighty 4: Pumpkin Pomegranate Quinoa Greek Yogurt Nutrition Blend for Tots,baby food formula,babies,690,0.6159,2,0.113
24670,Organic Love Crunch Granola Apple Crumble,granola,breakfast,564,0.6011,1,0.113
44042,Premium Italian Bread,bread,bakery,3987,0.6895,9,0.113
12499,Fiber Rich Wheat Tortillas Fajita Size,tortillas flat bread,bakery,699,0.5994,3,0.113
310,"Crackers, Puffed, Corn, Quinoa & Sesame",crackers,snacks,1103,0.631,5,0.113
27690,Apple Cinnamon GoGo Squeez,fruit vegetable snacks,snacks,8839,0.7311,10,0.1128
9438,Honey Graham Sticks,cookies cakes,snacks,3417,0.6588,8,0.1127
47900,"Uncured, No Sugar, Hickory Smoked Bacon",hot dogs bacon sausage,meat seafood,4848,0.6892,9,0.1126
13031,Pizza Roasted Vegetable No Cheese,frozen pizza,frozen,3323,0.6587,8,0.1126
2540,Organic Juliette Vanilla Ice Cream Sandwiches,ice cream ice,frozen,998,0.6132,4,0.1126
11497,"Crackers, Baked, Crispy Sea Salt",crackers,snacks,985,0.6132,4,0.1126
5388,Country French Bread,bread,bakery,838,0.599,3,0.1126
8516,Ancient Grain Granola Cranberry Pecan,granola,breakfast,2032,0.6486,7,0.1126
33454,Power-C Dragonfruit Vitamin Water Drink,energy sports drinks,beverages,1579,0.6447,6,0.1126
47867,Gluten Free Honey Mustard & Onion Pretzel Sticks,chips pretzels,snacks,813,0.599,3,0.1126
47167,Organic Sunny Days Apple Snack Bars,baby food formula,babies,2452,0.6586,8,0.1125
42221,100% Premium Arabica Ground Coffee,coffee,beverages,611,0.6154,2,0.1125
22640,Organic Half And Half,cream,dairy eggs,1023,0.6305,5,0.1124
33589,G2 Grape Sports Drink,energy sports drinks,beverages,1886,0.6485,7,0.1124
46931,Peaches,fresh fruits,produce,2913,0.6584,8,0.1123
34688,Good Belly Probiotics Juice Drink Blueberry Acai Flavor,refrigerated,beverages,2336,0.6584,8,0.1123
22220,Original Roasted Seaweed Snacks,asian foods,international,4058,0.6888,9,0.1123
31258,Granola Bar Peanut Butter,energy granola bars,snacks,770,0.5987,3,0.1122
45840,100% Pure Apple Juice,juice nectars,beverages,5351,0.6887,9,0.1122
39534,Grilled Chicken Strips,packaged meat,meat seafood,2338,0.6583,8,0.1121
28790,Bolani Spinach Filled Flatbread,bread,bakery,1087,0.6302,5,0.1121
10049,Deli Sliced Sharp Cheddar Cheese,packaged cheese,dairy eggs,1377,0.6442,6,0.112
6383,All Whites 100% Egg Whites,eggs,dairy eggs,3390,0.6581,8,0.112
29156,Organic Stage 2 Sweet Potato Garbanzo Barley,baby food formula,babies,732,0.5984,3,0.1119
3664,Slim Can Lime Sparkling Natural Mineral Water,water seltzer sparkling water,beverages,1354,0.644,6,0.1119
852,Light String Cheese,packaged cheese,dairy eggs,898,0.6125,4,0.1119
38558,Organic Low Fat Cottage Cheese,other creams cheeses,dairy eggs,3767,0.6883,9,0.1118
48746,Original Baked  Potato Chips,chips pretzels,snacks,1164,0.6297,5,0.1117
43556,Diet Lemon Lime Soda,soft drinks,beverages,962,0.6123,4,0.1117
32833,Plain Nonfat Yogurt,yogurt,dairy eggs,744,0.5981,3,0.1117
1804,Baked White Cheddar Cheese Puffs,chips pretzels,snacks,1805,0.6476,7,0.1116
25197,Iced Oatmeal Cookie Kid Z Bar,energy granola bars,snacks,5641,0.688,9,0.1115
14347,Mortadella,lunch meat,deli,843,0.6121,4,0.1115
649,Classic coke,soft drinks,beverages,1212,0.6295,5,0.1115
2132,Rosemary Olive Oil Bread,bread,bakery,1400,0.6436,6,0.1114
18523,Total 2% All Natural Greek Strained Yogurt with Honey,yogurt,dairy eggs,23034,0.7297,10,0.1114
11129,Banana Bread Mix,doughs gelatins bake mixes,pantry,1074,0.6294,5,0.1114
25762,Spinach Pizza Snacks,frozen appetizers sides,frozen,1826,0.6473,7,0.1113
39649,Dove Dark Chocolate Snowflake Promises,candy chocolate,snacks,1576,0.6434,6,0.1113
1514,Cracklin' Oat Bran Cereal,cereal,breakfast,1273,0.6292,5,0.1112
41177,Sea Salt Roasted Seaweed,fruit vegetable snacks,snacks,3886,0.6876,9,0.1111
38444,Chardonnay,white wines,alcohol,6153,0.6875,9,0.111
38430,Protein Power Cold Pressed Fruit Smoothie,refrigerated,beverages,663,0.6139,2,0.111
11185,Large Croissants,breakfast bakery,bakery,986,0.6116,4,0.111
17553,Lowfat Blueberry Yogurt,yogurt,dairy eggs,4321,0.6873,9,0.1108
3211,Synergy Organic & Raw Green Chia Kombucha,refrigerated,beverages,1021,0.6288,5,0.1107
36397,Gluten Free Millet-Chia Bread,bread,bakery,4060,0.6872,9,0.1107
19204,Organic Heritage Flakes Cereal,cereal,breakfast,2069,0.6467,7,0.1106
12253,90 Calorie Chocolate Chip Cookie,breakfast bars pastries,breakfast,608,0.6135,2,0.1106
432,Vanilla Almond Breeze Almond Milk,soy lactosefree,dairy eggs,30935,0.7287,10,0.1105
49044,"Organic Pears, Peas and Broccoli Puree Stage 1",baby food formula,babies,5033,0.6869,9,0.1104
12545,French Vanilla Coconut Milk Creamer,soy lactosefree,dairy eggs,5517,0.6868,9,0.1103
1185,Energy Tropical Citrus Vitamin Water Drink,energy sports drinks,beverages,1401,0.6424,6,0.1103
17920,Shredded Almond Mozzarella Cheese,packaged cheese,dairy eggs,685,0.6131,2,0.1102
36792,Gluten Free Omega Flax & Fiber Bread,bread,bakery,3157,0.6563,8,0.1102
41213,French Loaf,bread,bakery,3375,0.6563,8,0.1102
19366,Sprouted Organic Cinnamon Raisin English Muffins,breakfast bakery,bakery,3568,0.6867,9,0.1102
42913,Iceberg Garden Salad Blend,packaged vegetables fruits,produce,1100,0.6282,5,0.1101
38988,White English Muffins,breakfast bakery,bakery,3456,0.6866,9,0.1101
2977,Original 100% Orange Juice with Calcium & Vitamin D,refrigerated,beverages,694,0.5965,3,0.1101
33090,Light & Fit Strawberry Non Fat Greek Yogurt,yogurt,dairy eggs,2312,0.6561,8,0.11
23054,Whole Wheat Sourdough,bread,bakery,1893,0.6461,7,0.11
1621,Organic Vitality Snack Chia Squeeze Strawberry Banana,nuts seeds dried fruit,snacks,520,0.5981,1,0.11
12606,100% Natural Spring Water,water seltzer sparkling water,beverages,6938,0.7282,10,0.1099
20171,White Bread,bread,bakery,855,0.6105,4,0.1099
37841,Organic Chewy Kid-Sized Oatmeal Raisin Granola Bars,energy granola bars,snacks,687,0.6128,2,0.1099
5922,"Honest Face, Hand, & Baby Wipes",diapers wipes,babies,2907,0.656,8,0.1099
32402,"Crackers, Crispy, Cheddar",crackers,snacks,2056,0.6459,7,0.1099
14218,Grade A Large Eggs Cage Free Omega 3,eggs,dairy eggs,8568,0.7281,10,0.1098
47977,Grapefruit Sparkling Water,water seltzer sparkling water,beverages,14928,0.728,10,0.1098
14089,Organic Freeze Dried Bananas,nuts seeds dried fruit,snacks,552,0.5978,1,0.1098
11140,Organic Romaine Leaf,packaged vegetables fruits,produce,11431,0.7278,10,0.1095
8186,"Baby Food Pouch - Butternut Squash, Carrot & Chickpea",baby food formula,babies,1292,0.6416,6,0.1095
48241,Sculpin IPA,beers coolers,alcohol,569,0.5975,1,0.1095
7916,Grilled Chicken Breast,prepared meals,deli,6639,0.7277,10,0.1094
9595,Organic Homestyle Mini Waffles,frozen breakfast,frozen,5361,0.6859,9,0.1094
6933,Strained Whole-Milk Yogurt Blueberry,yogurt,dairy eggs,1678,0.6454,7,0.1094
12039,Organic Pear Juice,juice nectars,beverages,1819,0.6454,7,0.1094
17652,Air Chilled Breaded Chicken Breast Nuggets,frozen appetizers sides,frozen,8548,0.7275,10,0.1093
36459,Natural Choice Original Uncured Bacon,hot dogs bacon sausage,meat seafood,524,0.5973,1,0.1093
9739,Freeze Dried Instant Coffee,coffee,beverages,1489,0.6414,6,0.1092
15414,Double Smoked Uncured Center Cut Bacon,hot dogs bacon sausage,meat seafood,593,0.6121,2,0.1092
31188,Italian Seitan,tofu meat alternatives,deli,504,0.5972,1,0.1092
3913,Original Unfiltered Ginger Ale,soft drinks,beverages,902,0.6098,4,0.1092
4577,"Spaghetti O's, Meatballs",canned meals beans,canned goods,561,0.5971,1,0.1091
45082,Honey Oat Crunch Trail Mix Crunchy Granola Bars,energy granola bars,snacks,930,0.6097,4,0.1091
27839,49 Flavors Jelly Belly Jelly Beans,candy chocolate,snacks,1597,0.6412,6,0.1091
16848,Hickory Smoked Ultra Thin Deli Slices,tofu meat alternatives,deli,3065,0.6551,8,0.109
14295,Sea Salt Garden Veggie Straws,crackers,snacks,744,0.5954,3,0.109
46378,Dark Chocolate Chili Almond Nuts & Spices,energy granola bars,snacks,662,0.6118,2,0.1089
44051,Zero Vitamin Water,energy sports drinks,beverages,1867,0.6449,7,0.1088
502,"Frozen Desserts, Fit, Salted Caramel",ice cream ice,frozen,511,0.5969,1,0.1088
44765,Colby Cheese Sticks,packaged cheese,dairy eggs,12191,0.727,10,0.1088
45970,Organic Black Beans Ready To Eat In Pouch,fruit vegetable snacks,snacks,896,0.6094,4,0.1088
14819,Crazy Feta Dip,fresh dips tapenades,deli,694,0.5951,3,0.1086
13646,Lemon Hummus,fresh dips tapenades,deli,16439,0.7268,10,0.1086
11985,Buttermilk Pancakes,frozen breakfast,frozen,852,0.6092,4,0.1085
9598,Gogo Squeez Organic Apple Strawberry Applesauce on the Go,canned fruit applesauce,canned goods,5508,0.685,9,0.1085
8732,Dipps Chocolatey Covered Chocolate Chip Granola Bars,energy granola bars,snacks,1234,0.6264,5,0.1084
6927,Mixed Fruit Salad,packaged vegetables fruits,produce,674,0.6113,2,0.1084
13866,Deluxe Plain Bagels,breakfast bakery,bakery,4214,0.6849,9,0.1084
39099,Egg & Green Chile Burrito,frozen meals,frozen,1424,0.6404,6,0.1083
46372,Squeezed Orange Juice,refrigerated,beverages,792,0.5947,3,0.1082
8986,Vanilla Coconut Milk Yogurt,yogurt,dairy eggs,1180,0.6263,5,0.1082
21683,Organic Multigrain English Muffins,buns rolls,bakery,1177,0.6262,5,0.1081
36107,smartwater® Electrolyte Enhanced Water,water seltzer sparkling water,beverages,4883,0.6846,9,0.1081
1896,Organic Sensible Sipper Apple Juice,juice nectars,beverages,2435,0.6542,8,0.1081
43143,Gluten Free Dark Chocolate High Protein Bar,energy granola bars,snacks,562,0.5961,1,0.108
34429,Kumato Tomatoes,fresh vegetables,produce,5157,0.6845,9,0.108
14576,Delights Turkey Sausage Egg Whites & Cheese English Muffin,frozen breakfast,frozen,1520,0.6401,6,0.108
7381,Dark Chocolate Frozen Dessert bars,ice cream ice,frozen,1203,0.6259,5,0.1079
11193,Ancient Grain Blueberry Hemp Granola,granola,breakfast,3438,0.6539,8,0.1078
25371,Organic Banana Blueberry Baby Food Puree,baby food formula,babies,2886,0.6538,8,0.1077
45767,Sunny Days Strawberry Snack Bars,baby food formula,babies,2883,0.6538,8,0.1077
35078,Seriously Sharp Cheddar Cheese,packaged cheese,dairy eggs,2452,0.6538,8,0.1076
24816,Natural Deli Style Sliced Extra Sharp Cheddar Cheese,packaged cheese,dairy eggs,835,0.594,3,0.1076
17281,White with 30% Cacao Content Organic Chocolate,candy chocolate,snacks,1396,0.6397,6,0.1075
13286,Dairy Pure Fat Free Milk,milk,dairy eggs,634,0.6104,2,0.1075
2229,Uncrustables Peanut Butter & Strawberry Spread Sandwich,frozen meals,frozen,1379,0.6396,6,0.1075
40826,Manhattan Style Whole Kosher Pickles,pickled goods olives,pantry,1896,0.6435,7,0.1074
46388,Sweet & Salty Nut Cashews Granola,energy granola bars,snacks,566,0.5954,1,0.1074
10827,Organic Apple Cider Vinegar All Natural Drink Apple Cinnamon,juice nectars,beverages,626,0.6102,2,0.1073
42345,Baby Food Pouch - Roasted Carrot Spinach & Beans,baby food formula,babies,1506,0.6394,6,0.1073
40742,French Roast Whole Bean Coffee,coffee,beverages,2201,0.6433,7,0.1073
26553,Butter Bread,bread,bakery,1467,0.6394,6,0.1073
11212,Apple Blueberry Fruit Yogurt Smoothie,baby food formula,babies,1249,0.6253,5,0.1073
33819,Original French Vanilla Yogurt,yogurt,dairy eggs,2879,0.6534,8,0.1072
22298,Yo Baby Organic Whole Milk Banana Mango Yogurt,yogurt,dairy eggs,4572,0.6837,9,0.1072
25705,Butterhead Lettuce,fresh vegetables,produce,5943,0.6837,9,0.1072
11925,Total 2% with Raspberry Pomegranate Lowfat Greek Strained Yogurt,yogurt,dairy eggs,2711,0.6533,8,0.1072
3039,Wild Cherry Cola,soft drinks,beverages,1375,0.6393,6,0.1071
17579,Cream Top Strawberry on the Bottom Yogurt,yogurt,dairy eggs,3454,0.6836,9,0.1071
2237,Homemade Salted Butter,butter,dairy eggs,846,0.6076,4,0.107
12053,Panama Peach Antioxidant Infusion,refrigerated,beverages,610,0.6098,2,0.1069
20084,Pineapple Apple Mint Organic Cold Pressed Juicd,refrigerated,beverages,2493,0.653,8,0.1069
30827,Seedless Cucumbers,packaged produce,produce,13571,0.7251,10,0.1069
41715,All Natural Thin & Crispy Uncured Pepperoni Pizza,frozen pizza,frozen,740,0.5932,3,0.1068
38277,Dairy Free Vanilla Coconut Milk,soy lactosefree,dairy eggs,1803,0.6428,7,0.1068
9934,Organic Australian Style Vanilla Lowfat Yogurt,yogurt,dairy eggs,3735,0.6833,9,0.1068
18218,Garden Salad,packaged vegetables fruits,produce,684,0.6096,2,0.1067
17395,Yellow Nectarine,fresh fruits,produce,762,0.5932,3,0.1067
14870,Icelandic Style Fat Free Plain Yogurt,yogurt,dairy eggs,7771,0.7249,10,0.1066
19613,Organic Dandelion Greens,fresh vegetables,produce,2943,0.6527,8,0.1066
24701,Sumatra Dark Roast K-Cups,coffee,beverages,1135,0.6247,5,0.1066
21766,Quinoa Chips Barbeque,chips pretzels,snacks,630,0.6095,2,0.1066
30489,Original Hummus,fresh dips tapenades,deli,71314,0.7248,10,0.1066
45066,Honeycrisp Apple,fresh fruits,produce,79769,0.7248,10,0.1066
16981,"Love My Veg Banana, Beet, Squash, Blueberry",baby food formula,babies,975,0.6072,4,0.1066
30709,Rustic Country White Sandwich Bread,bread,bakery,830,0.5928,3,0.1063
43744,Medium Roast Ground Coffee,coffee,beverages,1985,0.6423,7,0.1063
1240,Plain Better Than Cream Cheese,other creams cheeses,dairy eggs,2681,0.6524,8,0.1063
16753,Pinot Grigio Wine,white wines,alcohol,875,0.6069,4,0.1063
43376,Vegetarian Roll,prepared meals,deli,660,0.6091,2,0.1062
25,Salted Caramel Lean Protein & Fiber Bar,energy granola bars,snacks,2166,0.6422,7,0.1062
34949,Hand Picked Pomegranate Seeds/Arils,packaged vegetables fruits,produce,2381,0.6522,8,0.1061
18059,Fruit and Nut Bar - Peanut Butter Chocolate Chip,energy granola bars,snacks,665,0.609,2,0.1061
40146,Almond Milk Hazelnut Creamer,soy lactosefree,dairy eggs,2806,0.6522,8,0.1061
21134,Cream Top Apricot Mango Fruit on the Bottom Yogurt,yogurt,dairy eggs,657,0.6088,2,0.1059
35670,Organic Braised Tofu,tofu meat alternatives,deli,616,0.6088,2,0.1059
17988,Fat Free Vanilla Yogurt,yogurt,dairy eggs,1359,0.638,6,0.1058
27401,Dark Chocolate Bar Original,candy chocolate,snacks,699,0.5923,3,0.1058
38997,Original Soymilk,soy lactosefree,dairy eggs,1011,0.6063,4,0.1057
37917,Orange Peach Mango,refrigerated,beverages,1063,0.6237,5,0.1057
45453,Tomato Medley,fresh vegetables,produce,2241,0.6417,7,0.1056
18105,Original Classic Organic Rice Drink,soy lactosefree,dairy eggs,1800,0.6417,7,0.1056
22124,Total 0% Raspberry Yogurt,yogurt,dairy eggs,12153,0.7239,10,0.1056
38799,Oikos Vanilla Nonfat Greek Yogurt,yogurt,dairy eggs,590,0.6085,2,0.1056
8049,Beef Jerky Original,popcorn jerky,snacks,590,0.6085,2,0.1056
36313,Organic Vitality Snack Strawberry Banana Chia Squeeze,baby food formula,babies,687,0.6084,2,0.1055
18212,Cinnamon Rolls,breakfast bakery,bakery,561,0.5936,1,0.1055
39618,Simply 100 Peach Blended  Non-Fat Greek Yogurt,yogurt,dairy eggs,529,0.5936,1,0.1055
27750,Sour Batard,bread,bakery,2629,0.6516,8,0.1055
31737,Organic Freeze Dried Strawberries,nuts seeds dried fruit,snacks,3269,0.6516,8,0.1055
48559,Synergy Organic Kombucha Gingerberry,refrigerated,beverages,8910,0.7237,10,0.1055
32139,Hommus Classic Original,fresh dips tapenades,deli,4712,0.6819,9,0.1054
7693,Cran-Raspberry Flavored Sparkling Water,water seltzer sparkling water,beverages,3838,0.6819,9,0.1054
36939,Exquisitely Rich 85% Dark Chocolate,candy chocolate,snacks,1102,0.6234,5,0.1054
36609,Organic Sliced Sharp Cheddar Cheese,packaged cheese,dairy eggs,514,0.5934,1,0.1053
722,Snack Sticks Chicken & Rice Recipe Dog Treats,dog food care,pets,656,0.6082,2,0.1053
13447,Margherita With Cherry Tomatoes Pizza,frozen pizza,frozen,1890,0.6413,7,0.1052
15700,Cheddar Cheese Nut Thins Cracker Snacks,crackers,snacks,3729,0.6817,9,0.1052
2383,Vegan Made with Non-GMO Soy Soy Protein Burgers,frozen vegan vegetarian,frozen,759,0.5916,3,0.1051
25466,Water,water seltzer sparkling water,beverages,13494,0.7232,10,0.105
30898,Power Snack Cacao Goji Superfood,fruit vegetable snacks,snacks,516,0.593,1,0.105
44562,Toast & Peanut Butter Sandwich Crackers,crackers,snacks,744,0.5914,3,0.1049
31292,All Natural Cinnamon Raisin Bread,bread,bakery,1671,0.6409,7,0.1049
38662,Roasted Almond Butter,other,other,3976,0.6813,9,0.1048
38974,Chopped Kit Southwest Salad Greek Yogurt Jalapeno Ranch Dessing,packaged vegetables fruits,produce,501,0.5928,1,0.1048
38834,Organic Razzi Raspberry Frosted Toaster Pastries 6 Count,breakfast bars pastries,breakfast,902,0.6053,4,0.1047
30007,Super Greens,packaged vegetables fruits,produce,790,0.5911,3,0.1047
23288,Distilled Water,water seltzer sparkling water,beverages,15871,0.7229,10,0.1047
3107,Fiber One Oat & Chocolate Bar,breakfast bars pastries,breakfast,665,0.6075,2,0.1046
25408,Peppered Beef Jerky,popcorn jerky,snacks,665,0.6075,2,0.1046
43764,"Raspberry, Blueberry Banana Fruit Puree",baby food formula,babies,545,0.5927,1,0.1046
32096,Yogurt Pretzels,crackers,snacks,2522,0.6507,8,0.1046
49319,Mozzarella String Cheese Made with 2% Reduced Fat Milk,packaged cheese,dairy eggs,1089,0.6226,5,0.1045
27246,Big Chewy Chocolate Chip Granola,breakfast bars pastries,breakfast,1269,0.6225,5,0.1045
31076,Tumeric Golden Milk Elixir,refrigerated,beverages,652,0.6074,2,0.1045
15483,Sparkling Peach Nectarine Soda,juice nectars,beverages,792,0.5909,3,0.1045
8467,Cinnamon Raisin Bread,bread,bakery,6384,0.6809,9,0.1044
4145,Organic Chicken Breast In Water,canned meat seafood,canned goods,881,0.605,4,0.1044
42002,Pasture Raised Salted Butter,butter,dairy eggs,843,0.605,4,0.1044
25167,All-Natural Harvest Grape Fruit Strip,fruit vegetable snacks,snacks,552,0.5924,1,0.1043
35147,Medium Roast Whole Bean Coffee,coffee,beverages,1231,0.6223,5,0.1042
34690,100% Juice Apple Juice,juice nectars,beverages,1170,0.6222,5,0.1042
45815,Organic Florets Broccoli,frozen produce,frozen,840,0.6048,4,0.1042
12614,Yellow Grape Tomatoes,fresh vegetables,produce,7535,0.7224,10,0.1041
8251,Roasted Mushroom Pizza,frozen pizza,frozen,1545,0.6362,6,0.1041
40795,Lemon Sparkling Mineral Water,water seltzer sparkling water,beverages,1998,0.6401,7,0.1041
9290,Country Cheddar Bowl,frozen meals,frozen,2912,0.6501,8,0.104
46902,Organic Kale Krunch Superfood,fruit vegetable snacks,snacks,842,0.6045,4,0.1039
27701,Beef Jerky Garlic Chili Pepper,popcorn jerky,snacks,618,0.6068,2,0.1039
1447,Organic Baby Lettuces,packaged vegetables fruits,produce,2144,0.6399,7,0.1039
4472,Toasted Coconut Almondmilk Blend,soy lactosefree,dairy eggs,12749,0.7221,10,0.1039
49241,Organic Original Hot Oatmeal,hot cereal pancake mixes,breakfast,1996,0.6398,7,0.1037
24680,"Tuna, Solid Pack Light",canned meat seafood,canned goods,973,0.6043,4,0.1037
44989,Organic Seaweed Snack Sea Salt,asian foods,international,839,0.6043,4,0.1037
3526,Coconut Pineapple Sparkling Water,juice nectars,beverages,805,0.5901,3,0.1036
29479,Gobble Gobble Turkey Pouch Stage 3,baby food formula,babies,1003,0.6042,4,0.1036
15924,Frosted S'mores Toaster Pastries,breakfast bars pastries,breakfast,607,0.6063,2,0.1034
34939,Veggie Ground,tofu meat alternatives,deli,580,0.5914,1,0.1033
41714,Smooth & Balanced Pike Place Medium Roast Ground Coffee,coffee,beverages,1199,0.6214,5,0.1033
47211,Kettle Cooked Potato Chips Original,chips pretzels,snacks,1051,0.6213,5,0.1033
33569,Crackers Almond Flour Farmhouse Sharp Cheddar,crackers,snacks,949,0.6038,4,0.1032
21769,Chunky Guacamole,fresh dips tapenades,deli,2609,0.6493,8,0.1032
6104,Whole Milk Plain Yogurt,yogurt,dairy eggs,15267,0.7213,10,0.1031
49114,Organic Soups Alphabet Fat Free,soup broth bouillon,canned goods,984,0.6037,4,0.1031
11132,Organic Promise Berry Fruitful Cereal,cereal,breakfast,582,0.5911,1,0.103
43858,Original Coconut Milk Beverage,soy lactosefree,dairy eggs,3672,0.6795,9,0.103
30082,Mozarella String Cheese,packaged cheese,dairy eggs,577,0.591,1,0.1029
33156,Seitan wheat Strips,tofu meat alternatives,deli,685,0.6058,2,0.1029
45188,Dairy Milk Fine Chocolate Candy Bar,candy chocolate,snacks,789,0.5894,3,0.1029
3661,S'mores Luna Bar,energy granola bars,snacks,2677,0.6489,8,0.1028
9517,Havarti Cheese,packaged cheese,dairy eggs,1165,0.6206,5,0.1026
27730,Almond Breeze Original Almond Milk,soy lactosefree,dairy eggs,10950,0.7206,10,0.1024
2717,Mango Sparkling Water,water seltzer sparkling water,beverages,2842,0.6485,8,0.1024
4663,Oatmeal Dark Chocolate Cookies,cookies cakes,snacks,749,0.5888,3,0.1023
14165,Peanut Butter Candy,candy chocolate,snacks,710,0.5887,3,0.1023
24703,Fruit Punch,refrigerated,beverages,1386,0.6342,6,0.1021
45282,Gluten Free Tofu Scramble Breakfast Wrap,frozen breakfast,frozen,836,0.5885,3,0.1021
45234,Original Thin Cheese Pizza,frozen pizza,frozen,1045,0.6201,5,0.102
2855,Organic Good Seed Bread,bread,bakery,12705,0.7203,10,0.102
14488,Sliced Muenster Cheese,packaged cheese,dairy eggs,1569,0.6342,6,0.102
8959,Organic Balance Vanilla Bean Milk Protein Shake,protein meal replacements,personal care,615,0.6049,2,0.102
6837,Raw Almond Nut Butter,spreads,pantry,758,0.5884,3,0.1019
45588,Pizzeria Style Classic Crust Pepperoni Pizza,frozen pizza,frozen,1448,0.634,6,0.1018
26759,Solid Light Tuna In Olive Oil,canned meat seafood,canned goods,592,0.6047,2,0.1018
13914,Cheez-It Baked Snack Crackers,crackers,snacks,3842,0.6783,9,0.1018
18897,Natural 72% Dark Chocolate With Natural Forest Mint Flavor,candy chocolate,snacks,1060,0.6198,5,0.1018
10275,Go-Gurt Strawberry Splash and Cool Cotton Candy Tubes,yogurt,dairy eggs,670,0.6045,2,0.1016
46674,TruMoo 1% Lowfat Milk Chocolate,milk,dairy eggs,519,0.5896,1,0.1015
32267,Twelve Essentials Fruit and Vegetable Juice,refrigerated,beverages,945,0.6021,4,0.1015
13779,Carrot Squash & Apple 100% Vegetable & Fruit Puree,baby food formula,babies,877,0.6021,4,0.1014
43821,1 Apple + 1 Mango Fruit Bar,energy granola bars,snacks,1517,0.6335,6,0.1013
27313,Light Mozarella String Cheese,packaged cheese,dairy eggs,1577,0.6335,6,0.1013
44970,Oatmeal Chocolate Chip Bite-Lettes,bakery desserts,bakery,827,0.5877,3,0.1012
37201,Kalamata Hummus,fresh dips tapenades,deli,884,0.6018,4,0.1012
11628,Authentic Israeli Fresh Classic Hummus,fresh dips tapenades,deli,682,0.6041,2,0.1012
36606,Sprouted Multi-Grain Bread,bread,bakery,5358,0.6777,9,0.1012
46817,Non Fat Black Cherry on the Bottom Greek Yogurt,yogurt,dairy eggs,4663,0.6777,9,0.1012
48110,Thin Stackers Brown Rice Lightly Salted,crackers,snacks,3012,0.6471,8,0.101
31127,Sweet Batard,bread,bakery,2234,0.637,7,0.1009
18926,Fat Free Strawberry Yogurt,yogurt,dairy eggs,9813,0.7191,10,0.1009
45128,Milk Chocolate M&Ms,candy chocolate,snacks,1207,0.6189,5,0.1008
19097,Light Harvest Peach Yogurt,yogurt,dairy eggs,1414,0.633,6,0.1008
9551,Natural Chunky Peanut Butter,spreads,pantry,1178,0.6188,5,0.1008
2923,"Mighty 4 Essential Tots Spinach, Kiwi, Barley & Greek Yogurt Nutrition Blend",baby food formula,babies,1340,0.6328,6,0.1007
30633,Veggie Cheese & Pretzel Snack Pac Prepacked,fruit vegetable snacks,snacks,2188,0.6367,7,0.1006
32018,Organic Fiber & Protein Pear Blueberry & Spinach Baby Food,baby food formula,babies,2785,0.6467,8,0.1006
26790,Organic AppleApple,canned fruit applesauce,canned goods,16129,0.7188,10,0.1005
11076,Banana Nut Bread Energy Bar,energy granola bars,snacks,799,0.587,3,0.1005
32016,Fresh Fussilli,fresh pasta,dry goods pasta,930,0.6011,4,0.1005
20081,Sea Salt Mini Popcorn,chips pretzels,snacks,1080,0.6185,5,0.1005
22122,Stage 2 Green Bean Pear Greek Yogurt Baby Food,baby food formula,babies,726,0.5868,3,0.1003
35461,Blueberry Beet & Brown Rice Cakes,baby food formula,babies,2098,0.6363,7,0.1003
24552,Spicy Red Napa Cabbage Kimchi,pickled goods olives,pantry,796,0.5867,3,0.1002
18109,Smoked Chicken & Apple Mini Sausages,hot dogs bacon sausage,meat seafood,982,0.6008,4,0.1002
38295,Habanero Roasted Tomato Salsa,preserved dips spreads,pantry,561,0.5882,1,0.1002
41325,Organic Raw Cashews,nuts seeds dried fruit,snacks,1066,0.6182,5,0.1001
35284,Dark Chocolate Sugar Free Pudding Snacks,refrigerated pudding desserts,dairy eggs,534,0.588,1,0.1
44625,Natural Black Cherry Gels Gelatin Free Snacks,refrigerated pudding desserts,dairy eggs,2118,0.636,7,0.0999
1695,Major Dickason's Blend Ground Coffee Dark Roast,coffee,beverages,5930,0.6764,9,0.0999
32115,93/7 Ground Beef,other,other,1307,0.632,6,0.0998
48464,Organic Muenster Cheese,packaged cheese,dairy eggs,986,0.6004,4,0.0998
44229,Original Black Bean with Sea Salt Bean Chips,chips pretzels,snacks,2260,0.6358,7,0.0998
35420,"Banana Bites, Chewy, Organic Coconut",fruit vegetable snacks,snacks,771,0.5863,3,0.0998
8413,Soft Baked Cookies Chocolate Chip,cookies cakes,snacks,667,0.6027,2,0.0998
20161,100% Liquid Egg Whites,eggs,dairy eggs,1502,0.6318,6,0.0997
42506,Low Fat Fudge Bars,ice cream ice,frozen,531,0.5876,1,0.0995
459,Honey Vanilla Greek Yogurt,yogurt,dairy eggs,2765,0.6456,8,0.0995
7936,Organic Garlic Hummus,fresh dips tapenades,deli,955,0.6,4,0.0994
6825,Breakfast Veggie Bacon Strips,frozen vegan vegetarian,frozen,1171,0.6174,5,0.0994
29454,Breakfast Blend Organic Tea,tea,beverages,509,0.5874,1,0.0994
19584,Dairy Pure 2% Milkfat Reduced Fat Milk,milk,dairy eggs,1069,0.6174,5,0.0993
7295,Pop-Tarts Frosted Brown Sugar Cinnamon Toaster Pastries,breakfast bars pastries,breakfast,1316,0.6315,6,0.0993
44500,Ultra Strong Charmin Ultra Strong Toilet Paper,paper goods,household,641,0.6022,2,0.0993
4600,All Natural French Toast Sticks,frozen breakfast,frozen,2625,0.6453,8,0.0992
8390,Diet Ginger Ale,soft drinks,beverages,2467,0.6453,8,0.0992
36758,Triple Berry Blend,frozen produce,frozen,1565,0.6313,6,0.0992
43621,Chik'n Patties,frozen vegan vegetarian,frozen,1727,0.6352,7,0.0992
1301,"Cereal, Panda Puffs, Peanut Butter",cereal,breakfast,562,0.5872,1,0.0991
45445,Organic Bagged Mini Dark Peanut Butter,candy chocolate,snacks,4618,0.6756,9,0.0991
4942,Vanilla Almond Breeze,soy lactosefree,dairy eggs,7860,0.7173,10,0.0991
29974,Gluten Free Cinnamon French Toast Sticks,frozen breakfast,frozen,825,0.5855,3,0.099
3782,"Bread, Jewish Rye",bread,bakery,837,0.5854,3,0.099
3798,Pink Lady Apples,fresh fruits,produce,4975,0.6754,9,0.0989
7158,Light Vanilla Almond Milk,soy lactosefree,dairy eggs,946,0.5994,4,0.0988
19248,Just Sweet Potato Baby Food,baby food formula,babies,1295,0.6309,6,0.0988
28756,Deviled Eggs,prepared meals,deli,973,0.5992,4,0.0986
48283,Premium  Vanilla Mochi Ice Cream,ice cream ice,frozen,561,0.5865,1,0.0984
47409,Original Red Raspberry Yogurt,yogurt,dairy eggs,1241,0.6164,5,0.0984
1154,Pomegranate Blueberry Sparkling Water,water seltzer sparkling water,beverages,677,0.6012,2,0.0983
14929,Unsalted Homemade Butter,butter,dairy eggs,739,0.5846,3,0.0981
12727,Diet Caffeine Free Soda,soft drinks,beverages,599,0.601,2,0.0981
350,Mixed 12 Pack Lion's Share Ale,beers coolers,alcohol,534,0.5861,1,0.0981
23815,Bosc Pears,fresh fruits,produce,664,0.6009,2,0.098
12700,Blue Cheese Dressing & Dip,salad dressing toppings,pantry,664,0.6009,2,0.098
44085,Vanilla Light & Fit Greek Yogurt,yogurt,dairy eggs,3769,0.6744,9,0.0979
46448,Pepperidge Farm Goldfish Neon Colors Baked Snack Crackers,crackers,snacks,944,0.5985,4,0.0979
29714,Classic Hamburger Buns,buns rolls,bakery,541,0.586,1,0.0979
12343,"Kale, Apple & Mango Pouch",baby food formula,babies,1470,0.6299,6,0.0978
23835,Cold-Pressed Sweet Greens & Lemon Juice,refrigerated,beverages,1432,0.6299,6,0.0978
43324,Organic Protein Cocoa Coconut Bar,energy granola bars,snacks,560,0.5857,1,0.0977
12099,Honey Greek Yogurt,yogurt,dairy eggs,8486,0.7159,10,0.0977
25931,Organic Baby Spinach Salad,packaged vegetables fruits,produce,17672,0.7159,10,0.0976
34668,Organic Large Grade AA Omega-3 Eggs,eggs,dairy eggs,8921,0.7158,10,0.0976
18362,Organic Bread with 21 Whole Grains,bread,bakery,23006,0.7158,10,0.0976
22509,Muenster Cheese,prepared meals,deli,1254,0.6156,5,0.0976
35289,Chewy S'mores Granola Bars,energy granola bars,snacks,726,0.584,3,0.0976
9051,Organic Lowfat Creamy Australian Style Orange Passion Fruit Yogurt,yogurt,dairy eggs,750,0.584,3,0.0975
1199,YoTot Organic Raspberry Pear Yogurt,yogurt,dairy eggs,1134,0.6155,5,0.0975
26558,Macaroni & Soy Cheeze Pasta,frozen vegan vegetarian,frozen,608,0.6003,2,0.0974
22365,Owl's Howl Coffee,coffee,beverages,668,0.6003,2,0.0974
18465,Organic Grade A Free Range Large Brown Eggs,eggs,dairy eggs,40045,0.7154,10,0.0972
11323,Medium Roast Extra Bold K-Cup Packs Coffee,coffee,beverages,735,0.5837,3,0.0972
28441,Chick'n Nuggets,frozen vegan vegetarian,frozen,1443,0.6292,6,0.0971
22255,Organic Nonfat Greek Yogurt With Lemon,yogurt,dairy eggs,2430,0.6432,8,0.0971
44277,Natural Boneless Skinless Chicken Thighs,poultry counter,meat seafood,630,0.6,2,0.0971
5616,Mexican Papaya,fresh fruits,produce,640,0.6,2,0.0971
44828,Ranch Dressing & Dip,salad dressing toppings,pantry,855,0.5977,4,0.0971
769,Sliced American Cheese,packaged cheese,dairy eggs,523,0.5851,1,0.097
10957,Fridge Pack Cola,soft drinks,beverages,18269,0.7153,10,0.097
5013,Nutty for 'Nana Low-Fat Greek Yogurt,yogurt,dairy eggs,1472,0.6291,6,0.0969
35328,Ginger Beer Premium,soft drinks,beverages,682,0.5997,2,0.0968
29020,Whiskey,spirits,alcohol,763,0.5832,3,0.0968
17617,David Seeds Sunflower Seeds,nuts seeds dried fruit,snacks,602,0.5997,2,0.0968
3873,Mountain Spring Water,water seltzer sparkling water,beverages,4315,0.6732,9,0.0967
31886,Pretzel In Milk Chocolate Bar,candy chocolate,snacks,1838,0.6328,7,0.0967
17803,Organic Cultured Sour Cream,other creams cheeses,dairy eggs,2083,0.6327,7,0.0967
21115,Oikos Greek Vanilla Yogurt,yogurt,dairy eggs,1436,0.6288,6,0.0967
10518,Traditional Basil Pesto Sauce,pasta sauce,dry goods pasta,2153,0.6326,7,0.0966
5303,Organic Roasted Seaweed Snacks Teriyaki,asian foods,international,1624,0.6287,6,0.0966
42803,Organic Apple Slices,fruit vegetable snacks,snacks,6842,0.7147,10,0.0965
30592,Coconut Oil Popcorn,popcorn jerky,snacks,619,0.5994,2,0.0964
27299,Organic SprouTofu Firm Water Packed Tofu,tofu meat alternatives,deli,881,0.597,4,0.0964
19156,Fat Free Blueberry Yogurt,yogurt,dairy eggs,7170,0.7146,10,0.0964
26351,Gluten Free Mini Pretzels,chips pretzels,snacks,3208,0.6425,8,0.0964
48620,Organic Sharp Cheddar Cheese,packaged cheese,dairy eggs,1440,0.6285,6,0.0963
42710,Organic Nonfat Greek Yogurt With Raspberries,yogurt,dairy eggs,2665,0.6424,8,0.0963
33909,Cracked Wheat Sourdough Loaf,bread,bakery,2293,0.6424,8,0.0963
6891,Apple Peach Oatmeal Stage 2,baby food formula,babies,1822,0.6323,7,0.0962
37335,Thin Whole Wheat Sandwich Buns,tortillas flat bread,bakery,3000,0.6423,8,0.0962
45930,Small Curd Low Fat Cottage Cheese,other creams cheeses,dairy eggs,1340,0.6284,6,0.0962
39216,Original Multigrain Spoonfuls Cereal,cereal,breakfast,5509,0.6727,9,0.0962
14133,Lean Protein & Fiber Bar Chocolate Almond Brownie,energy granola bars,snacks,1321,0.6283,6,0.0962
13702,Good Seed Organic Thin Sliced Bread,bread,bakery,5608,0.6726,9,0.0961
325,Veggie-Style Mini Corn Dogs,frozen vegan vegetarian,frozen,1104,0.6141,5,0.0961
3756,0% Fat Blueberry Greek Yogurt,yogurt,dairy eggs,529,0.5841,1,0.0961
7120,Organic Whole Wheat Sourdough Bread,bread,bakery,1514,0.6281,6,0.096
9839,Organic Broccoli,fresh vegetables,produce,38720,0.7142,10,0.096
45302,Mini Falafel With Tahini Sauce,prepared soups salads,deli,663,0.5988,2,0.0959
22481,Chocolate Chip Peanut Crunch Bars,energy granola bars,snacks,543,0.5838,1,0.0957
47144,Unsweetened Original Almond Breeze Almond Milk,soy lactosefree,dairy eggs,34583,0.7139,10,0.0957
36746,Authentic French Brioche Rolls,buns rolls,bakery,2023,0.6317,7,0.0957
34069,Organic AppleBerry Applesauce on the Go,canned fruit applesauce,canned goods,2367,0.6417,8,0.0956
26168,Newman O's Creme Filled Mint Chocolate Cookies,cookies cakes,snacks,1354,0.6278,6,0.0956
17581,Palak (Saag) Paneer,frozen meals,frozen,1008,0.5962,4,0.0956
28132,Heart to Heart Organic Oat Flakes & Blueberry Clusters Cereal,cereal,breakfast,3179,0.6417,8,0.0956
27102,BelVita Blueberry Breakfast Biscuit Packs,breakfast bars pastries,breakfast,1464,0.6277,6,0.0956
45106,Low Fat Strawberry Yogurt Tubes,yogurt,dairy eggs,6135,0.672,9,0.0955
7325,Dark Blackout Organic Chocolate,candy chocolate,snacks,2676,0.6416,8,0.0955
9463,Meatless & Soy Free Frozen Chik'n Tenders,frozen vegan vegetarian,frozen,620,0.5984,2,0.0955
27019,Thins Light & Tasty Snack Crackers Lightly Salted,crackers,snacks,557,0.5835,1,0.0954
10114,Classic French White Bread,bread,bakery,782,0.5818,3,0.0954
43951,Intense & Smoky French Roast Dark Roast Ground Coffee,coffee,beverages,1257,0.6134,5,0.0953
49355,Instant Action Cat Litter,cat food care,pets,1492,0.6273,6,0.0952
31533,Spinach Feta in a Pocket Sandwich,frozen meals,frozen,1371,0.6273,6,0.0951
9532,Twilight Delight 72% Cacao Intense Dark Squares,candy chocolate,snacks,612,0.598,2,0.0951
25495,Flip™ Low-Fat Key Lime Crumble Greek Yogurt,yogurt,dairy eggs,3074,0.6412,8,0.0951
45005,Sourdough Deli Bread,bread,bakery,2366,0.6412,8,0.0951
39928,Organic Kiwi,fresh fruits,produce,50141,0.7133,10,0.0951
93,Uncured Cracked Pepper Beef,popcorn jerky,snacks,1843,0.631,7,0.095
47504,Blueberry Breakfast Biscuits,breakfast bars pastries,breakfast,649,0.5978,2,0.0949
18432,Sweet Butter Salad,packaged vegetables fruits,produce,1704,0.6309,7,0.0948
21614,Crackers Harvest Whole Wheat,crackers,snacks,6994,0.713,10,0.0948
40345,Gluten-Free Smart Puffs Real Wisconsin Cheddar Baked Cheese Puffs,chips pretzels,snacks,1560,0.6269,6,0.0948
24954,Total 0% with Honey Nonfat Greek Strained Yogurt,yogurt,dairy eggs,11234,0.713,10,0.0948
23039,Fat Free Cream Cheese,other creams cheeses,dairy eggs,691,0.5977,2,0.0948
5764,Organic SprouTofu Teriyaki Tofu Cutlets,tofu meat alternatives,deli,3720,0.6712,9,0.0947
42840,Glow Vegetable & Fruit Juice,juice nectars,beverages,733,0.5812,3,0.0947
12060,Unsweetened Whole Milk Mixed Berry Greek Yogurt,yogurt,dairy eggs,1624,0.6268,6,0.0947
27715,Farmstand Flaxbread Egg and Vegetarian Bacon Breakfast Sandwich,frozen breakfast,frozen,845,0.5953,4,0.0947
10335,Corn Flakes Cereal,cereal,breakfast,840,0.5952,4,0.0946
18292,Panko Breaded Chicken Breast Tenderloins,frozen meat seafood,frozen,616,0.5974,2,0.0945
1775,Caramel Macchiato Creamer,cream,dairy eggs,527,0.5825,1,0.0945
1017,Strawberry Banana Juice,refrigerated,beverages,1697,0.6305,7,0.0945
25171,Gruyere Chik'n Cutlets,frozen vegan vegetarian,frozen,503,0.5825,1,0.0944
47521,Crispy Cheddar Crackers,crackers,snacks,3735,0.671,9,0.0944
27022,Veggie Rotini Pasta,dry pasta,dry goods pasta,678,0.5973,2,0.0944
14461,Organic Freeze-Dried Mango,baby food formula,babies,1073,0.6123,5,0.0943
43279,Non-Fat Greek Yogurt With Strawberries on the Bottom,yogurt,dairy eggs,4650,0.6708,9,0.0943
8414,Traditional Scottish Style Smoked Salmon,packaged seafood,meat seafood,2196,0.6302,7,0.0942
12667,Ground Espresso Coffee Medium Roast,coffee,beverages,1477,0.6263,6,0.0941
8619,Organic Letter of the Day Very Vanilla Cookies,cookies cakes,snacks,548,0.5821,1,0.0941
2344,Organic SprouTofu Savory Baked Tofu,tofu meat alternatives,deli,3688,0.6706,9,0.0941
9681,Chicken Tikka Masala with Cumin Infused Basmati Rice Frozen Meal,frozen meals,frozen,1316,0.6261,6,0.094
46229,Fruit & Nut Bar Blueberry Vanilla & Cashew,energy granola bars,snacks,1570,0.6261,6,0.094
36885,Rose,specialty wines champagnes,alcohol,765,0.5804,3,0.0939
26911,Kale Krunch The Original Quite Cheezy,fruit vegetable snacks,snacks,2143,0.63,7,0.0939
11030,Cayenne Cleanse Probiotic Tea,refrigerated,beverages,1743,0.6299,7,0.0939
14486,One Bun Multigrain Whole Grain Pita,tortillas flat bread,bakery,1951,0.6299,7,0.0939
8574,Squash & Sweet Peas Stage 2,baby food formula,babies,2436,0.64,8,0.0939
40001,Vanilla 0% Milkfat Yogurt,yogurt,dairy eggs,4596,0.6704,9,0.0939
17368,Butternut Squash Tamales With Cheese,prepared meals,deli,615,0.5967,2,0.0938
15070,Low Fat Vanilla Non Dairy Yogurt,yogurt,dairy eggs,1064,0.6118,5,0.0938
28427,Vitamin D Whole Milk,milk,dairy eggs,8996,0.712,10,0.0938
18020,Black Raspberry Chocolate Chip Ice Cream,ice cream ice,frozen,954,0.5943,4,0.0937
27662,Large Grade AA Cage Free Eggs,eggs,dairy eggs,3684,0.6702,9,0.0937
28204,Organic Fuji Apple,fresh fruits,produce,89632,0.7119,10,0.0937
14399,Limeade,refrigerated,beverages,2704,0.6398,8,0.0937
3590,Real Medleys Summer Berry Oatmeal Cup,hot cereal pancake mixes,breakfast,545,0.5817,1,0.0936
11448,Strained Non Fat Orange & Ginger Yogurt,yogurt,dairy eggs,2492,0.6396,8,0.0935
25010,Grape Chia Kombucha,refrigerated,beverages,1544,0.6256,6,0.0935
31995,Imported Unsalted Butter,butter,dairy eggs,564,0.5816,1,0.0935
44293,Organic Frosted Wildberry Acai Toaster Pastries,breakfast bars pastries,breakfast,1477,0.6256,6,0.0935
33037,Wheat English Muffins,breakfast bakery,bakery,4199,0.6699,9,0.0934
46088,Beer,beers coolers,alcohol,5844,0.6699,9,0.0934
24385,Italian Sausage Pizza,prepared meals,deli,2105,0.6295,7,0.0934
13643,Zero Calorie Lemon Lime Soda,soft drinks,beverages,1117,0.6115,5,0.0934
44414,Organic Coconut Date Rolls,nuts seeds dried fruit,snacks,1122,0.6114,5,0.0934
29299,Dutch Country Smooth Texture 100% Whole Wheat Bread,bread,bakery,559,0.5814,1,0.0933
16223,Four Cheese Crispy Thin Crust Pizza,frozen pizza,frozen,1109,0.6114,5,0.0933
47516,Special K Fruit & Yogurt Cereal,cereal,breakfast,1487,0.6254,6,0.0933
47388,Organic Plain Kefir,yogurt,dairy eggs,4796,0.6697,9,0.0932
41860,Sea Salt Baked Potato Chips,chips pretzels,snacks,2670,0.6393,8,0.0932
17533,Harissa Dip,fresh dips tapenades,deli,697,0.5796,3,0.0932
8324,Organic Bagged Mini Milk Peanut Butter,candy chocolate,snacks,2700,0.6393,8,0.0932
49416,Organic Gluten Free Non-Dairy Beans & Rice Burrito,frozen meals,frozen,5022,0.6697,9,0.0932
27626,Ripened Raspberry Fruit Leather,fruit vegetable snacks,snacks,830,0.5795,3,0.0931
45443,Flip Chocolate Haze Craze Low-Fat Greek Yogurt,yogurt,dairy eggs,1318,0.6252,6,0.0931
9644,Danimals Drinkable Yogurt Smoothie Strawberry Explosion & Strikin' Strawberry Kiwi,yogurt,dairy eggs,711,0.5795,3,0.093
16001,Coffee Mexican Vanilla,coffee,beverages,636,0.5959,2,0.093
28537,Hand-Formed Vegan Burger Patties,tofu meat alternatives,deli,768,0.5794,3,0.093
15950,Chik'n Nuggets,frozen vegan vegetarian,frozen,3936,0.6695,9,0.093
28576,Vanilla Bean Chia Pod,yogurt,dairy eggs,2202,0.629,7,0.0929
32486,Shredded 3 Cheese Blend,packaged cheese,dairy eggs,3011,0.639,8,0.0929
22307,"Crackers, Puffed, Lightly Salted Brown Rice",crackers,snacks,1154,0.6109,5,0.0929
6971,Hemp Vanilla Unsweetened Non-Dairy Beverage,soy lactosefree,dairy eggs,606,0.5957,2,0.0928
38249,Frankfurters Vegetarian,tofu meat alternatives,deli,1218,0.6108,5,0.0928
30850,French Roast Ground Coffee,coffee,beverages,5116,0.6693,9,0.0928
20061,Organic Grass Fed Creamline Yogurt Plain,yogurt,dairy eggs,770,0.5792,3,0.0928
23644,Sharp Cheddar Thick Slices Cheese,packaged cheese,dairy eggs,5022,0.6693,9,0.0928
43255,Banana Chia Pod,yogurt,dairy eggs,1018,0.5933,4,0.0927
31477,High Protein Bar Chunky Peanut Butter,energy granola bars,snacks,2879,0.6388,8,0.0927
17672,Organic  Monterey Jack Cheese,packaged cheese,dairy eggs,508,0.5807,1,0.0927
3844,Snackimals Chocolate Chip Cookies,cookies cakes,snacks,570,0.5807,1,0.0926
5971,Salt & Pepper Pistachios,nuts seeds dried fruit,snacks,1048,0.6107,5,0.0926
28476,Organic Small Curd Cottage Cheese,other creams cheeses,dairy eggs,11570,0.7107,10,0.0925
39958,Organics Gummy Bears,candy chocolate,snacks,1300,0.6246,6,0.0925
25199,Classic Chicken Salad,prepared soups salads,deli,5029,0.6689,9,0.0924
25554,Creamer,other,other,522,0.5805,1,0.0924
3298,Mozzarella String Cheese,packaged cheese,dairy eggs,10521,0.7106,10,0.0923
2708,Fruit By the Foot Variety Pack,fruit vegetable snacks,snacks,1302,0.6244,6,0.0923
23230,Low Fat Minty Chocolate Chip Organic Frozen Yogurt,ice cream ice,frozen,872,0.5929,4,0.0923
27294,Wrigley's Orbit Wintermint Sugar Free Gum- 3 PK,mint gum,snacks,1224,0.6103,5,0.0922
22617,Pop'ems Glazed Donut Holes,cookies cakes,snacks,788,0.5787,3,0.0922
30352,Goldfish Original Baked Snack Crackers,crackers,snacks,1544,0.6244,6,0.0922
11844,Dolmas Stuffed Grape Leaves,pickled goods olives,pantry,1743,0.6282,7,0.0922
28634,Hard Salami,lunch meat,deli,2518,0.6382,8,0.0921
16647,Double Duty Advanced Odor Control Clumping Cat Litter,cat food care,pets,1288,0.6242,6,0.0921
26477,Cello Tomatoes,fresh vegetables,produce,637,0.595,2,0.0921
16044,Pure Premium Orange Juice Lots Of Pulp Calcium + Vitamin D,refrigerated,beverages,790,0.5785,3,0.092
3318,Cinnamon Swirl Raisin Bread,bread,bakery,3976,0.6685,9,0.092
35458,100% Whole Wheat Pre-Sliced Bagels,breakfast bakery,bakery,2448,0.6381,8,0.092
29034,Select-a-Size Rolls Paper Towels Tissue,paper goods,household,913,0.5926,4,0.0919
10540,Whole Medjool Dates,bulk dried fruits vegetables,bulk,550,0.58,1,0.0919
39464,Craveables Pepperoni Pizza,frozen pizza,frozen,1447,0.624,6,0.0919
4372,Hot Guacamole,fresh dips tapenades,deli,612,0.5948,2,0.0919
29094,Flip Coffee Break Bliss Greek Yogurt,yogurt,dairy eggs,686,0.5948,2,0.0918
4429,Gluten Free Chicken Dumplings,frozen appetizers sides,frozen,1585,0.624,6,0.0918
45167,Semi Soft Part-Skim Cheese,specialty cheeses,dairy eggs,2276,0.6279,7,0.0918
611,Uncured Hard Salami,lunch meat,deli,2147,0.6279,7,0.0918
7860,Jasmine Ready Rice,instant foods,dry goods pasta,1013,0.5923,4,0.0917
12315,Dairy Free Hazelnut Coconut Milk Creamer,soy lactosefree,dairy eggs,2413,0.6378,8,0.0917
9584,Low Sodium Original 100% Vegetable Juice,juice nectars,beverages,787,0.5781,3,0.0917
30192,Organic 4 Months Butternut Squash Carrots Apples + Prunes Baby Food,baby food formula,babies,3238,0.6377,8,0.0916
33788,Yellow Tortilla Chips,chips pretzels,snacks,1794,0.6276,7,0.0916
11440,Chicken Breast Tenders Breaded,frozen appetizers sides,frozen,8436,0.7098,10,0.0916
38531,Organic Sweet Potato Multigrain Tortilla Chips,chips pretzels,snacks,1613,0.6237,6,0.0915
21472,Original Pepperoni Pizza,frozen pizza,frozen,1419,0.6237,6,0.0915
26510,Eggo Nutri-Grain Low Fat Waffles,frozen breakfast,frozen,683,0.5944,2,0.0915
25948,Peppermint In Dark Chocolate Bar 55% Cocoa,candy chocolate,snacks,1191,0.6096,5,0.0915
21051,Baba Ghannouge Eggplant Dip,fresh dips tapenades,deli,1155,0.6095,5,0.0915
16415,Almond Breeze Almond & Coconut Milk Blend,soy lactosefree,dairy eggs,1421,0.6235,6,0.0914
33016,Chef Salad,prepared soups salads,deli,542,0.5793,1,0.0913
36126,Sharp Cheddar Deli Sliced Cheese,packaged cheese,dairy eggs,1341,0.6234,6,0.0913
10904,Original Paleo Krunch Granola,granola,breakfast,616,0.5942,2,0.0912
35756,Apple Lemon Cayenne Ginger,refrigerated,beverages,753,0.5777,3,0.0912
10481,Salted Caramel Chip Ice Cream,ice cream ice,frozen,734,0.5777,3,0.0912
24549,Organic Greens And Kale,refrigerated,beverages,786,0.5776,3,0.0911
26223,Cranberry Almond Plus Fruit & Nut Bars,energy granola bars,snacks,741,0.5776,3,0.0911
47154,Natural Dark Chocolate Bar,candy chocolate,snacks,1154,0.6092,5,0.0911
23015,Breaded Chicken Nuggets Family Pack,frozen appetizers sides,frozen,537,0.5791,1,0.0911
29686,EnviroKidz Glute Free & Wheat Free Chocolate Crispy Rice Bars,breakfast bars pastries,breakfast,748,0.5775,3,0.0911
15905,Low Sodium 100% Vegetable Juice,juice nectars,beverages,748,0.5775,3,0.0911
35594,Organic Hemp Plus Granola Cereal,granola,breakfast,2497,0.6372,8,0.0911
29270,Beet Apple Carrot Lemon Ginger Organic Cold Pressed Juice Beverage,refrigerated,beverages,4190,0.6675,9,0.091
10129,Swiss Muesli,cereal,breakfast,757,0.5773,3,0.0908
27655,"Juice, Vegetable & Fruit, Fuel",refrigerated,beverages,667,0.5937,2,0.0908
41354,All Occasion Classic White Paper Plates,plates bowls cups flatware,household,630,0.5937,2,0.0907
40427,Organic Gluten Free Crispy Brown Rice Cereal,cereal,breakfast,1559,0.6228,6,0.0907
37792,Original Baked Cheese Puffs,chips pretzels,snacks,1458,0.6228,6,0.0906
7563,Milk Chocolate Pretzels,candy chocolate,snacks,588,0.5935,2,0.0906
38768,Sweet Kale Salad Mix,packaged produce,produce,11362,0.7089,10,0.0906
4297,Cool Mint Chocolate,energy granola bars,snacks,1963,0.6266,7,0.0906
48588,All Natural Ground Chicken,packaged poultry,meat seafood,579,0.5786,1,0.0905
41340,Habanero Cherry Beef Bar,energy granola bars,snacks,721,0.577,3,0.0905
17429,Jalapeno Hummus,fresh dips tapenades,deli,7707,0.7087,10,0.0905
45185,Whips! Chocolate Yogurt Mousse,yogurt,dairy eggs,858,0.5909,4,0.0903
23985,Baby Eggplant,packaged produce,produce,858,0.5909,4,0.0903
16896,Potato Chips Sweet Potato,chips pretzels,snacks,2248,0.6263,7,0.0903
33120,Organic Egg Whites,eggs,dairy eggs,19400,0.7085,10,0.0902
29437,Vintners Reserve Sauvignon Blanc,white wines,alcohol,531,0.5782,1,0.0901
15672,Brownie Bites,cookies cakes,snacks,1105,0.6081,5,0.0901
25237,Nutty Bars,cookies cakes,snacks,933,0.5906,4,0.09
47058,Freshly made pasta in a Real Cheddar cheese sauce Macaroni & Cheese,frozen meals,frozen,1794,0.626,7,0.0899
21544,Master Brew Kombucha Raspberry Lemon,refrigerated,beverages,571,0.5779,1,0.0899
3529,Fully Cooked Original Bacon,hot dogs bacon sausage,meat seafood,1764,0.6259,7,0.0898
43122,Organic Bartlett Pear,fresh fruits,produce,37706,0.7079,10,0.0897
4753,Organic Apple Raisin & Quinoa Stage 2 Baby Food,baby food formula,babies,1277,0.6077,5,0.0896
49520,Orange Sparkling Water,water seltzer sparkling water,beverages,14439,0.7078,10,0.0896
43903,Cranberry Juice,juice nectars,beverages,954,0.5901,4,0.0895
39228,Gluten Free Uncured Pepperoni Pizza,frozen pizza,frozen,816,0.576,3,0.0895
18792,Goldfish Pretzel Baked Snack Crackers,crackers,snacks,1274,0.6075,5,0.0895
1356,"Sweet Potato, White Beans & Cinnamon Stage 2",baby food formula,babies,778,0.5758,3,0.0894
22943,Crispy Thin Crust Sicilian Recipe,frozen pizza,frozen,785,0.5758,3,0.0893
34047,Classic Soda Mini Bottles,soft drinks,beverages,754,0.5756,3,0.0891
48116,Lowfat Kefir Plain Unsweetened,yogurt,dairy eggs,1618,0.6211,6,0.089
15399,"Almondmilk Creamer, Vanilla",soy lactosefree,dairy eggs,5431,0.6654,9,0.0889
39877,Organic Granny Smith Apple,fresh fruits,produce,58779,0.7072,10,0.0889
28286,Kid Z Bar Organic S'mores Energy Bars,energy granola bars,snacks,989,0.5895,4,0.0889
18564,Diet Ginger Ale All Natural Soda,soft drinks,beverages,6168,0.6654,9,0.0889
14005,Ultimate Caesar Salad Kit,packaged vegetables fruits,produce,553,0.5769,1,0.0888
17993,Shredded Colby & Monterey Jack Cheeses,packaged cheese,dairy eggs,711,0.5752,3,0.0888
39001,Organic Avocados Hass Variety,fresh fruits,produce,2788,0.6349,8,0.0888
39337,Organic Refried Vegetarian Black Beans,canned meals beans,canned goods,862,0.5893,4,0.0887
5679,Strawberry Yogurt Melts,baby food formula,babies,508,0.5768,1,0.0887
28748,Nuggets Assortment,candy chocolate,snacks,688,0.5916,2,0.0887
18503,Light Cream,cream,dairy eggs,1121,0.6066,5,0.0886
47242,Activia Peach/Strawberry Lowfat Yogurt,yogurt,dairy eggs,1131,0.6065,5,0.0885
31964,Passionfruit Sparkling Water,water seltzer sparkling water,beverages,7518,0.7067,10,0.0885
17859,Lager Beer,beers coolers,alcohol,646,0.5913,2,0.0884
48953,Lettuce Medley,packaged vegetables fruits,produce,1848,0.6245,7,0.0884
45081,Gluten-Free Pancake Mix,hot cereal pancake mixes,breakfast,1240,0.6065,5,0.0884
34766,Crunchy Oats 'n Dark Chocolate Granola Bars,energy granola bars,snacks,543,0.5764,1,0.0884
44167,Pacific Cooler Juice Drink,juice nectars,beverages,1320,0.6205,6,0.0883
3651,Dairy Pure Fresh Half & Half,cream,dairy eggs,614,0.5912,2,0.0883
37262,Original Bran Cereal,cereal,breakfast,990,0.5889,4,0.0883
42447,100% Juice,juice nectars,beverages,1209,0.6063,5,0.0882
4332,Kettle Cooked Jalapeno Potato Chips,chips pretzels,snacks,1082,0.6063,5,0.0882
2639,Lemon Blended Non-Fat Greek Yogurt,yogurt,dairy eggs,1698,0.6243,7,0.0882
40255,Vegetable Tray With Ranch Dip,packaged vegetables fruits,produce,703,0.5747,3,0.0882
32235,No Caffeine Lemon Lime Soda,soft drinks,beverages,564,0.5762,1,0.0882
14764,Organic Sprouted Wheat Bagels,breakfast bakery,bakery,4008,0.6647,9,0.0882
46779,Raisin Cinnamon Swirl Bread,bread,bakery,997,0.5888,4,0.0882
39475,Total Greek Strained Yogurt,yogurt,dairy eggs,26443,0.7064,10,0.0882
34943,Gluten Free Spaghetti,dry pasta,dry goods pasta,1107,0.6061,5,0.0881
26431,Organic Frosted Maple Brown Sugar Toaster Pastries,breakfast bars pastries,breakfast,1456,0.6202,6,0.0881
30795,Sesame Seaweed Salad,prepared meals,deli,3565,0.6645,9,0.088
7090,Ciabatta,bread,bakery,2705,0.634,8,0.0879
33029,Dark French Roast Whole Bean Coffee,coffee,beverages,507,0.5759,1,0.0879
12011,12 Grain Bread,bread,bakery,1840,0.6239,7,0.0879
39057,Hazelnut Light Roast K-Cup Packs,coffee,beverages,514,0.5759,1,0.0878
27464,Direct Trade House Blend Medium Roast Ground Coffee,coffee,beverages,1853,0.6239,7,0.0878
41750,Gluten Free Fusilli,fresh pasta,dry goods pasta,1025,0.6059,5,0.0878
7673,Organic SprouTofu Super Firm Tofu,tofu meat alternatives,deli,4093,0.6643,9,0.0878
37739,Sea Salt & Vinegar Potato,chips pretzels,snacks,761,0.5742,3,0.0878
21072,Organic Blackberry Sorbet Bars,ice cream ice,frozen,623,0.5907,2,0.0878
47830,Watercress Greens Juice,refrigerated,beverages,996,0.5884,4,0.0877
10616,Frappuccino Vanilla Chilled Coffee Drink Coffee Substitutes,coffee,beverages,596,0.5906,2,0.0877
6297,Cheese Puffs Original,chips pretzels,snacks,3621,0.6642,9,0.0877
12218,Classic Wheat Bread,bread,bakery,3026,0.6335,8,0.0874
12745,"Yogurt, Lowfat, Strawberry",yogurt,dairy eggs,8030,0.7056,10,0.0874
4781,Original Coconut Milk Creamer,soy lactosefree,dairy eggs,5120,0.6639,9,0.0874
23986,Grassfed Whole Milk Plain Yogurt,yogurt,dairy eggs,2732,0.6332,8,0.0871
21150,Fire Grilled Steak Bowl,frozen meals,frozen,3056,0.6332,8,0.0871
38256,Maple Glazed Pecan & Sea Salt Bar,energy granola bars,snacks,1852,0.6231,7,0.0871
3061,Swiss Rolls,cookies cakes,snacks,1056,0.6051,5,0.0871
16766,Organic Freeze Dried Bananas and Strawberries,nuts seeds dried fruit,snacks,776,0.5735,3,0.087
35946,Made With Organic Beans & Rice Burrito Non-Dairy,frozen meals,frozen,2908,0.6331,8,0.087
44948,Organic Z  Mixed Berry Fruit Rope,energy granola bars,snacks,2676,0.633,8,0.0869
10874,Zero Calorie Lemon Lime Twist Soda,soft drinks,beverages,994,0.5875,4,0.0869
14077,Homemade Marinara Sauce,pasta sauce,dry goods pasta,668,0.5898,2,0.0869
17157,Organic Chicken Breasts,frozen meat seafood,frozen,703,0.5733,3,0.0868
35360,Lemon Zest Nutrition Bars,energy granola bars,snacks,555,0.5748,1,0.0867
32869,Spicy Chik'n Veggie Protein Patties,frozen vegan vegetarian,frozen,1050,0.6048,5,0.0867
38118,Whole Grain Lavash,crackers,snacks,698,0.5731,3,0.0866
8087,Florida Orange Juice With Calcium & Vitamin D,refrigerated,beverages,7049,0.7048,10,0.0866
27554,Gluten Free Blueberry Muffins,breakfast bakery,bakery,3323,0.6326,8,0.0865
13944,Pure Water,water seltzer sparkling water,beverages,5287,0.6629,9,0.0864
4927,Organic Mint Dark Chocolate Bar,candy chocolate,snacks,1421,0.6186,6,0.0864
41596,Frozen Blueberries,frozen produce,frozen,2246,0.6224,7,0.0864
15175,24/7 Performance Light Weight Cat Litter,cat food care,pets,845,0.587,4,0.0864
15649,Baby Seedless Cucumbers,fresh vegetables,produce,9881,0.7046,10,0.0864
23472,Blueberry Muffin,breakfast bakery,bakery,874,0.587,4,0.0864
31973,Coconut Dark Chocolate Bar,candy chocolate,snacks,633,0.5893,2,0.0863
20119,Sparkling Water Berry,water seltzer sparkling water,beverages,17411,0.7046,10,0.0863
29798,Organic Lasagna with Meat Sauce,frozen meals,frozen,1102,0.6044,5,0.0863
21607,Gluten Free Vanilla Granola,granola,breakfast,2266,0.6222,7,0.0862
39280,White Big Roll,paper goods,household,876,0.5868,4,0.0862
43295,Unsweetened Vanilla Almond Milk,soy lactosefree,dairy eggs,26307,0.7044,10,0.0861
15386,Whole Grain White Corn Salted Tortilla Chips,chips pretzels,snacks,4588,0.6626,9,0.0861
26571,In Tomato Sauce Spaghetti & Meatballs,canned meals beans,canned goods,526,0.5741,1,0.0861
9736,Salted Caramel Yoghurt,yogurt,dairy eggs,1537,0.6181,6,0.0859
22454,Whipped Original Cream Cheese Spread,spreads,pantry,603,0.5887,2,0.0858
39581,French Vanilla Creamer,cream,dairy eggs,8987,0.7039,10,0.0857
14781,Dairy Free Lite Culinary Coconut Milk,soy lactosefree,dairy eggs,502,0.5737,1,0.0857
41699,Dark Chocolate & Oats Granola Cookies,cookies cakes,snacks,627,0.5885,2,0.0856
9068,Baked Whole Grain Reduced Fat Crackers,crackers,snacks,1302,0.6175,6,0.0854
1782,Dark & Mint Filled Chocolate Squares,candy chocolate,snacks,504,0.5734,1,0.0854
14668,Organic Premium Sweet Petite Mini Peeled Carrots,packaged vegetables fruits,produce,925,0.5859,4,0.0853
49628,Yoghurt Blueberry,yogurt,dairy eggs,4899,0.6618,9,0.0853
27817,Fresh Medium Salsa,fresh dips tapenades,deli,1291,0.6174,6,0.0852
31273,Ultra Free & Clear Dishwashing Liquid,dish detergents,household,546,0.5733,1,0.0852
41362,Lunchables Turkey & Cheddar with Crackers,prepared meals,deli,1534,0.6173,6,0.0852
24499,Clasico Nacho Chipotle Tortilla Chips,chips pretzels,snacks,1687,0.6212,7,0.0852
25718,Cold Brew Coffee,coffee,beverages,8971,0.7034,10,0.0851
15767,Blackened Chicken Salad,prepared soups salads,deli,1207,0.6031,5,0.0851
26914,Bean & Cheese Burrito,frozen meals,frozen,6045,0.6615,9,0.085
12879,Rotisserie Deli Shave Chicken Breast,lunch meat,deli,1293,0.6172,6,0.085
38453,Reduced Fat Chocolate Milk,milk,dairy eggs,3480,0.6615,9,0.085
29660,"Frosted Toaster Pastries, Cherry Pomegran",breakfast bars pastries,breakfast,1252,0.603,5,0.085
36550,Organic Extra Large Grade AA Brown Eggs,eggs,dairy eggs,13587,0.7032,10,0.0849
5547,Roasted Sesame Seaweed Snacks,asian foods,international,3479,0.6614,9,0.0849
9385,Hazelnut Bite Size Wafer Cookies,cookies cakes,snacks,948,0.5854,4,0.0848
17979,Small Batch Authentic Taqueria Tortilla Chips,chips pretzels,snacks,684,0.5877,2,0.0848
22170,Organic Multigrain with Flax English Muffins,breakfast bakery,bakery,2678,0.6307,8,0.0846
26148,Heart Healthy Mix,nuts seeds dried fruit,snacks,618,0.5874,2,0.0845
9703,Blueberry Scones,breakfast bakery,bakery,1117,0.6025,5,0.0845
4410,Organic Flax Plus Multibran Flakes,cereal,breakfast,2479,0.6305,8,0.0844
47025,Naturally Light Indian Tonic Water,water seltzer sparkling water,beverages,853,0.585,4,0.0844
9829,Pure Life Water,water seltzer sparkling water,beverages,889,0.5849,4,0.0843
33320,Organic Banana Bites,nuts seeds dried fruit,snacks,1019,0.5849,4,0.0843
18641,Tomato Goat Cheese & Herbs Pizza,prepared meals,deli,1124,0.6023,5,0.0843
34127,Frozen Chocolate Fudge Greek Yogurt,ice cream ice,frozen,608,0.5872,2,0.0843
29950,Spicy Uncured Bacon & Egg Roasted Potato Jalapeno & Cheddar Burrito,frozen breakfast,frozen,608,0.5872,2,0.0843
26899,Grow Well DHA Baby Food,baby food formula,babies,620,0.5871,2,0.0842
33109,Greek Plain Whole Milk Yogurt,yogurt,dairy eggs,540,0.5722,1,0.0842
36256,Yellow Soft Corn Tortillas 8 Count,tortillas flat bread,bakery,2980,0.6302,8,0.0841
33736,Lemon Master Cleanse Fruit Juice Drink,refrigerated,beverages,1347,0.6162,6,0.084
35921,Organic Large Grade A Brown Eggs,eggs,dairy eggs,13881,0.7021,10,0.0839
691,Organic Promise Strawberry Fields Cereal,cereal,breakfast,3151,0.63,8,0.0839
3179,Sugar Free Cherry Low Calorie Gelatin Snacks,refrigerated pudding desserts,dairy eggs,754,0.5703,3,0.0838
7669,Premium Ginger Ale,soft drinks,beverages,1198,0.6018,5,0.0838
10132,Organic American Cheese Singles,packaged cheese,dairy eggs,18040,0.702,10,0.0838
21227,Smart Dogs Veggie Hot Dogs,tofu meat alternatives,deli,1925,0.6197,7,0.0837
8514,Egg Whites,eggs,dairy eggs,516,0.5717,1,0.0837
20063,"Hazelnuts in Milk Chocolate, 33% Cocoa",candy chocolate,snacks,1195,0.6017,5,0.0836
22028,Grilled Chicken Taquitos,frozen meals,frozen,1577,0.6157,6,0.0836
22507,Premium Grapefruit Large,fresh fruits,produce,2182,0.6196,7,0.0836
14372,Original 5-Cheese Pizza,frozen pizza,frozen,1069,0.6015,5,0.0834
16556,Popcorn Party Size! White Cheddar Cheese,popcorn jerky,snacks,1227,0.6015,5,0.0834
46023,Harvest Peach Yogurt,yogurt,dairy eggs,2969,0.6295,8,0.0834
6901,Raisin Bran,cereal,breakfast,2023,0.6194,7,0.0833
22006,Kefir Lowfat Probiotic Peach,yogurt,dairy eggs,674,0.5861,2,0.0831
13143,Lavender Hand Sanitizer Wipes,soap,personal care,776,0.5696,3,0.0831
24841,Aged White Cheddar Baked Rice & Corn Puffs Gluten Free Lunch Packs,chips pretzels,snacks,10978,0.7013,10,0.0831
26505,Snack Size Vanilla Yogurt Raisins,nuts seeds dried fruit,snacks,1906,0.6191,7,0.0831
2014,Low Fat Kefir Cultured Milk Smoothie Lowfat Probiotic Blueberry,yogurt,dairy eggs,2529,0.6291,8,0.083
16589,Plantain Chips,chips pretzels,snacks,7192,0.7012,10,0.083
16683,Little Sumpin' Sumpin' Ale,beers coolers,alcohol,1223,0.601,5,0.0829
23687,Multi Grain Sandwich Thins,buns rolls,bakery,1824,0.619,7,0.0829
48628,Organic Whole Wheat Bread,bread,bakery,11165,0.7011,10,0.0829
26010,Dairy Free Vegetable Pot Pie,frozen meals,frozen,1105,0.6009,5,0.0829
1907,Kiwi Spinach Peas & Green Apple,baby food formula,babies,1013,0.5834,4,0.0828
16213,Orange with Mango Juice,refrigerated,beverages,1185,0.6008,5,0.0828
4756,White Chocolate Macadamia Nut Cookies,cookies cakes,snacks,979,0.5832,4,0.0826
32562,Vanilla Ice Cream Cookies,ice cream ice,frozen,573,0.5707,1,0.0826
7658,Soft Baked Chocolate Chip Cookies Gluten Free,cookies cakes,snacks,552,0.5707,1,0.0826
27531,Dairy Free Unsweetened Vanilla Coconut Milk,cream,dairy eggs,3663,0.659,9,0.0825
36214,Turkey Burger Patties,packaged poultry,meat seafood,1331,0.6146,6,0.0824
6400,Almond Acai Lite Bar,energy granola bars,snacks,627,0.5853,2,0.0824
32059,Cage-Free Grade AA Large Eggs,eggs,dairy eggs,680,0.5853,2,0.0824
6291,Ezekiel 4:9 Flax Sprouted Grain Bread,cereal,breakfast,1968,0.6184,7,0.0824
17526,70% Dark Chocolate Salted Almond Bar,candy chocolate,snacks,2885,0.6284,8,0.0823
19966,Spicy Shrimp Avocado Roll,prepared meals,deli,1063,0.6002,5,0.0821
6452,Organic Berry Strawberry Flax Plus Chewy Yogurt Granola Bars,energy granola bars,snacks,570,0.5702,1,0.0821
48109,"Tortilla Chips, Clasico, Jalapeno Lime",chips pretzels,snacks,4496,0.6586,9,0.0821
19871,Fruit Roll Ups Variety Fruit Flavored Snacks,fruit vegetable snacks,snacks,1035,0.6,5,0.082
38579,Original Style Yoghurt Plain,yogurt,dairy eggs,2102,0.618,7,0.0819
29309,Spaghetti with Meat Sauce Pasta Meal,frozen meals,frozen,1578,0.6141,6,0.0819
38141,"Fiber & Protein Organic Pears, Raspberries, Butternut Squash & Carrots Snack",baby food formula,babies,2167,0.6179,7,0.0819
2513,Steam In Bag Broccoli & Cauliflower,packaged vegetables fruits,produce,806,0.5682,3,0.0818
35483,Apple & Gouda Cheese Chicken Sausage,hot dogs bacon sausage,meat seafood,537,0.5698,1,0.0818
24826,Braided Twist Honey Wheat,chips pretzels,snacks,679,0.5847,2,0.0818
10409,Essentials Organic Green Delight Juice,juice nectars,beverages,585,0.5846,2,0.0817
30884,Island Vanilla Cereal,cereal,breakfast,1349,0.6138,6,0.0817
11006,Carrots & Potatoes,chips pretzels,snacks,574,0.5697,1,0.0816
5708,Original Turkey Jerky,popcorn jerky,snacks,1219,0.5997,5,0.0816
24658,House Blend Medium Keurig Brewed K-Cups Ground Coffee,coffee,beverages,979,0.5822,4,0.0816
28597,Organic Stoneground Wheat Crackers,crackers,snacks,5880,0.658,9,0.0815
8309,Nonfat Icelandic Style Strawberry Yogurt,yogurt,dairy eggs,10663,0.6997,10,0.0815
12941,Morning Oat Crunch,cereal,breakfast,2744,0.6276,8,0.0814
10804,Organic Cinnamon Raisin Bread,bread,bakery,1116,0.5995,5,0.0814
8376,Way Better Snacks Simply So Sweet Chili Tortilla Chips,chips pretzels,snacks,635,0.5843,2,0.0813
19134,Crunchy Variety Pack Granola,breakfast bars pastries,breakfast,683,0.5842,2,0.0813
26410,Rice Thins Brown Rice Snack Crackers,crackers,snacks,1999,0.6173,7,0.0813
22046,Frozen Whole Strawberries,frozen produce,frozen,1936,0.6173,7,0.0812
26119,Italian Style Meatballs & Mozzarella Seasoned Crust,frozen meals,frozen,520,0.5692,1,0.0812
24253,Go Lean Cereal,cereal,breakfast,4718,0.6575,9,0.081
13027,Raspberry Beret Trail Mix,trail mix snack mix,snacks,901,0.5816,4,0.081
7314,Organic Quick Rolled Oats,bulk grains rice dried goods,bulk,1344,0.6131,6,0.081
46699,Carrot Cake Slice,bakery desserts,bakery,712,0.5674,3,0.081
17318,Sliced Swiss Cheese,packaged cheese,dairy eggs,872,0.5814,4,0.0808
28946,Yogurt Tubes Blueberry,yogurt,dairy eggs,2626,0.6268,8,0.0807
15429,Organic Chai Tea Latte Concentrate,tea,beverages,1261,0.5987,5,0.0807
7695,Dark Chocolate Pot De Creme,refrigerated pudding desserts,dairy eggs,646,0.5836,2,0.0807
13032,Cinnamon Toast Crunch,cereal,breakfast,3751,0.6572,9,0.0807
34244,"Bread, Sprouted Sourdough",bread,bakery,1616,0.6126,6,0.0805
33301,Fig Newtons Cookies,cookies cakes,snacks,725,0.5669,3,0.0804
28767,Organic Crunchy Peanut Butter,spreads,pantry,648,0.5833,2,0.0804
2716,Organic Greek Lowfat Yogurt With Strawberries,yogurt,dairy eggs,6311,0.6568,9,0.0803
15510,Organic Vegetarian No-Chicken Broth,soup broth bouillon,canned goods,1053,0.5983,5,0.0802
14050,Double Chocolate Chip Protein Bar,energy granola bars,snacks,1257,0.5982,5,0.0802
10234,Organic Coconut Almond in Chocolate Frozen Non-Dairy Desert,ice cream ice,frozen,650,0.5831,2,0.0802
273,Thin Stackers Brown Rice  Salt Free,chips pretzels,snacks,1323,0.6122,6,0.0801
2421,Organic Jelly Beans,candy chocolate,snacks,942,0.5807,4,0.0801
32230,Organic Greek Fat Free Plain Yogurt,yogurt,dairy eggs,2370,0.6262,8,0.0801
26221,Skinny Cow Vanilla Low Fat Ice Cream Sandwiches,ice cream ice,frozen,1254,0.5981,5,0.08
4377,Bag of Oranges,fresh fruits,produce,2327,0.6261,8,0.08
20011,"Pizza, Italiano, Meatless Italian Sausage & Mushroom",frozen pizza,frozen,609,0.5829,2,0.08
26530,Bath Tissue,paper goods,household,597,0.5829,2,0.08
17600,"YoKids Squeezers Organic Low-Fat Yogurt, Strawberry",yogurt,dairy eggs,19611,0.6982,10,0.08
42450,Macaroni & Cheese,frozen meals,frozen,17420,0.6982,10,0.08
24062,Flourless  Sprouted Whole Grain 7-Sprouted Grains English Muffins,breakfast bakery,bakery,2982,0.6261,8,0.08
11845,100% Mango Juice,juice nectars,beverages,768,0.5664,3,0.0799
46352,Peachy Keen Organic Level 1,baby food formula,babies,500,0.568,1,0.0799
16797,Strawberries,fresh fruits,produce,142951,0.6982,10,0.0799
34024,Classic Soda,soft drinks,beverages,5687,0.6564,9,0.0799
25551,Big Sur Breakfast Burrito,frozen breakfast,frozen,814,0.5663,3,0.0799
4276,Sea Salt Lentil Chips,chips pretzels,snacks,567,0.5679,1,0.0798
42446,Shredded Wheat,cereal,breakfast,567,0.5679,1,0.0798
27652,Handmade Vodka,spirits,alcohol,1129,0.5979,5,0.0798
19906,Fresh Whole White Mushrooms,fresh vegetables,produce,2585,0.6259,8,0.0798
24518,Gluten Free Lemonzest Nutrition bar,energy granola bars,snacks,3587,0.6563,9,0.0798
1747,Teriyaki Beef Jerky,popcorn jerky,snacks,1448,0.6119,6,0.0797
6552,Crunchy Chocolate Chip Chia Granola & Seed Bars,breakfast bars pastries,breakfast,1228,0.5977,5,0.0797
11090,Organic Fat Free Cottage Cheese,packaged cheese,dairy eggs,2910,0.6258,8,0.0797
15011,"Pita Chips, Simply Naked",chips pretzels,snacks,1975,0.6157,7,0.0797
39676,Coconut Water with Peach & Mango,juice nectars,beverages,696,0.5661,3,0.0796
10807,Wild Arugula Salad,packaged vegetables fruits,produce,751,0.5659,3,0.0795
14875,Soft & Smooth Whole Grain White Bread,bread,bakery,3242,0.6255,8,0.0794
3634,Krinkle Cut Classic Barbecue Potato Chips,chips pretzels,snacks,1880,0.6154,7,0.0794
43227,Squares Milk & Caramel Chocolate,candy chocolate,snacks,792,0.5657,3,0.0792
13203,Natural Bliss Salted Caramel Flavor All-Natural Coffee Creamer,cream,dairy eggs,1983,0.6152,7,0.0792
28373,Original Rotisserie Chicken,prepared meals,deli,7335,0.6973,10,0.0791
30492,French Vanilla Half+Half,cream,dairy eggs,1317,0.6112,6,0.0791
37788,All Natural Gluten Free Probiotic Pineapple Yoghurt,yogurt,dairy eggs,689,0.582,2,0.0791
36099,Roast Beef,lunch meat,deli,653,0.5819,2,0.079
17191,Tangerine,soft drinks,beverages,4389,0.6555,9,0.079
30391,Organic Cucumber,fresh vegetables,produce,80392,0.6972,10,0.079
22935,Organic Yellow Onion,fresh vegetables,produce,113426,0.6971,10,0.0789
19821,Chocolate Chip,energy granola bars,snacks,3647,0.6553,9,0.0788
1749,Organic Letter of the Day Oatmeal Cinnamon Cookies,baby food formula,babies,1424,0.611,6,0.0788
38837,Crispy Chick'n Sliders,frozen vegan vegetarian,frozen,1898,0.6149,7,0.0788
14074,"Cheese Alternative, American Style, Slices",packaged cheese,dairy eggs,1406,0.611,6,0.0788
3789,0% Fat Superfruits Greek Yogurt,yogurt,dairy eggs,713,0.5652,3,0.0788
39964,Assorted Bagels,breakfast bakery,bakery,1121,0.5968,5,0.0787
46347,100% Whole Wheat,bread,bakery,1952,0.6148,7,0.0787
43635,Whole Milk Greek Plain,yogurt,dairy eggs,631,0.5816,2,0.0787
48385,Summertime Blues Multigrain Tortilla Chips,chips pretzels,snacks,1168,0.5967,5,0.0787
22224,Whole Milk Plain Greek Yogurt,yogurt,dairy eggs,1783,0.6147,7,0.0787
25670,High Pulp Orange Juice,refrigerated,beverages,2003,0.6146,7,0.0785
7412,Gluten-Free Red Hot Blues Made with Organic Blue  Corn Tortilla Chips,chips pretzels,snacks,3750,0.6549,9,0.0784
38039,Smart Bran With Psyllium & Oatbran Cereal,cereal,breakfast,549,0.5665,1,0.0784
25830,Eggo Blueberry Waffles,frozen breakfast,frozen,2228,0.6145,7,0.0784
1702,Original Coconut Milk,soy lactosefree,dairy eggs,848,0.579,4,0.0784
5727,Sandwich Potato Bread,buns rolls,bakery,886,0.579,4,0.0784
2983,Kosher Medium Cheddar Cheese,packaged cheese,dairy eggs,1182,0.5964,5,0.0784
25986,Blueberry Lemonade,refrigerated,beverages,1182,0.5964,5,0.0784
8073,Basmati Ready Rice,instant foods,dry goods pasta,855,0.5789,4,0.0783
8339,Crackers Almond Flour Rosemary Sea Salt,crackers,snacks,1043,0.5964,5,0.0783
18272,Slices Cheddar Cheese,packaged cheese,dairy eggs,3429,0.6244,8,0.0783
43760,Fakin' Bacon Organic Smoky Tempeh Strips,tofu meat alternatives,deli,1999,0.6143,7,0.0783
36835,Dairy Free Greek Yogurt Black Cherry,yogurt,dairy eggs,558,0.5663,1,0.0783
13519,Original Cracklebred,crackers,snacks,558,0.5663,1,0.0783
28342,Pineapple Strawberry Naturally Essenced Sparkling Water,water seltzer sparkling water,beverages,1070,0.5963,5,0.0782
17902,Liquid Egg Whites,eggs,dairy eggs,6763,0.6964,10,0.0782
14011,Oven Roasted Chicken Breast,packaged poultry,meat seafood,635,0.5811,2,0.0782
29117,Organic Gluten Free Sea Salt by the Seashore Multigrain Tortilla Chips,chips pretzels,snacks,1970,0.6142,7,0.0782
36316,Lemon Sparkling Water,water seltzer sparkling water,beverages,9496,0.6964,10,0.0782
38341,Flavor Blasted Xtra Cheddar Baked Goldfish Crackers,crackers,snacks,1107,0.5962,5,0.0782
49247,Coconut Yoghurt,yogurt,dairy eggs,6292,0.6546,9,0.0781
39972,Chocolate Fudge High Protein Bar,energy granola bars,snacks,845,0.5787,4,0.0781
24561,Organic Cheese Frozen Pizza,frozen pizza,frozen,14313,0.6963,10,0.0781
23322,Golden Delicious Apple,fresh fruits,produce,5175,0.6545,9,0.078
5550,YoBaby Peach Pear Yogurt,yogurt,dairy eggs,8641,0.6962,10,0.078
24053,Whipped Cream Cheese Spread,other creams cheeses,dairy eggs,2178,0.6139,7,0.0778
47626,Large Lemon,fresh fruits,produce,152657,0.696,10,0.0778
16014,Barbeque Potato,chips pretzels,snacks,1269,0.5957,5,0.0777
6265,Fruit Gushers Fruit Flavored Snacks Variety Pack,fruit vegetable snacks,snacks,780,0.5641,3,0.0776
3566,All Natural Hemp Original Non Dairy Beverage,soy lactosefree,dairy eggs,596,0.5805,2,0.0776
99,Local Living Butter Lettuce,fresh vegetables,produce,646,0.5805,2,0.0776
13517,Whole Wheat Bread,bread,bakery,10512,0.6958,10,0.0775
29506,Pita Bread,tortillas flat bread,bakery,1907,0.6135,7,0.0775
10453,Double Caramel Ice Cream Bars,ice cream ice,frozen,759,0.5639,3,0.0774
1,Chocolate Sandwich Cookies,cookies cakes,snacks,1852,0.6134,7,0.0773
29124,Bite Size Cheddar Cheese Crackers,crackers,snacks,543,0.5654,1,0.0773
12813,Calorie Free Sweetener,baking ingredients,pantry,905,0.5779,4,0.0773
11344,Facial Tissue Family Size,paper goods,household,559,0.5653,1,0.0772
41618,Gluten Free Uncured Frozen Pepperoni Pizza,frozen pizza,frozen,2984,0.6233,8,0.0772
42958,Rustic Baguette,bread,bakery,1349,0.6093,6,0.0772
37145,Select Natural Applewood Smoked Turkey Breast,lunch meat,deli,1528,0.6093,6,0.0772
12000,Baked Organic Sea Salt Crunchy Pea Snack,condiments,pantry,1166,0.5952,5,0.0771
36646,Lactose Free Sour Cream,other creams cheeses,dairy eggs,1538,0.6092,6,0.0771
23088,White Cheddar Jalapeno Gourmet Popcorn,popcorn jerky,snacks,795,0.5635,3,0.0771
16650,Naturals Chicken Patties,frozen meat seafood,frozen,688,0.5799,2,0.077
23020,Diet Tonic Water,soft drinks,beverages,1928,0.6131,7,0.077
42533,"Superfoods Organic Pears, Blueberries & Beets + Super Chia Fruit & Veggie Blend",baby food formula,babies,1443,0.6091,6,0.077
40251,Tuna Fillets in Spring Water,canned meat seafood,canned goods,561,0.5651,1,0.077
14862,Aged White Cheddar Puffs Cheese Snacks,popcorn jerky,snacks,1801,0.613,7,0.077
8575,Unprocessed American Singles Colby-Style Cheese,packaged cheese,dairy eggs,2018,0.613,7,0.0769
12068,Ritz Peanut Butter Cracker Sandwiches,crackers,snacks,726,0.5634,3,0.0769
27521,Organic Lacinato (Dinosaur) Kale,fresh vegetables,produce,43067,0.6951,10,0.0769
28764,Organic Gluten-Free Quinoa Spaghetti,dry pasta,dry goods pasta,719,0.5633,3,0.0768
36878,Caesar Salad,prepared soups salads,deli,1170,0.5949,5,0.0768
1862,Tuna Fillets in Olive Oil,canned meat seafood,canned goods,937,0.5774,4,0.0768
4001,Probugs Strawnana Split Frozen Ypgurt,ice cream ice,frozen,866,0.5774,4,0.0768
42091,Pesto Sauce,bulk grains rice dried goods,bulk,1266,0.5948,5,0.0767
33642,Lactose Free Cream Cheese,other creams cheeses,dairy eggs,2004,0.6128,7,0.0767
36039,Organic Cocoa Crunch Protein Bar,energy granola bars,snacks,744,0.5632,3,0.0767
47097,Milk Chocolate Peanut Butter Cups,candy chocolate,snacks,628,0.5796,2,0.0767
38527,Snackimals Cookies Vanilla,cookies cakes,snacks,533,0.5647,1,0.0767
4366,Multi-Grain Sea Salt Crackers,crackers,snacks,1592,0.6087,6,0.0765
8730,Comfort Roasted Turkey Breast Dinner,frozen meals,frozen,764,0.5628,3,0.0764
39322,Caramel Almond and Sea Salt Nut Bar,energy granola bars,snacks,3617,0.6528,9,0.0762
28985,Michigan Organic Kale,fresh vegetables,produce,67449,0.6945,10,0.0762
13712,Cold Brew Coffee Double Espresso with Almond Milk,soy lactosefree,dairy eggs,6027,0.6527,9,0.0762
20384,The Peruvian Burrito,frozen meals,frozen,905,0.5768,4,0.0762
23740,Stage 1 Newborn Hypoallergenic Liquid Detergent,laundry,household,677,0.579,2,0.0761
39225,Golden Fishless Filet,frozen vegan vegetarian,frozen,1131,0.5942,5,0.0761
38127,Lowfat Strawberries 'n Cream Kefir,yogurt,dairy eggs,1126,0.5941,5,0.0761
16384,Just Mangos Organic Baby Food,baby food formula,babies,1717,0.6121,7,0.0761
11776,Baked Sea Salt & Vinegar Potato Chips,chips pretzels,snacks,1396,0.6082,6,0.076
35234,2% Low Fat Cottage Cheese,other creams cheeses,dairy eggs,1452,0.6081,6,0.076
5385,Country White Bread,bread,bakery,4440,0.6525,9,0.076
11896,Organic Ice Cream Chocolate Chocolate Chip,ice cream ice,frozen,729,0.5624,3,0.076
33398,Hand Made Style Flour Tortilla,tortillas flat bread,bakery,555,0.564,1,0.0759
49363,Freshly made pasta in a 100% Real Cheddar cheese sauce Macaroni & Cheese,frozen meals,frozen,987,0.5765,4,0.0759
37317,Wonderful 100% Pomegranate Juice,refrigerated,beverages,3283,0.622,8,0.0759
26885,Luau BBQ Potato Chips,chips pretzels,snacks,603,0.5788,2,0.0759
17631,Caffeine Free Coke Zero,soft drinks,beverages,1477,0.608,6,0.0759
49005,Dark Brown Butter Organic Chocolate,candy chocolate,snacks,1487,0.6079,6,0.0758
8269,Chunky Blend Vegetable Beef Pilaf Baby Food,baby food formula,babies,629,0.5787,2,0.0758
11556,Quadratini Chocolate Cream Wafers,cookies cakes,snacks,715,0.5622,3,0.0758
24454,7 Grain Bread,bread,bakery,610,0.5787,2,0.0758
44089,Concord Grape Juice,juice nectars,beverages,564,0.5638,1,0.0758
15324,Cran-Grape Juice,juice nectars,beverages,1024,0.5938,5,0.0757
33626,Spinach Cheese Tortellini,fresh pasta,dry goods pasta,911,0.5763,4,0.0757
21162,Organic Mixed Berry Yogurt & Fruit Snack,baby food formula,babies,5563,0.6522,9,0.0757
12919,Coconut Sparkling Water,water seltzer sparkling water,beverages,4114,0.6522,9,0.0757
42479,Almond Milk Ricotta,milk,dairy eggs,2435,0.6218,8,0.0757
45158,Hand Towels,paper goods,household,977,0.5763,4,0.0756
14118,Pretzel Bread Grilled Chicken with Jalapeno Cheddar Sandwiches,frozen meals,frozen,774,0.562,3,0.0756
47111,Spicy Black Bean Burger,frozen vegan vegetarian,frozen,566,0.5636,1,0.0755
16744,Peanut & Gluten Free Smooth Almond Butter,spreads,pantry,1186,0.5936,5,0.0755
32828,Italian Sausage,tofu meat alternatives,deli,2886,0.6216,8,0.0755
23233,California Sourdough Bread,bread,bakery,7177,0.6937,10,0.0755
23527,Baby Food Stage 2 Sweet Potato Mango & Millet,baby food formula,babies,710,0.562,3,0.0755
10326,Organic Fuji Apples,fresh fruits,produce,5526,0.652,9,0.0755
12258,Organic White English Muffins,breakfast bakery,bakery,3911,0.652,9,0.0755
9779,Shepherd's Pie,frozen meals,frozen,2000,0.6115,7,0.0755
16464,Sweet & Salty Nut Almond Granola Bars,energy granola bars,snacks,1969,0.6115,7,0.0754
36929,"Milk, Vitamin D",milk,dairy eggs,8732,0.6937,10,0.0754
30169,Total 2% All Natural Plain Greek Yogurt,yogurt,dairy eggs,16636,0.6936,10,0.0754
14739,Chocolate Dipped Coconut,energy granola bars,snacks,1544,0.6075,6,0.0754
29265,Traditional Lavash Flatbread,tortillas flat bread,bakery,1279,0.6075,6,0.0754
11143,Defense Up Cold Pressed Fruit Smoothie,refrigerated,beverages,2367,0.6215,8,0.0754
31228,Organic Deep Green Blends Power Greens,packaged vegetables fruits,produce,785,0.5618,3,0.0753
47658,Vegan Chocolate Chip With Walnuts Cookies,cookies cakes,snacks,696,0.5618,3,0.0753
48301,Strawberry Banana Coconut Milk Yogurt,yogurt,dairy eggs,955,0.5759,4,0.0753
45210,Organic Greek Lowfat Yogurt With Blueberries,yogurt,dairy eggs,4776,0.6518,9,0.0753
46820,Vanilla Pure Almond Milk,soy lactosefree,dairy eggs,11455,0.6935,10,0.0753
36425,Chardonnay Wine,white wines,alcohol,1999,0.6113,7,0.0753
42817,Strawberry Premium Mochi Ice Cream,ice cream ice,frozen,659,0.5781,2,0.0752
6568,Snacks Mango,fruit vegetable snacks,snacks,2609,0.6213,8,0.0752
46029,Stoned Wheat Thins Crackers,crackers,snacks,685,0.5781,2,0.0752
37052,Natural Bliss Cinnamon Cream Coffee Creamer,cream,dairy eggs,602,0.5781,2,0.0752
13225,Lowfat Milk,milk,dairy eggs,4280,0.6516,9,0.0751
9825,Organic Multigrain Waffles,frozen breakfast,frozen,10704,0.6933,10,0.0751
24004,Goldfish Parmesan Baked Snack Crackers,crackers,snacks,1187,0.5931,5,0.075
9407,Organic Frosted Blueberry Toaster Pastries,breakfast bars pastries,breakfast,680,0.5779,2,0.075
10912,Lowfat Vanilla Yogurt,yogurt,dairy eggs,8303,0.6932,10,0.075
3466,70% Dark Chocolate With Orange Bar,candy chocolate,snacks,1013,0.5755,4,0.0749
31915,Organic Red Delicious Apple,fresh fruits,produce,13833,0.6931,10,0.0749
25442,G Series Perform Orange Sports Drink,energy sports drinks,beverages,556,0.5629,1,0.0749
7391,Beef Bologna,lunch meat,deli,807,0.5613,3,0.0749
31394,100 Calorie Pretzels Packs,chips pretzels,snacks,1425,0.607,6,0.0749
8529,Organic Jalapeno Crackers,crackers,snacks,585,0.5778,2,0.0749
14891,Black Coffee,coffee,beverages,2688,0.6209,8,0.0748
9203,Dairy Free Coconut Milk Raspberry Yogurt Alternative,yogurt,dairy eggs,2453,0.6209,8,0.0748
45371,Soft Taco Size Flour Tortillas 10 Count,tortillas flat bread,bakery,897,0.5753,4,0.0746
46313,Baby Swiss Slices Cheese,packaged cheese,dairy eggs,2784,0.6207,8,0.0746
2275,Chicken Apple Sausage Egg White Breakfast Burrito,frozen breakfast,frozen,1373,0.6067,6,0.0746
39349,Sliced Varzi Salami Meat,lunch meat,deli,925,0.5751,4,0.0745
1197,"Plates, Ultra, 10-1/16 Inch",plates bowls cups flatware,household,738,0.561,3,0.0745
23148,Veggie Loaf & Mashed Potatoes Entrée,frozen meals,frozen,859,0.5751,4,0.0745
15772,Pineapple Spears,packaged produce,produce,2372,0.6206,8,0.0745
29387,Yo Toddler Organic Strawberry Banana Whole Milk Yogurt,yogurt,dairy eggs,2588,0.6206,8,0.0745
27275,Pineapple Strawberry Sparkling Water,water seltzer sparkling water,beverages,2472,0.6206,8,0.0744
30420,"Arugula, Kale, Apple, Romaine, Celery, Cucumber, Lemon, Ginger Cold Pressed Juice",refrigerated,beverages,1469,0.6065,6,0.0744
7753,Dark Chocolate Pumpkin Seed Bark,candy chocolate,snacks,1802,0.6104,7,0.0744
10448,Chili Lime Beef Jerky Pack,popcorn jerky,snacks,521,0.5624,1,0.0743
18176,Organic Strawberry Yogurt & Fruit Snack,baby food formula,babies,4552,0.6507,9,0.0742
5258,Sparkling Water,water seltzer sparkling water,beverages,12321,0.6924,10,0.0742
38511,1 Ply Paper Towels,paper goods,household,2707,0.6202,8,0.0741
38395,BBQ,chips pretzels,snacks,924,0.5747,4,0.0741
30764,Cinnamon Raisin Bagels,breakfast bakery,bakery,1422,0.6062,6,0.0741
45946,Organic Greek Plain Lowfat Yogurt,yogurt,dairy eggs,3545,0.6505,9,0.074
3513,Organic Blueberry,fresh fruits,produce,548,0.562,1,0.074
13807,Light and Lean Macaroni and Cheese,frozen meals,frozen,2769,0.6201,8,0.074
30135,Cheddar Cheese Burrito,frozen meals,frozen,3699,0.6504,9,0.0739
2026,Traditional Multipack,trail mix snack mix,snacks,509,0.5619,1,0.0738
920,Coconut Yogurt,yogurt,dairy eggs,3157,0.6199,8,0.0738
41057,Soft-Baked Ripe Strawberry Cereal Bars,breakfast bars pastries,breakfast,1835,0.6098,7,0.0738
40454,Marketplace Vermont White Cheddar Mac & Cheese,frozen meals,frozen,1073,0.5918,5,0.0737
31210,Philadelphia Reduced Fat Cream Cheese Spread,other creams cheeses,dairy eggs,518,0.5618,1,0.0737
39332,Dried Mangoes,nuts seeds dried fruit,snacks,2704,0.6198,8,0.0737
46807,"Bananas, Raspberries & Oats Organic Baby Food",baby food formula,babies,1773,0.6097,7,0.0737
36537,Almond Walnut Macadamia Plus Bar,energy granola bars,snacks,680,0.5765,2,0.0736
24713,Light Butter with Canola Oil,butter,dairy eggs,850,0.5741,4,0.0735
1347,Organic Raspberry Yogurt,yogurt,dairy eggs,1136,0.5915,5,0.0735
35992,Large White Eggs,eggs,dairy eggs,1867,0.6095,7,0.0735
49683,Cucumber Kirby,fresh vegetables,produce,97315,0.6917,10,0.0735
45054,Combination Party Pizza,frozen pizza,frozen,1082,0.5915,5,0.0734
23623,G Series Perform Glacier Cherry Sports Drink,energy sports drinks,beverages,642,0.5763,2,0.0734
25837,Mini Babybel Light Semisoft Edam Cheeses,packaged cheese,dairy eggs,6638,0.6916,10,0.0734
44306,Organic Broccoli Sprouts,fruit vegetable snacks,snacks,616,0.5763,2,0.0734
4329,Yellowfin Tuna in Pure Olive Oil,canned meat seafood,canned goods,1014,0.574,4,0.0734
38465,Lime & Sea Salt Tortilla Chips,chips pretzels,snacks,1187,0.5914,5,0.0734
45862,Broccoli Floret,packaged vegetables fruits,produce,1774,0.6094,7,0.0733
31596,Rice Express Fresh Steamed Sticky White Rice,instant foods,dry goods pasta,1381,0.6054,6,0.0732
13605,Frosted berry Strawberry Toaster Pastries,breakfast bars pastries,breakfast,2203,0.6092,7,0.0731
43662,"Yogurt, Strained Low-Fat, Coconut",yogurt,dairy eggs,12123,0.6913,10,0.0731
26286,Tahoe White Chocolate Macadamia Cookies,cookies cakes,snacks,581,0.5611,1,0.073
36287,Smooth Operator Natural Peanut Butter,spreads,pantry,2245,0.6089,7,0.0729
18721,"Baked Rice and Corn Puffs, Aged White Cheddar",chips pretzels,snacks,4009,0.6493,9,0.0728
20280,Jumbo Lump Crab Cake,seafood counter,meat seafood,1549,0.6049,6,0.0728
24363,Lemon Cayenne Agave Cold Pressed Juice Beverage,refrigerated,beverages,2823,0.6188,8,0.0727
20842,Total 0% Greek Yogurt,yogurt,dairy eggs,26154,0.6909,10,0.0727
13147,GOLEAN Crisp! Toasted Berry Crumble Cereal,cereal,breakfast,2786,0.6188,8,0.0727
3628,Gluten Free Paleo Fettuccine,frozen meals,frozen,1679,0.6087,7,0.0727
34991,Skinny Pack White Cheddar Popcorn,popcorn jerky,snacks,1065,0.5906,5,0.0726
26348,Mixed Fruit Fruit Snacks,fruit vegetable snacks,snacks,9955,0.6907,10,0.0725
24660,Deli Fresh Slow Roasted Cured Roast Beef,lunch meat,deli,690,0.5754,2,0.0725
22176,Organic Coconut Bliss Chocolate Walnut Brownie Dessert,ice cream ice,frozen,546,0.5604,1,0.0724
22825,Organic D'Anjou Pears,fresh fruits,produce,48915,0.6906,10,0.0724
38827,Organic Traditional Flour Tortillas,tortillas flat bread,bakery,4451,0.6488,9,0.0723
18359,Bag of Red Delicious Apples,packaged vegetables fruits,produce,1184,0.5904,5,0.0723
8056,Berry Bounty Trail Mix,trail mix snack mix,snacks,1096,0.5903,5,0.0723
42518,100% Whole Grain Bread,bread,bakery,1096,0.5903,5,0.0723
39748,Organic Whole Grain Infant Oatmeal Cereal with Bananas,baby food formula,babies,741,0.5587,3,0.0722
44389,Gluten Free Original Baguettes,frozen breads doughs,frozen,1385,0.6043,6,0.0722
39519,Dark Chocolate Peanut Butter Cups,candy chocolate,snacks,768,0.5586,3,0.0721
21267,Sourdough Bread,bread,bakery,16318,0.6903,10,0.0721
11352,Organic Mini Sandwich Crackers Peanut Butter,crackers,snacks,7069,0.6903,10,0.0721
22677,Vegan Margherita Pizza With Daiya Cheeze,frozen pizza,frozen,1697,0.6081,7,0.0721
1409,Dairy Free Coconut Milk Passionate Mango Yogurt Alternative,yogurt,dairy eggs,1088,0.5901,5,0.072
46496,Z Bar Protein Peanut Butter Chocolate Protein Snack Bar,energy granola bars,snacks,693,0.5584,3,0.072
40311,Organic Mixed Baby Kale Salad,packaged vegetables fruits,produce,1639,0.604,6,0.0719
30830,Organics Vitamin C Fortified 100% Apple Juice,juice nectars,beverages,682,0.5748,2,0.0719
33548,Peach on the Bottom Nonfat Greek Yogurt,yogurt,dairy eggs,7783,0.6901,10,0.0719
42828,Whipped Cream Cheese,other creams cheeses,dairy eggs,31192,0.6901,10,0.0719
1875,To Go Creamy Peanut Butter Cups,spreads,pantry,1706,0.6079,7,0.0718
21527,Unsweetened Whole Milk Blueberry Greek Yogurt,yogurt,dairy eggs,1621,0.6039,6,0.0718
28071,Olive Hummus,fresh dips tapenades,deli,2119,0.6078,7,0.0718
42536,Gluten Free Original Granola,granola,breakfast,2939,0.6179,8,0.0718
5876,Organic Lemon,fresh fruits,produce,87746,0.6899,10,0.0717
36183,Smooth Greens & Kale Vegetable and Fruit Juice Blend,juice nectars,beverages,935,0.5722,4,0.0716
19811,Honey + Ginger Beets,packaged vegetables fruits,produce,658,0.5745,2,0.0716
343,Organic Whole Peeled Baby Carrots,packaged vegetables fruits,produce,3180,0.6176,8,0.0715
48163,Natural Bliss Hazelnut Coffee Creamer,cream,dairy eggs,529,0.5595,1,0.0715
12888,Non-Dairy Low Fat Strawberry Almond  Yogurt,yogurt,dairy eggs,585,0.5744,2,0.0714
1464,Special k Protein Cereal,cereal,breakfast,916,0.5721,4,0.0714
14312,Dark Chocolate Almonds,candy chocolate,snacks,565,0.5593,1,0.0712
32579,Organic Promise Autumn Wheat Cereal,cereal,breakfast,3466,0.6477,9,0.0712
19634,Protein Lovers Breakfast Burrito,frozen meals,frozen,737,0.5577,3,0.0712
29657,Harvest Best in 100% Fruit Juice Mandarin Oranges,canned fruit applesauce,canned goods,524,0.5592,1,0.0711
27163,Spicy Nacho Tortilla Chips,chips pretzels,snacks,558,0.5591,1,0.0711
48925,Peppered Deli Slices,tofu meat alternatives,deli,1353,0.6031,6,0.071
33722,Chicken and Vegetable Egg Rolls,frozen appetizers sides,frozen,714,0.5574,3,0.071
26683,Cafe Latte Pure Lightly Sweetened Iced Coffee With Almond Milk,soy lactosefree,dairy eggs,2990,0.6171,8,0.071
9038,American Cheese slices,packaged cheese,dairy eggs,1692,0.607,7,0.0709
9519,Organic Vegetarian No-Chicken Low Sodium Broth,soup broth bouillon,canned goods,526,0.5589,1,0.0709
10032,Cola Soft Drink,soft drinks,beverages,6880,0.6891,10,0.0709
21949,White Cheddar Semisoft Cheese,packaged cheese,dairy eggs,1531,0.6029,6,0.0707
24799,Vanilla Skyr Nonfat Yogurt,yogurt,dairy eggs,18142,0.689,10,0.0707
13005,Grow Well Muscle Baby Food,baby food formula,babies,519,0.5588,1,0.0707
26863,Original Frosted Mini Wheats Little Bites,cereal,breakfast,884,0.5713,4,0.0707
40725,Gluten Free Fusilli Brown Rice Pasta,dry pasta,dry goods pasta,1430,0.6028,6,0.0707
31945,Organic Fresh Pressed Pure Carrot 100% Juice,juice nectars,beverages,790,0.557,3,0.0705
46022,Baked Whole Grain Wheat Original Crackers Thin Crisps,crackers,snacks,799,0.5569,3,0.0705
41371,Dark Chocolate Double Chocolate Nantucket,cookies cakes,snacks,521,0.5585,1,0.0705
47403,Homestyle Belgian Waffles,frozen breakfast,frozen,1316,0.6026,6,0.0704
22025,YoBaby Blueberry Apple Yogurt,yogurt,dairy eggs,7898,0.6887,10,0.0704
14861,Chocolate Cereal,cereal,breakfast,675,0.5733,2,0.0704
4713,Natural Chicken Breast Cutlets,poultry counter,meat seafood,874,0.5709,4,0.0703
41433,Fresh Roasted Tomate & Chile Asado Medium Salsa,fresh dips tapenades,deli,2083,0.6063,7,0.0703
4606,Sweet Chipotle Beef Jerky,popcorn jerky,snacks,557,0.5583,1,0.0703
45007,Organic Zucchini,fresh vegetables,produce,104823,0.6884,10,0.0702
21083,Corn Puffs with Aged White Cheddar (Lunch Packs),popcorn jerky,snacks,3138,0.6163,8,0.0702
37722,Gluten Freen Original Rice Pudding,refrigerated pudding desserts,dairy eggs,1049,0.5882,5,0.0701
48442,"Broccoli, Kale & Cheddar Cheese Organic Veggie Snack",baby food formula,babies,1516,0.6022,6,0.0701
23423,Original Hawaiian Sweet Rolls,buns rolls,bakery,2415,0.6161,8,0.07
37276,"Bar, Toffee & Almonds in Milk Chocolate",candy chocolate,snacks,4851,0.6465,9,0.07
1618,"Lasagna, Vegetable, with Daiya Cheeze",frozen meals,frozen,1392,0.602,6,0.0699
47940,Light Strawberry Yogurt,yogurt,dairy eggs,1397,0.602,6,0.0699
24535,Plain Whole Milk Yogurt,yogurt,dairy eggs,7338,0.6881,10,0.0698
29223,Golden Pineapple,fresh fruits,produce,5188,0.6463,9,0.0698
7177,Mini Babybel Mozzarella Cheese,packaged cheese,dairy eggs,2235,0.6058,7,0.0698
47610,"Pretzel Sticks, Gluten Free",chips pretzels,snacks,2181,0.6057,7,0.0696
25976,Pepperidge Farm Colors Cheddar Baked Snack Crackers,crackers,snacks,648,0.5725,2,0.0696
10163,Roasted Red Pepper Hommus,fresh dips tapenades,deli,1912,0.6056,7,0.0696
9558,Non-Fat Vanilla Blended Greek Yogurt,yogurt,dairy eggs,2891,0.6157,8,0.0696
27020,Mandarins Bag,fresh fruits,produce,5445,0.6461,9,0.0696
23800,Whole Grain Cereal,cereal,breakfast,705,0.556,3,0.0696
44075,Sesame Whole Wheat Crackers,crackers,snacks,3403,0.6156,8,0.0695
20591,Italian Bread,bread,bakery,804,0.556,3,0.0695
37158,Chicken & Maple Breakfast Sausage,frozen breakfast,frozen,18602,0.6877,10,0.0695
14952,Sweet & Crunchy Salad Blend,packaged vegetables fruits,produce,504,0.5575,1,0.0695
26453,Organic SprouTofu Royal Thai Baked Tofu,tofu meat alternatives,deli,921,0.57,4,0.0694
29545,Cherry Coke Soda,soft drinks,beverages,921,0.57,4,0.0694
20017,Greek Yogurt Style Nonfat Yogurt,yogurt,dairy eggs,716,0.5559,3,0.0694
13776,Summer Strawberry Fruit Strip,fruit vegetable snacks,snacks,1325,0.6015,6,0.0694
11452,Honey Dijon Potato Chips,chips pretzels,snacks,2982,0.6154,8,0.0693
36375,Organic Stage 2 Veggie & Protein Puree Broccoli Red Lentil Oat,baby food formula,babies,673,0.5721,2,0.0692
34160,of Hanover 100 Calorie Pretzels Mini,chips pretzels,snacks,3163,0.6152,8,0.0691
13292,"Juice Beverage, Cold Pressed, Kale Apple Ginger Romaine Spinach Cucumber Celery Parsley Lemon",refrigerated,beverages,8025,0.6874,10,0.0691
6686,Beddar with Cheddar Smoked Sausage,hot dogs bacon sausage,meat seafood,897,0.5697,4,0.0691
5488,With Pineapple Pulp Free Orange Juice,refrigerated,beverages,948,0.5696,4,0.069
141,Restaurant Style Organic Chia & Quinoa Tortilla Chips,chips pretzels,snacks,3639,0.6455,9,0.069
6692,Lightly Seasoned Chick'n Scallopini,frozen vegan vegetarian,frozen,1577,0.6011,6,0.069
2876,vitaminwater® XXX Acai Blueberry Pomegranate,energy sports drinks,beverages,1747,0.605,7,0.069
12683,Dry Roasted 100 Calorie Packs Almonds,nuts seeds dried fruit,snacks,731,0.5554,3,0.0689
37971,Organic Cranberry Pomegranate Juice,juice nectars,beverages,2286,0.615,8,0.0689
22520,"White Paper Towels, Regular Roll",paper goods,household,796,0.5553,3,0.0688
35851,Organic Greek Lowfat Yogurt With Cherries,yogurt,dairy eggs,3665,0.6453,9,0.0688
14183,Fruit & Nutty Almonds Raisins Cranberries Pecans Granola,granola,breakfast,2794,0.6149,8,0.0688
11361,Pure Almond Unsweetened Original Almond Milk,soy lactosefree,dairy eggs,3538,0.6453,9,0.0688
8380,Selects Turkey Breast Slow Roasted,lunch meat,deli,789,0.5551,3,0.0687
17789,Soy Free Buttery Spread,soy lactosefree,dairy eggs,4838,0.6451,9,0.0686
40612,Shishito Peppers,fresh vegetables,produce,686,0.5714,2,0.0685
20250,Homestyle Corned Beef Hash,canned meals beans,canned goods,829,0.5549,3,0.0684
41400,Crunchy Oats 'n Honey Granola Bars,energy granola bars,snacks,8723,0.6866,10,0.0683
4779,Muesli,hot cereal pancake mixes,breakfast,597,0.5712,2,0.0683
31654,Ultra Soft Mega Rolls  Bathroom Tissue,paper goods,household,1124,0.5863,5,0.0682
5086,"Almondmilk, Pure, Chocolate Protein",energy sports drinks,beverages,1049,0.5863,5,0.0682
4462,Pink Lady Apple Kombucha,tea,beverages,4953,0.6447,9,0.0682
28834,Stix Crispy Seaweed Strips Original,fruit vegetable snacks,snacks,525,0.5562,1,0.0681
47011,Organic Ginger Limeade Fruit Juice Drink,refrigerated,beverages,881,0.5687,4,0.0681
6541,Organic Baby Food Banana Beet & Blueberry,baby food formula,babies,2005,0.604,7,0.0679
34335,Ruby Red Grapefruit Juice,juice nectars,beverages,4477,0.6444,9,0.0679
49306,Original Mountain Blueberry Low Fat Yogurt,yogurt,dairy eggs,1674,0.6039,7,0.0679
13388,Land O' Lakes Mini Moo's Half & Half,cream,dairy eggs,964,0.5685,4,0.0679
27541,Plain Greek Nonfat Yogurt,yogurt,dairy eggs,747,0.5542,3,0.0678
40529,Red Wax Gouda Cheese,specialty cheeses,dairy eggs,821,0.5542,3,0.0677
21526,Organic Golden Round Crackers,crackers,snacks,3819,0.6441,9,0.0676
16254,ZBar Organic Chocolate Brownie Energy Snack,energy granola bars,snacks,7923,0.6859,10,0.0676
48805,Lowfat Plain Yoghurt,yogurt,dairy eggs,695,0.554,3,0.0675
20156,Mixed Berry Yogurt,yogurt,dairy eggs,1416,0.5996,6,0.0674
9036,Unsweetened Vanilla Cashew Milk,soy lactosefree,dairy eggs,1957,0.6035,7,0.0674
10685,Organic Fudge Bars,ice cream ice,frozen,1954,0.6034,7,0.0673
31277,Rice Puffs Cereal,cereal,breakfast,560,0.5554,1,0.0673
34203,Natural Applesauce Snack & Go Pouches,canned fruit applesauce,canned goods,800,0.5537,3,0.0673
46075,Mild Cheddar Semisoft Cheese,packaged cheese,dairy eggs,1155,0.5853,5,0.0672
34565,Peanut Butter Whole Grain Clusters,granola,breakfast,4583,0.6437,9,0.0672
43352,Raspberries,packaged produce,produce,57640,0.6854,10,0.0672
2643,Organic Bagged Kale Salad Mix,packaged vegetables fruits,produce,1696,0.6032,7,0.0671
10890,Original Pancakes & Sausage On a Stick,frozen breakfast,frozen,580,0.5552,1,0.0671
43298,Belgian White Beer,beers coolers,alcohol,562,0.5552,1,0.0671
4174,Rich & Creamy Fat-Free Half & Half Ultra-Pasteurized,cream,dairy eggs,535,0.5551,1,0.0671
5985,Red Bell Peppers,packaged produce,produce,1920,0.6031,7,0.0671
45116,Potatoes Sweet,fresh vegetables,produce,1678,0.6031,7,0.0671
47248,No Sugar Added Mandarin Oranges in Artificially Sweetened Water,canned fruit applesauce,canned goods,679,0.57,2,0.067
30659,Medium Bag Peanut Milk Chocolate Candies,candy chocolate,snacks,983,0.5677,4,0.067
45570,Organic Greek Plain Nonfat Yogurt,yogurt,dairy eggs,6812,0.6853,10,0.067
10734,Brown 'N Serve Turkey Sausage Links,frozen breakfast,frozen,672,0.5699,2,0.067
49621,Challah Bread,bread,bakery,4634,0.6435,9,0.067
46402,With Raspberry Lemonade,refrigerated,beverages,1879,0.603,7,0.0669
41392,Harvest Berry Chewy Granola Bars,energy granola bars,snacks,582,0.555,1,0.0669
24239,White Italian Bread,bread,bakery,1130,0.585,5,0.0669
38223,Stage 1 Just Sweet Peas With Mint Baby Food,baby food formula,babies,750,0.5533,3,0.0669
24273,Reduced Fat Pepperoni Pizza Frozen Sandwiches,frozen meals,frozen,1178,0.5849,5,0.0668
9896,Uncured Applewood Smoked Bacon,hot dogs bacon sausage,meat seafood,1137,0.5849,5,0.0668
18444,Apple + Blueberry Fruit Bar,energy granola bars,snacks,1608,0.5989,6,0.0667
29405,European Style Salted Butter,butter,dairy eggs,2049,0.6027,7,0.0667
5020,Organic  Sweet & Salty Peanut Pretzel Granola Bars,energy granola bars,snacks,2202,0.6026,7,0.0666
40772,Mixed Nuts,nuts seeds dried fruit,snacks,1490,0.5987,6,0.0665
48722,Coffee,coffee,beverages,532,0.5545,1,0.0665
11992,Organic Carrots & Ranch Dip,packaged vegetables fruits,produce,1071,0.5845,5,0.0665
33503,Zucchini Banana & Amaranth Organic Baby Food,baby food formula,babies,1196,0.5844,5,0.0664
11477,Ezekiel 4:9 Golden Flax Sprouted Grain Crunchy Cereal,cereal,breakfast,767,0.5528,3,0.0663
48348,Delights Canadian Bacon Egg Whites & Cheese Honey Wheat English Muffin,frozen breakfast,frozen,657,0.5693,2,0.0663
45076,Slow Churned Light Ice Cream Cookies 'N Cream,ice cream ice,frozen,834,0.5528,3,0.0663
29229,Smoked Scottish Salmon,packaged seafood,meat seafood,552,0.5543,1,0.0663
47553,Sugarfree Peppermint Chewing Gum,oral hygiene,personal care,787,0.5527,3,0.0663
33705,New York Cheddar Potato Chips,chips pretzels,snacks,1863,0.6023,7,0.0662
21009,"Crispy Wheat, Crackers",crackers,snacks,7494,0.6844,10,0.0662
13565,No Salt Added Gluten-Free Blue Chips Made with Organic Blue Corn,chips pretzels,snacks,1772,0.6021,7,0.0661
40403,Fancy Feast Seafood Feast Variety Classic Wet Cat Food,cat food care,pets,689,0.5689,2,0.066
36923,Trop50 No Pulp Orange Juice,refrigerated,beverages,1965,0.602,7,0.066
32570,Black Pepper Snapea Crisps,chips pretzels,snacks,1214,0.584,5,0.066
20561,Brownberry 100% 12 Grain Bread,bread,bakery,4482,0.6423,9,0.0658
32950,"Breaded Chicken Breast Nuggets, Gluten Free",frozen appetizers sides,frozen,1979,0.6018,7,0.0658
21367,Wild Sardines in Spring Water,canned meat seafood,canned goods,1278,0.5978,6,0.0657
35782,Mango Flavor Probiotic Juice Drink,refrigerated,beverages,2349,0.6117,8,0.0656
10737,Chewy Peanut Butter Chocolate Chip Granola Bars,energy granola bars,snacks,906,0.5662,4,0.0656
20600,Sweet & Salty Kettlecorn,popcorn jerky,snacks,2179,0.6017,7,0.0656
21616,Organic Baby Arugula,packaged vegetables fruits,produce,72829,0.6838,10,0.0655
49374,Organic Cultured Cream Cheese Spread,other creams cheeses,dairy eggs,1807,0.6015,7,0.0655
46321,Vanilla Almond Butter,spreads,pantry,1251,0.5835,5,0.0655
2985,Organic Turmeric Tonic Juice,juice nectars,beverages,542,0.5535,1,0.0655
44090,Roasted Pumpkin White Cheddar Tamales,prepared meals,deli,637,0.5683,2,0.0654
19495,Variety Pack Snack Stacks,chips pretzels,snacks,1025,0.5834,5,0.0654
39570,Organic Red Lentil Rotini Pasta,dry pasta,dry goods pasta,630,0.5683,2,0.0653
30511,Thin & Crispy Crust Four Cheese Pizza,frozen pizza,frozen,949,0.5659,4,0.0653
48894,Diced Onions,packaged vegetables fruits,produce,1587,0.5974,6,0.0652
24925,Mint Chocolate Chip Frozen Greek Yogurt Bars,ice cream ice,frozen,2237,0.6013,7,0.0652
35363,Organic Red Pepper Hommus,fresh dips tapenades,deli,1087,0.5833,5,0.0652
35507,Pure Life Purified Water,water seltzer sparkling water,beverages,2099,0.6012,7,0.0652
38883,Artichoke And Jalapeño Dip & Spread,fresh dips tapenades,deli,794,0.5516,3,0.0652
23047,Sesame Roasted Seaweed Snacks,fruit vegetable snacks,snacks,2899,0.6112,8,0.0651
14996,Ruby Red Grapefruit,refrigerated,beverages,2832,0.6112,8,0.0651
32030,Extra Sharp White Cheddar,packaged cheese,dairy eggs,4484,0.6416,9,0.0651
13237,Original Egg Substitute,eggs,dairy eggs,1978,0.6011,7,0.0651
21292,Rainbow Bell Peppers,packaged produce,produce,11451,0.6833,10,0.065
17317,Long Grain Wild Rice,instant foods,dry goods pasta,816,0.5515,3,0.065
8013,Cup Noodles Chicken Flavor,instant foods,dry goods pasta,1995,0.601,7,0.065
18677,"Minis, Coconut Milk, Non-Dairy Frozen Dessert, no sugar added Vanilla Bar",ice cream ice,frozen,1187,0.583,5,0.0649
36135,Green Tea Mochi Ice Cream Bonbons,ice cream ice,frozen,740,0.5514,3,0.0649
17678,Large Pitted California Ripe Olives,pickled goods olives,pantry,1122,0.5829,5,0.0648
42832,Classic Bacon,hot dogs bacon sausage,meat seafood,702,0.5513,3,0.0648
4102,Hot Kid Organic Baby Mum-Mum Original Rice Rusks,baby food formula,babies,1129,0.5828,5,0.0648
5826,Organic Mint Confetti Ice Cream,baking ingredients,pantry,568,0.5528,1,0.0648
13629,Organic Snipped Green Beans,fresh vegetables,produce,17423,0.6829,10,0.0647
21096,Sea Salt Kettle Cooked Potato Chips,chips pretzels,snacks,1421,0.5968,6,0.0646
46584,YoKids Blueberry & Strawberry/Vanilla Yogurt,yogurt,dairy eggs,12179,0.6828,10,0.0646
19819,Organic Whole Milk Yogurt,yogurt,dairy eggs,532,0.5526,1,0.0646
43165,Orange Peel In Dark Chocolate Bar,candy chocolate,snacks,2982,0.6107,8,0.0646
48487,Blue Corn Taco Dinner Kit,latino foods,international,883,0.5651,4,0.0645
42615,Dark Chocolate With Sea Salt & Almonds,nuts seeds dried fruit,snacks,1964,0.6003,7,0.0643
45645,Dark Chocolate Nuts & Sea Salt Bars,energy granola bars,snacks,4370,0.6407,9,0.0642
28083,Healthy Multi Grain Bread,bread,bakery,1474,0.5963,6,0.0642
39279,Fat Free Smart Ground Mexican Style Taco Protein Crumbles,tofu meat alternatives,deli,701,0.5506,3,0.0642
8956,Coconut Breaded Chicken Breast Tenders,frozen meat seafood,frozen,656,0.5671,2,0.0642
33106,Organic Firm Tofu,tofu meat alternatives,deli,942,0.5648,4,0.0642
42030,Thin Stackers Organic Red Rice & Quinoa Puffed Grain Cakes,grains rice dried goods,dry goods pasta,1454,0.5963,6,0.0641
41007,Toffee & Sea Salt Milk Chocolate Bar,candy chocolate,snacks,3068,0.6102,8,0.0641
16478,Alfalfa Sprouts,packaged vegetables fruits,produce,905,0.5646,4,0.064
17341,Presliced Everything Bagels,breakfast bakery,bakery,7333,0.6823,10,0.064
28038,Soft Baked Double Chocolate Brownie Cookies,cookies cakes,snacks,882,0.5646,4,0.064
31634,Brown Sugar Maple Oatmeal with Ancient Grains,hot cereal pancake mixes,breakfast,2060,0.6,7,0.064
27510,"Sausage, Egg, & Cheese Biscuit",frozen breakfast,frozen,1177,0.582,5,0.0639
44156,Strawberry on the Bottom Nonfat Greek Yogurt,yogurt,dairy eggs,7639,0.6822,10,0.0639
48707,Banana Mango Yogurt,yogurt,dairy eggs,923,0.5645,4,0.0639
16262,Everything Bagels,breakfast bakery,bakery,7723,0.682,10,0.0638
29066,Beyond Chicken Grilled Strips,tofu meat alternatives,deli,1033,0.5818,5,0.0638
24160,Organic Whole Wheat Tortillas,tortillas flat bread,bakery,3268,0.6099,8,0.0637
46676,Total 0% Nonfat Greek Yogurt,yogurt,dairy eggs,26878,0.6819,10,0.0636
26738,Original Cold Brew  Coffee With Milk,coffee,beverages,1781,0.5997,7,0.0636
39303,Organic Sea Salt Potato Chips,chips pretzels,snacks,3779,0.6401,9,0.0636
12500,Organic Gluten Free Selections Dark Chocolate Chip Waffles - 6 CT,frozen breakfast,frozen,709,0.5501,3,0.0636
43973,Soft Taco Tortillas,tortillas flat bread,bakery,639,0.5665,2,0.0636
17545,Rotisserie Chicken,poultry counter,meat seafood,998,0.5641,4,0.0635
41427,Cookies 'N Cream Protein Bar,energy granola bars,snacks,625,0.5664,2,0.0635
39448,Cold Brew Coffee Mocha,soy lactosefree,dairy eggs,2538,0.6095,8,0.0634
48726,Organic Nonfat Greek Yogurt With Peaches,yogurt,dairy eggs,6067,0.6399,9,0.0634
46969,Organic Bosc Pear,fresh fruits,produce,21431,0.6816,10,0.0634
22260,Organic Rolled Oats,bulk grains rice dried goods,bulk,6380,0.6398,9,0.0633
25438,Guava Nectar,refrigerated,beverages,627,0.5662,2,0.0633
10333,Rice Krispies Treats Original Crispy Marshmallow Squares,cookies cakes,snacks,2161,0.5993,7,0.0632
7388,"Salsa, Roja, Hot",fresh dips tapenades,deli,3783,0.6397,9,0.0632
17303,Grass-fed 90% Ground Beef,meat counter,meat seafood,517,0.5513,1,0.0632
19272,Veganic Sprouted Brown Rice Cacao Crisps,cereal,breakfast,2498,0.6093,8,0.0632
38192,Pear & Mango Stage 2 Baby Food,baby food formula,babies,4021,0.6396,9,0.0631
36332,Apple Strawberry Bar,energy granola bars,snacks,1004,0.5637,4,0.0631
18534,Grade A Extra Large Eggs,eggs,dairy eggs,3588,0.6396,9,0.0631
19145,Dairy Pure Whole Milk,milk,dairy eggs,1786,0.5991,7,0.0631
12741,Chocolate Almond Coconut High Protein & Fiber Bar,energy granola bars,snacks,788,0.5495,3,0.063
6631,No Pulp Calcium & Vitamin D Pure Orange Juice,refrigerated,beverages,8825,0.6812,10,0.063
44949,Organic Lowfat French Vanilla Yogurt,yogurt,dairy eggs,4244,0.6395,9,0.063
23543,Organic Extra Large Brown Eggs,eggs,dairy eggs,9564,0.6812,10,0.063
30662,Cranberry Watermelon Probiotic Juice Drink,refrigerated,beverages,539,0.551,1,0.063
2120,Sauvignon Blanc,white wines,alcohol,8246,0.6812,10,0.0629
22829,Multigrain Flax Seeded Flatbread Crackers,crackers,snacks,1186,0.5809,5,0.0629
11598,Direct Trade Organic El Gallo Breakfast Blend Whole Bean Coffee,coffee,beverages,1825,0.5989,7,0.0629
23879,Applewood Smoked Turkey Breast,lunch meat,deli,3732,0.6393,9,0.0628
33041,Medium Cheddar Natural Cheese,packaged cheese,dairy eggs,1902,0.5988,7,0.0628
26209,Limes,fresh fruits,produce,140627,0.681,10,0.0628
44787,Stage 1 - Just Prunes,baby food formula,babies,2807,0.6088,8,0.0627
22149,50% Reduced Fat Sharp Cheddar Cheese,packaged cheese,dairy eggs,743,0.5491,3,0.0627
19046,Banana & Mango Organic Yogurt & Fruit Snacks ,baby food formula,babies,2901,0.6088,8,0.0627
19360,Dairy Free Greek Style Vanilla Coconut Milk Yogurt,yogurt,dairy eggs,838,0.5632,4,0.0626
37658,Snack Pack Mini Classic,fresh dips tapenades,deli,1911,0.5986,7,0.0626
45123,Organic 21 Grain Thin Sliced Bread,bread,bakery,11736,0.6808,10,0.0626
32981,Original Recipe Rice Pudding,refrigerated pudding desserts,dairy eggs,3340,0.6087,8,0.0626
1685,Clean Care 1-Ply Double Rolls Toilet Paper,paper goods,household,649,0.5655,2,0.0626
7241,Vegan Cheddar Mac & Cheese,instant foods,dry goods pasta,1278,0.5947,6,0.0625
1824,"Frozen Desserts, Cookies and Cream",ice cream ice,frozen,1455,0.5945,6,0.0624
19910,Old Fashioned Nutty Chunky Peanut Butter,spreads,pantry,874,0.5629,4,0.0623
20693,100% Recycled Facial Tissue,paper goods,household,1690,0.5982,7,0.0622
31888,Caramel Minis Size Chocolate Cookie Bar Candy 11.5-oz. Bag,candy chocolate,snacks,751,0.5486,3,0.0621
48524,Apple Cinnamon Applesauce On The Go,canned fruit applesauce,canned goods,509,0.5501,1,0.062
32647,"Apples, Guavas & Beets Organic Baby Food",baby food formula,babies,1614,0.5942,6,0.062
25379,Salted Sweet Cream Butter Quarters,butter,dairy eggs,580,0.55,1,0.0619
24964,Organic Garlic,fresh vegetables,produce,109778,0.6801,10,0.0619
36726,"Cookies, Fudge Striped",cookies cakes,snacks,693,0.5483,3,0.0619
16518,Tropicals Sugar Free 1.65 fl oz Ice Pops,ice cream ice,frozen,1335,0.594,6,0.0619
37417,Gluten Free Pretzel Twists,chips pretzels,snacks,3699,0.6383,9,0.0618
40469,Strawberry Flavored Organic Z Fruit Rope,fruit vegetable snacks,snacks,3432,0.6078,8,0.0617
8149,Ready to Serve Long Grain White Rice,instant foods,dry goods pasta,717,0.5481,3,0.0617
48667,Baked & Popped Variety Snack Packs,chips pretzels,snacks,964,0.5622,4,0.0616
33768,Sinfully Sweet Campari Tomatoes,fresh vegetables,produce,15774,0.6799,10,0.0616
48007,Flax Plus Raisin Bran Cereal,cereal,breakfast,1504,0.5938,6,0.0616
3884,Organic Plain Unsweetened Nondairy Cashew Yogurt,missing,missing,868,0.5622,4,0.0616
45954,Premium Calcium & Vitamin D No Pulp Orange Juice,refrigerated,beverages,1695,0.5976,7,0.0616
27284,Organic Fruit and Nut Granola Cereal,granola,breakfast,812,0.548,3,0.0616
35065,Orange Strawberry Banana Juice,refrigerated,beverages,2429,0.6077,8,0.0616
47577,Light Key Lime Pie Yogurt,yogurt,dairy eggs,719,0.548,3,0.0615
34234,Grade AA Large White Eggs,eggs,dairy eggs,6506,0.6797,10,0.0615
14379,BBQ Chicken Crispy Thin Crust Pizza,frozen pizza,frozen,1651,0.5936,6,0.0614
10126,All Natural Gluten Free Teff Wraps,tortillas flat bread,bakery,615,0.5642,2,0.0613
28976,Ultra Thin Cheese Pizza,frozen pizza,frozen,568,0.5493,1,0.0612
23329,Organix Chicken & Brown Rice Recipe,dog food care,pets,647,0.5641,2,0.0612
35518,Frosted Chocolate Cup Cakes  with Creamy Filling,cookies cakes,snacks,776,0.5477,3,0.0612
31618,Thick Medium Cheddar Slices,packaged cheese,dairy eggs,4521,0.6377,9,0.0612
43705,All-Natural Orchard Cherry Fruit Strip,fruit vegetable snacks,snacks,528,0.5492,1,0.0612
9554,Mocha Almond Fudge Minis Almond Milk Frozen Dessert,ice cream ice,frozen,2414,0.6073,8,0.0612
5612,Reduced Fat Milk,milk,dairy eggs,9514,0.6793,10,0.0611
43249,Organic Bernie's Farm Macaroni & Cheese,instant foods,dry goods pasta,2199,0.5971,7,0.061
9743,Real Vegetable Chips Original Sea Salt Non GMO,chips pretzels,snacks,876,0.5616,4,0.061
11365,Leaf Spinach,packaged produce,produce,4337,0.6375,9,0.061
21873,Fruit Snacks,fruit vegetable snacks,snacks,1492,0.5932,6,0.061
8490,Strawberry Rhubarb Yogurt,yogurt,dairy eggs,6575,0.6792,10,0.061
3296,Nonfat Vanilla Fudge Swirl Frozen Yogurt,ice cream ice,frozen,665,0.5639,2,0.061
39578,Organic Go Go Apple Peach Applesauce,baby food formula,babies,2629,0.6071,8,0.061
34012,Almond Breeze Chocolate Almond Milk,soy lactosefree,dairy eggs,2072,0.597,7,0.061
42145,Organic Seven Whole Grains,grains rice dried goods,dry goods pasta,833,0.5474,3,0.061
48230,Soft Taco Size White Flour Tortillas,tortillas flat bread,bakery,3994,0.6375,9,0.061
35050,Unsweetened Whole Milk Strawberry Yogurt,yogurt,dairy eggs,1965,0.5969,7,0.0609
19220,Premium Grapefruit Juice Ruby Red,refrigerated,beverages,855,0.5614,4,0.0608
2781,Chipotle Lime Meat-Free Crispy Fingers,frozen vegan vegetarian,frozen,1432,0.5929,6,0.0607
1577,Unsweetened Whole Milk Peach Greek Yogurt,yogurt,dairy eggs,1922,0.5968,7,0.0607
39947,Blackberry Cucumber Sparkling Water,water seltzer sparkling water,beverages,11237,0.6789,10,0.0607
18094,Organic Creamy Deluxe Macaroni Dinner Rotini & White Cheddar Sauce,instant foods,dry goods pasta,857,0.5613,4,0.0607
34276,Pecan Caramel Almond Creamer,soy lactosefree,dairy eggs,1087,0.5787,5,0.0606
21108,Cherry Vanilla Creme Soda,soft drinks,beverages,866,0.5612,4,0.0606
39975,Taco Seasoned Ground Turkey,packaged poultry,meat seafood,591,0.5635,2,0.0605
33147,Organic Crimini Mushrooms,fresh vegetables,produce,3879,0.637,9,0.0605
36406,Essential Greens With Lime  Vegetable and Fruit Juice Blend,refrigerated,beverages,3365,0.6065,8,0.0604
38108,Sausage Buns,buns rolls,bakery,2917,0.6064,8,0.0603
1203,Crunchy Organic Dark Roasted Peanut Butter,spreads,pantry,2683,0.6064,8,0.0603
26620,Peach Pear Flavored Sparkling Water,water seltzer sparkling water,beverages,21233,0.6785,10,0.0603
29695,Craveables Chicken Club Panini,frozen meals,frozen,854,0.5609,4,0.0603
18352,Flax Plus Organic Pumpkin Flax Granola,granola,breakfast,5575,0.6368,9,0.0603
16283,Fresh Asparagus,fresh vegetables,produce,5869,0.6367,9,0.0602
11233,100% Whole Wheat Pre-Sliced Sandwich Thins,buns rolls,bakery,2413,0.6063,8,0.0602
48335,Chocolate Brownie Energy Bar,energy granola bars,snacks,3233,0.6062,8,0.0601
11759,Organic Simply Naked Pita Chips,chips pretzels,snacks,8957,0.6784,10,0.0601
1374,Organic Hass Avocado Bag,fresh vegetables,produce,2174,0.5961,7,0.0601
4217,Dutch Cocoa Flavor Crunchy Nuggets,candy chocolate,snacks,643,0.563,2,0.0601
43704,Low Carb Whole Wheat Tortillas,tortillas flat bread,bakery,763,0.5465,3,0.0601
5537,Dairy Free Coconut Milk Frozen Dessert Minis,ice cream ice,frozen,675,0.563,2,0.0601
2067,Plus Cranberry Almond + Antioxidants with Macadamia Nuts Bar,energy granola bars,snacks,3138,0.6061,8,0.06
15902,100 Calorie  Per Bag Popcorn,popcorn jerky,snacks,12822,0.6782,10,0.06
18727,Smoked Apple Sage Sausages,hot dogs bacon sausage,meat seafood,2772,0.6061,8,0.06
40789,Soy Free Buttery Sticks,soy lactosefree,dairy eggs,787,0.5464,3,0.0599
25396,Dark Mocha Almond Chewy Granola Bars,breakfast bars pastries,breakfast,876,0.5605,4,0.0599
4790,Organic Unsweetened Original Non Dairy Almond Beverage,soy lactosefree,dairy eggs,1804,0.5959,7,0.0599
31678,Gluten Free Cinnamon Raisin Bread,bread,bakery,2629,0.6059,8,0.0598
11619,Dairy Free Coconut Milk Chocolate Yogurt Alternative,yogurt,dairy eggs,1441,0.592,6,0.0598
49615,Cran-Apple Juice Drink,juice nectars,beverages,1201,0.5779,5,0.0598
24750,Organic Whole Fryer Chicken,poultry counter,meat seafood,575,0.5478,1,0.0598
11249,Nacho Cheese & Bean Snacks,frozen appetizers sides,frozen,1118,0.5778,5,0.0598
5794,House Blend Deep Roast Ground Coffee,coffee,beverages,3772,0.6363,9,0.0598
23580,Outshine Lime Fruit Bars,ice cream ice,frozen,758,0.5462,3,0.0597
31342,Organic SprouTofu Extra Firm Tofu,tofu meat alternatives,deli,4123,0.6362,9,0.0597
11943,Mixed Apple Slices,packaged vegetables fruits,produce,524,0.5477,1,0.0597
7606,Greek 100 Protein Vanilla Fat Free Yogurt,yogurt,dairy eggs,1165,0.5777,5,0.0596
39094,Barbeque Potato Chips,chips pretzels,snacks,2635,0.6057,8,0.0596
27522,Gluten Free Uncured Bacon Mac and Cheese,frozen meals,frozen,839,0.5602,4,0.0596
25122,Organic European Style Lightly Salted Butter,butter,dairy eggs,1082,0.5776,5,0.0596
9550,Ancient Grain Original Granola,granola,breakfast,6542,0.6778,10,0.0595
26321,Greek Yogurt Caesar Kit,packaged vegetables fruits,produce,557,0.5476,1,0.0595
36670,Beef Pot Pie,frozen meals,frozen,557,0.5476,1,0.0595
39046,Smok Cured Turkey Bacon,hot dogs bacon sausage,meat seafood,4068,0.6359,9,0.0594
44560,Kids Organic Chocolate Chip ZBars,energy granola bars,snacks,11798,0.6777,10,0.0594
29565,Toasted Rice Green Tea Bags,tea,beverages,742,0.5458,3,0.0594
30908,Teriyaki Turkey Jerky,popcorn jerky,snacks,667,0.5622,2,0.0593
30011,Rishikesh Whole Grain Brown Basmati Organic Rice,grains rice dried goods,dry goods pasta,1505,0.5914,6,0.0592
29594,YoKids Strawberry Banana/Strawberry Yogurt,yogurt,dairy eggs,6739,0.6774,10,0.0592
48199,Buffalo Wings,frozen vegan vegetarian,frozen,854,0.5597,4,0.0591
46616,Organic Dark Chocolate Peanut Butter Cups,candy chocolate,snacks,11264,0.6773,10,0.0591
37611,Spaghetti with Meatballs,frozen meals,frozen,990,0.5596,4,0.059
35909,Garden Salsa Multigrain Chips,chips pretzels,snacks,2247,0.595,7,0.059
17706,Organic Whole Grain Wheat English Muffins,breakfast bakery,bakery,13692,0.6771,10,0.0589
2141,Micro Brewed Cream Soda,soft drinks,beverages,680,0.5618,2,0.0589
21436,Simply Strawberry Coconut Milk Minis Frozen Dessert,ice cream ice,frozen,1021,0.5769,5,0.0588
22238,Chocolate Chip Vanilla Bean Cookie with Tahitian Vanilla Bean Ice Cream,ice cream ice,frozen,1030,0.5767,5,0.0586
8758,Orignial Recipe Chocolate Pudding,refrigerated pudding desserts,dairy eggs,2750,0.6047,8,0.0586
7509,Vanilla Almond Milk,soy lactosefree,dairy eggs,634,0.5615,2,0.0586
45599,Organic Strawberry Lemonade Fruit Juice Drink,refrigerated,beverages,1181,0.5766,5,0.0586
7480,Popcorn Vegan Buttery Flavor,popcorn jerky,snacks,618,0.5615,2,0.0586
14211,Baby Food Stage 2 Pumpkin Banana,baby food formula,babies,4460,0.635,9,0.0585
24373,Mediterranean Vegetable Chips,chips pretzels,snacks,2883,0.6046,8,0.0585
12738,Original Spray,butter,dairy eggs,1512,0.5906,6,0.0585
29388,Mandarin Orange Crispy Chick'n,frozen vegan vegetarian,frozen,2367,0.6046,8,0.0585
9786,Organic Whole Wheat Pita,bread,bakery,1402,0.5906,6,0.0584
3917,Flaxmilk 1200 mg Omega-3 Vanilla,packaged vegetables fruits,produce,1131,0.5765,5,0.0584
40386,Major Dickason's Blend Whole Bean Coffee,coffee,beverages,2708,0.6045,8,0.0584
20660,Mint Chocolate Chip Frozen Coconut Dessert,ice cream ice,frozen,560,0.5464,1,0.0584
48957,Milk Free Better Than Sour Cream,other creams cheeses,dairy eggs,2140,0.5944,7,0.0584
3469,Organic Vegetarian Mild Refried Beans With Green Chiles,canned meals beans,canned goods,1575,0.5905,6,0.0583
36034,Organic Tamari With Seaweed Rice Cake,crackers,snacks,943,0.5589,4,0.0582
23427,Organic Wildberry Yogurt,yogurt,dairy eggs,1062,0.5763,5,0.0582
47366,Raisin Bran Crunch Cereal,cereal,breakfast,3093,0.6043,8,0.0582
6586,Super Garlic Croutons,bread,bakery,606,0.5611,2,0.0581
9531,Organic Hearts Of Palm,canned jarred vegetables,canned goods,1142,0.5762,5,0.0581
778,All Natural Homestyle California Lemon Limeade,refrigerated,beverages,707,0.5446,3,0.0581
24857,Raspberry Filmjolk Non-Fat Drinkable Yogurt,refrigerated,beverages,1064,0.5761,5,0.0581
48486,Frozen Goo-Berry Pie Kefir,ice cream ice,frozen,1369,0.5902,6,0.0581
45668,Smoked Salmon Cream Cheese Spread,other creams cheeses,dairy eggs,542,0.5461,1,0.0581
27759,Cheese & Broccoli Ravioli For Kids,frozen meals,frozen,608,0.5609,2,0.0579
2416,Classic Crust Four Cheese Frozen Pizza,frozen pizza,frozen,854,0.5585,4,0.0579
5707,Dark Chocolate Cinnamon Pecan Bar,energy granola bars,snacks,1198,0.576,5,0.0579
12513,Light Strawberries 'n Bananas Fat Free Yogurt,yogurt,dairy eggs,881,0.5585,4,0.0579
5073,Kombucha  Bilberry No. 9,refrigerated,beverages,1127,0.5759,5,0.0578
9178,Vegan Hickory & Sage Benevolent Bacon,tofu meat alternatives,deli,1512,0.5899,6,0.0578
38730,Brownie Crunch High Protein Bar,energy granola bars,snacks,3022,0.6039,8,0.0578
31469,Berry & Barley Organic Baby Food,baby food formula,babies,1042,0.5758,5,0.0578
37213,Excellence 70% Cocoa Smooth Dark Chocolate Bar,candy chocolate,snacks,1441,0.5899,6,0.0577
17273,Fire Roasted Red Pepper Hummus,fresh dips tapenades,deli,635,0.5606,2,0.0577
49518,Thai Green Curry,frozen meals,frozen,1155,0.5758,5,0.0577
45961,Reduced Fat Medium Cheddar Cheese,packaged cheese,dairy eggs,1096,0.5757,5,0.0577
10840,Blueberry Crisp Energy Bar,energy granola bars,snacks,2337,0.6038,8,0.0577
33176,Goldfish Baby Cheddar Baked Snack Crackers,crackers,snacks,644,0.5606,2,0.0576
5445,Protein Zone Protein Juice Smoothie,refrigerated,beverages,1309,0.5898,6,0.0576
45374,Newman O's Creme Filled Chocolate Cookies,cookies cakes,snacks,3933,0.6341,9,0.0576
17454,Organic 90% Ground Beef,packaged meat,meat seafood,3341,0.6037,8,0.0576
43248,Popcorn Chicken,frozen appetizers sides,frozen,1131,0.5756,5,0.0575
10902,Kosher Reduced Fat Beef Franks,hot dogs bacon sausage,meat seafood,739,0.544,3,0.0575
6748,Original Recipe Tapioca Pudding,refrigerated pudding desserts,dairy eggs,896,0.558,4,0.0574
30753,Organic Red Lentil Penne,dry pasta,dry goods pasta,1206,0.5755,5,0.0574
23805,Peppered Turkey Bacon,hot dogs bacon sausage,meat seafood,1430,0.5895,6,0.0574
39023,Salt & Vinegar Potato Crisps,chips pretzels,snacks,614,0.5603,2,0.0574
17122,Honeycrisp Apples,fresh fruits,produce,13880,0.6756,10,0.0573
19887,Unsweetened Vanilla Almond Breeze,soy lactosefree,dairy eggs,3374,0.6034,8,0.0573
27147,White Corn Tortilla Chips,chips pretzels,snacks,1554,0.5894,6,0.0573
20876,Crunchy Peanut Butter Energy Bar,energy granola bars,snacks,4451,0.6338,9,0.0573
13424,Almonds,candy chocolate,snacks,4488,0.6337,9,0.0572
41602,Deli Select Ultra Thin Honey Ham,lunch meat,deli,1814,0.5932,7,0.0571
29176,Extra Large Eggs,eggs,dairy eggs,884,0.5577,4,0.0571
49111,Original Instant Oatmeal,hot cereal pancake mixes,breakfast,6162,0.6336,9,0.0571
39055,Mild Salsa Roja,fresh dips tapenades,deli,5075,0.6335,9,0.057
24157,Chocolate Chip Snackimals,cookies cakes,snacks,725,0.5434,3,0.057
20738,Plain Bagels,breakfast bakery,bakery,10274,0.6752,10,0.057
31371,Whole Wheat English Muffins,breakfast bakery,bakery,6527,0.6752,10,0.057
4081,On the Go Natural Lemonade Drink Mix,cocoa drink mixes,beverages,618,0.5599,2,0.057
7539,Organic Chewy Chocolate Banana Bites,nuts seeds dried fruit,snacks,1370,0.5891,6,0.0569
23760,Strawberry Greek 100 Calories Yogurt,yogurt,dairy eggs,686,0.5598,2,0.0569
10176,Original Spelt Organic English Muffins,breakfast bakery,bakery,501,0.5449,1,0.0569
30471,Organic Kids Berry Cherry Flavor Probiotic Chews,digestion,personal care,949,0.5574,4,0.0568
23323,Sharp Original Semisoft Cheese,specialty cheeses,dairy eggs,854,0.5574,4,0.0568
15503,Pickling Cucumber,fresh vegetables,produce,1211,0.5747,5,0.0567
16715,Organic Lowfat Plain Unsweetened Kefir,yogurt,dairy eggs,1258,0.5747,5,0.0567
36695,Organic Hothouse Cucumbers,fresh vegetables,produce,23892,0.6749,10,0.0566
49325,Gluten Free Pizza Three Cheese,frozen pizza,frozen,2736,0.6027,8,0.0566
45394,Kellogg's Special K Strawberry Fruit Crisps 100 Calorie,breakfast bars pastries,breakfast,560,0.5446,1,0.0566
29646,Sweet & Salty Nut Peanut Granola Bars,breakfast bars pastries,breakfast,2300,0.6026,8,0.0565
49236,80% Lean Ground Beef,meat counter,meat seafood,4861,0.633,9,0.0565
48637,"Green Supreme Apple, Kale & Lemon Cold Pressured Fruit & Vegetable Juice",refrigerated,beverages,1580,0.5886,6,0.0565
6750,Cheese Ravioli with Sauce Bowls,frozen meals,frozen,3569,0.633,9,0.0564
30284,Kosher Chicken Thighs,poultry counter,meat seafood,562,0.5445,1,0.0564
16816,Tropical Punch,refrigerated,beverages,869,0.557,4,0.0564
2657,Wholesome Breakfast Apple Raisin Baby Food,baby food formula,babies,626,0.5591,2,0.0562
3169,Brown & Serve Original Breakfast Sausage Links,frozen breakfast,frozen,704,0.5426,3,0.0562
36436,Coffee Chocolate Chip Frozen Greek Yogurt Bars,ice cream ice,frozen,635,0.5591,2,0.0561
1073,Carving Board Oven Roasted Turkey,lunch meat,deli,644,0.559,2,0.0561
15226,Whole Rye Bread,bread,bakery,1221,0.5741,5,0.0561
3539,Chocolate Dark Chocolate Ice Cream Bars,ice cream ice,frozen,1610,0.5882,6,0.0561
15153,Blue Machine Boosted 100% Juice Smoothie,refrigerated,beverages,2403,0.6022,8,0.0561
21497,White Sandwich Bread,bread,bakery,6511,0.6742,10,0.056
37104,Tortilla Strips,chips pretzels,snacks,579,0.544,1,0.056
25740,Pepperidge Farm® Goldfish Xtra Cheddar Baked Snack Crackers,crackers,snacks,719,0.5424,3,0.056
27900,Vegan Apple Maple Breakfast Sausage,tofu meat alternatives,deli,2437,0.602,8,0.0559
30909,Telera Rolls,buns rolls,bakery,974,0.5565,4,0.0559
26138,100% White Grape Juice,juice nectars,beverages,745,0.5423,3,0.0558
14726,"Mini 8\"" Italian Pizza Crusts",frozen pizza,frozen,1056,0.5739,5,0.0558
228,Organic Soups Lentil,soup broth bouillon,canned goods,1558,0.5879,6,0.0558
17730,Peanut Toffee Buzz Energy Bar,energy granola bars,snacks,1558,0.5879,6,0.0558
33462,Almond & Apricot Bar,energy granola bars,snacks,2031,0.5918,7,0.0558
27695,Natural Chicken & Sage Breakfast Sausage,hot dogs bacon sausage,meat seafood,14577,0.674,10,0.0558
14385,Amber Ale,beers coolers,alcohol,1145,0.5738,5,0.0557
19376,Gluten Free Crunchy Vanilla Cereal,cereal,breakfast,3373,0.6018,8,0.0557
45806,Pepproni Pockets,frozen pizza,frozen,648,0.5586,2,0.0557
8587,Family Pack Bean & Cheese Burritos,frozen meals,frozen,861,0.5563,4,0.0557
17461,Air Chilled Organic Boneless Skinless Chicken Breasts,poultry counter,meat seafood,16816,0.6739,10,0.0557
14043,"Ice Cream, Mint Chip",ice cream ice,frozen,526,0.5437,1,0.0557
39157,Craisins Dried Cranberries,nuts seeds dried fruit,snacks,589,0.5586,2,0.0557
10509,Organic Animal Crackers,crackers,snacks,2757,0.6017,8,0.0556
20479,Bread,bread,bakery,845,0.5562,4,0.0556
30558,Pretzel Slider Buns,buns rolls,bakery,863,0.5562,4,0.0556
12159,Light Red Raspberry Yogurt,yogurt,dairy eggs,650,0.5585,2,0.0556
15100,Fresh Spinach,packaged vegetables fruits,produce,2711,0.6016,8,0.0555
18389,Blood Orange Italian Soda,soft drinks,beverages,3411,0.6016,8,0.0555
32109,Caffe Espresso Ground Coffee,coffee,beverages,856,0.5561,4,0.0555
28021,Organic 100% Whole Wheat Loaf,bread,bakery,2137,0.5915,7,0.0554
46811,1/3 Less Fat Cream Cheese,other creams cheeses,dairy eggs,1252,0.5735,5,0.0554
23585,Organic Rice Probiotic Drink Blueberry,digestion,personal care,600,0.5583,2,0.0554
17426,Simply Sea Salted Thick Cut Potato Chips,chips pretzels,snacks,600,0.5583,2,0.0554
38714,Chocolate Vanilla Swirls Pudding Snacks,refrigerated pudding desserts,dairy eggs,840,0.556,4,0.0553
17313,Hass Avocado Variety,fresh fruits,produce,4082,0.6318,9,0.0553
14381,Whole Grain Cheddar Baked Goldfish Crackers,crackers,snacks,2619,0.6014,8,0.0553
36866,Dark & Sea Salt Caramel Chocolate Squares,candy chocolate,snacks,827,0.5417,3,0.0553
1335,Stage 1 Just Butternut Squash Baby Food,baby food formula,babies,1282,0.5874,6,0.0552
3951,Carrot and Broccoli Baby Food Puree,baby food formula,babies,1781,0.5912,7,0.0552
18104,Favorites Alfredo Pasta with Chicken & Broccoli,frozen meals,frozen,1558,0.5873,6,0.0552
6729,Cookie Tray,bakery desserts,bakery,1209,0.5732,5,0.0552
25093,Colby Jack Cheese,packaged cheese,dairy eggs,4712,0.6316,9,0.0551
19816,Sonoma Traditional Flour Tortillas 10 Count,tortillas flat bread,bakery,7869,0.6733,10,0.055
23959,Multi-Seeds Cracker,crackers,snacks,1434,0.5872,6,0.055
781,Organic Shredded Mild Cheddar,packaged cheese,dairy eggs,8326,0.6732,10,0.055
25346,Peanut Butter Dark Chocolate + Protein Bar,energy granola bars,snacks,3191,0.6011,8,0.055
35124,Southwest Chopped Salad Kit with Dressing,packaged vegetables fruits,produce,1950,0.5908,7,0.0547
19893,Almond Breeze Almond Coconut Milk,soy lactosefree,dairy eggs,2160,0.5907,7,0.0547
26452,Dairy Free Gluten Free Cheeze Lover's Pizza,frozen vegan vegetarian,frozen,2199,0.5907,7,0.0547
37520,Indoor Cat Food,cat food care,pets,1025,0.5727,5,0.0546
41729,Sweet Grape Tomatoes,fresh vegetables,produce,996,0.5552,4,0.0546
30777,Organic Classic Hummus,fresh dips tapenades,deli,1273,0.5727,5,0.0546
2732,Gluten Free Pretzel Sticks,chips pretzels,snacks,5118,0.6311,9,0.0546
25144,Original 100% Vegetable Juice,juice nectars,beverages,1177,0.5726,5,0.0546
2426,Roasted Green Chile & Jack Cheese Tamales,prepared meals,deli,1191,0.5726,5,0.0546
39282,Oven Baked Scoops Tortilla Chips,chips pretzels,snacks,583,0.5575,2,0.0546
3732,Grape 100% Juice,juice nectars,beverages,998,0.5551,4,0.0545
44575,Maple Uncured Center Cut Bacon,hot dogs bacon sausage,meat seafood,564,0.5426,1,0.0545
37752,Dinner Rolls,buns rolls,bakery,806,0.5409,3,0.0545
11930,Sea Salt Baked Lentil Chips,chips pretzels,snacks,610,0.5574,2,0.0545
46393,Harvest Casserole Bowls,frozen meals,frozen,734,0.5409,3,0.0544
47629,Annie's® Homegrown Gluten Free Double Chocolate Chip Granola,energy granola bars,snacks,1318,0.5865,6,0.0544
47941,Special K Red Berries Cereal,cereal,breakfast,2560,0.6004,8,0.0543
37664,Organic Sliced Provalone Cheese,packaged cheese,dairy eggs,1982,0.5903,7,0.0543
36551,Flavor Blasted Xtra Cheddar Goldfish Crackers,crackers,snacks,1024,0.5723,5,0.0542
6348,Mini Original Babybel Cheese,packaged cheese,dairy eggs,15377,0.6724,10,0.0542
9389,Oreo Mini/Nutter Butter Bites/Mini Chips Ahoy! Cookies,cookies cakes,snacks,568,0.5423,1,0.0542
27737,Brown Rice Black-Eyed Peas and Veggies Bowl,frozen meals,frozen,2272,0.5902,7,0.0542
5214,Organic Corn Flakes Fruit Juice Sweetened Cereal,cereal,breakfast,533,0.5422,1,0.0542
43545,Organic Coconut Yogurt,yogurt,dairy eggs,1874,0.5902,7,0.0541
26443,Sesame Street Mini Cheese Ravioli,frozen meals,frozen,596,0.557,2,0.0541
46842,Plain Pre-Sliced Bagels,breakfast bakery,bakery,8900,0.6724,10,0.0541
34942,Kahuna Crunch Trail Mix,trail mix snack mix,snacks,1026,0.5721,5,0.0541
49583,Sweet Potatoes Stage 2,baby food formula,babies,2081,0.5901,7,0.0541
10528,Cheddar Cheese Medium,specialty cheeses,dairy eggs,1861,0.59,7,0.054
10054,Kellogg's Nutri-Grain Apple Cinnamon Cereal,breakfast bars pastries,breakfast,1229,0.572,5,0.054
8478,"Tortilla Chips, Clasico, Bacon Habanero",chips pretzels,snacks,880,0.5545,4,0.0539
47990,White Chocolate Macadamia Nut Energy Bar,energy granola bars,snacks,3999,0.6304,9,0.0539
25691,Original Life Cereal,cereal,breakfast,2930,0.6,8,0.0539
7963,Gluten Free Whole Grain Bread,frozen breads doughs,frozen,13715,0.6721,10,0.0539
26324,Grass Fed Ground Beef,meat counter,meat seafood,4721,0.6304,9,0.0539
30910,Double Stuf Golden Sandwich Cookies,cookies cakes,snacks,591,0.5567,2,0.0538
43659,Gluten Free Linguini,fresh pasta,dry goods pasta,1081,0.5717,5,0.0536
30774,Organic French Roast Ground Coffee,coffee,beverages,2074,0.5897,7,0.0536
32906,Raisins Red Seedless Organic Jumbo Size,nuts seeds dried fruit,snacks,672,0.5565,2,0.0536
40986,Raspberry Sorbet Pops,ice cream ice,frozen,969,0.5542,4,0.0536
45495,Pear Kiwi & Kale Baby Food,baby food formula,babies,1764,0.5896,7,0.0535
5450,Small Hass Avocado,fresh fruits,produce,49021,0.6716,10,0.0534
8912,"Pears, Kale & Spinach Organic Baby Food",baby food formula,babies,2221,0.5894,7,0.0533
29993,Organic Low Fat Chocolate Milk,milk,dairy eggs,4895,0.6298,9,0.0533
23347,Chessmen Cookies,cookies cakes,snacks,767,0.5398,3,0.0533
21387,Non-Fat Vanilla Yogurt,yogurt,dairy eggs,1129,0.5713,5,0.0533
31640,Original Puffins Cereal,cereal,breakfast,5636,0.6297,9,0.0532
31299,Some Pulp Orange Juice,refrigerated,beverages,1606,0.5853,6,0.0532
41757,Organic Air Chilled Whole Chicken,poultry counter,meat seafood,5784,0.6297,9,0.0532
7483,Chive & Onion Cream Cheese Spread,other creams cheeses,dairy eggs,930,0.5538,4,0.0532
13310,Rice Thin Sesame Seed Gluten Free Crackers,crackers,snacks,1278,0.5853,6,0.0532
29116,Spinach Souffle,frozen meals,frozen,1033,0.5712,5,0.0531
1883,Gelatin Free Snacks Natural Orange Gels,canned fruit applesauce,canned goods,959,0.5537,4,0.0531
19384,Original Almond Milk,soy lactosefree,dairy eggs,512,0.541,1,0.053
1712,Pomegranate Blueberry Pistachio Plus Antioxidants Fruit & Nut Bar,energy granola bars,snacks,1708,0.589,7,0.053
1818,Creamy Coconut & Peanut Spread,spreads,pantry,699,0.5393,3,0.0529
11959,Chipotle Salsa,fresh dips tapenades,deli,562,0.5409,1,0.0529
44622,Medium Cheddar Deli Sliced Cheese,packaged cheese,dairy eggs,1424,0.585,6,0.0528
34063,Medium Roast Original Blend Ground Coffee,coffee,beverages,1795,0.5889,7,0.0528
37594,French Vanilla Yogurt,yogurt,dairy eggs,1756,0.5888,7,0.0528
45793,"100% Apple Juice, Original",juice nectars,beverages,777,0.5393,3,0.0528
35198,Sprouted Burger Buns,buns rolls,bakery,527,0.5408,1,0.0527
41682,Curate Pomme Baya-Apple Berry Sparkling Water,water seltzer sparkling water,beverages,2762,0.5988,8,0.0527
13263,Non Fat Acai & Mixed Berries Yogurt,yogurt,dairy eggs,8662,0.6709,10,0.0526
6902,Caramel Fudge High Protein Bar,energy granola bars,snacks,978,0.5532,4,0.0526
33153,IPA,beers coolers,alcohol,1204,0.5706,5,0.0525
2360,Lorraine Quiche,prepared meals,deli,542,0.5406,1,0.0525
28920,Vegan Peanut Butter Chocolate Chip Cookies,cookies cakes,snacks,1183,0.5706,5,0.0525
7631,Broccoli Bunch,fresh vegetables,produce,2479,0.5986,8,0.0525
40459,Old Fashioned Smooth Peanut Butter,spreads,pantry,1106,0.5705,5,0.0525
27596,Classic Original Hommus,fresh dips tapenades,deli,2615,0.5985,8,0.0524
19340,Whole Wheat Pre-Sliced Mini Bagels,breakfast bakery,bakery,774,0.5388,3,0.0523
31563,Gluten Free Black Bean and Quinoa Burrito,frozen meals,frozen,598,0.5552,2,0.0523
40173,Organic Gluten Free Rigatoni,dry pasta,dry goods pasta,546,0.5403,1,0.0522
17333,"Kombucha, Organic Raw, Lavender No. 3",refrigerated,beverages,1489,0.5843,6,0.0521
46686,Totopos De Maiz Mexican Style Corn Chips,chips pretzels,snacks,663,0.5551,2,0.0521
29077,Organic Milk Chocolate Peanut Butter Cups,candy chocolate,snacks,5038,0.6286,9,0.0521
35600,Ritz Sour Cream & Onion Toasted Chips,crackers,snacks,627,0.555,2,0.0521
703,Traditional No Fat Refried Beans,canned meals beans,canned goods,804,0.5386,3,0.0521
35815,Dairy Free Gluten Free Chocolate Almond Butter Miracle Tart,cookies cakes,snacks,1301,0.5842,6,0.052
17615,Calcium Pulp Free Orange Juice,refrigerated,beverages,3803,0.6285,9,0.0519
17980,Ezekiel 4:9 Sprouted Whole Grain Cereal Almond,cereal,breakfast,638,0.5549,2,0.0519
47169,100% O-J Juice,refrigerated,beverages,550,0.54,1,0.0519
25435,Original Lemonade,water seltzer sparkling water,beverages,1457,0.5841,6,0.0519
42612,Pineapple Coconut Water 100% Juice,juice nectars,beverages,513,0.54,1,0.0519
7398,Indian Samosa Wrap,frozen meals,frozen,1622,0.5838,6,0.0517
9225,Selects Turkey Hot Dogs,hot dogs bacon sausage,meat seafood,1451,0.5837,6,0.0516
26932,Turbinado Cane Sugar,baking ingredients,pantry,723,0.538,3,0.0516
19849,Mystic Mango Kombucha,refrigerated,beverages,569,0.5395,1,0.0515
41176,American Slices Cheese,packaged cheese,dairy eggs,653,0.5544,2,0.0515
37687,Organic Spring Mix,packaged vegetables fruits,produce,31768,0.6696,10,0.0514
21326,Organic Apple,nuts seeds dried fruit,snacks,558,0.5394,1,0.0514
42191,G Series Perform Frost Glacier Cherry Sports Drink,energy sports drinks,beverages,558,0.5394,1,0.0514
4639,Crumbled Bacon,salad dressing toppings,pantry,608,0.5543,2,0.0514
43218,Pure Kosher Dills,pickled goods olives,pantry,1551,0.5835,6,0.0514
24117,Potato Chips Cheddar & Sour Cream Flavored Party Size!,chips pretzels,snacks,857,0.5519,4,0.0513
1783,Organic French Vanilla Almond Granola,granola,breakfast,1002,0.5519,4,0.0513
18071,Blueberry Waffles,frozen breakfast,frozen,1075,0.5693,5,0.0513
17840,Naked Coconut Organic Coconut Bliss,frozen dessert,frozen,547,0.5393,1,0.0513
20710,Reduced Fat Swiss Cheese,specialty cheeses,dairy eggs,977,0.5517,4,0.0511
42508,Gluten Free Plain Bagels,breakfast bakery,bakery,3036,0.5972,8,0.0511
14971,Pineapple Coconut Water,juice nectars,beverages,1758,0.587,7,0.051
27316,"Trop50 No Pulp Orange Juice w/ Calcium + Vitamin D, 50% Less Sugar & Calories",refrigerated,beverages,3219,0.5971,8,0.051
54,24/7 Performance Cat Litter,cat food care,pets,1095,0.5689,5,0.0509
31478,Dairy-Free Cheddar Style Wedges,packaged cheese,dairy eggs,932,0.5515,4,0.0509
30442,Low Fat Vanilla Yogurt,yogurt,dairy eggs,7259,0.6691,10,0.0509
22476,Fresh Chicken Breast,poultry counter,meat seafood,1482,0.583,6,0.0509
3245,Organic Stage 2 Apple Oatmeal With Cinnamon Baby Food,baby food formula,babies,527,0.5389,1,0.0508
6008,Organic Apples,fresh fruits,produce,553,0.5389,1,0.0508
42460,Plain Mini Bagels,breakfast bakery,bakery,7761,0.669,10,0.0508
36227,Sour Cream & Onion Flavored Potato Crisps,chips pretzels,snacks,1611,0.5829,6,0.0507
41290,Lemonade,refrigerated,beverages,19692,0.669,10,0.0507
10112,Baby Mum-Mum Organic Rice Rusks Original,baby food formula,babies,1503,0.5828,6,0.0507
38357,Original Multigrain Crackers,crackers,snacks,1106,0.5687,5,0.0507
45393,Cinnamon Raisin Sandwich Bread,bread,bakery,1005,0.5512,4,0.0506
33508,Plain Pre-Sliced Bagel Thins,breakfast bakery,bakery,1841,0.5866,7,0.0506
29095,Original Cream Cheese,other creams cheeses,dairy eggs,3805,0.6271,9,0.0506
17944,Organic Micro Greens Sprouts,fresh vegetables,produce,732,0.5369,3,0.0504
2326,Organic Blueberry Waffles,frozen breakfast,frozen,8202,0.6686,10,0.0504
33783,Pears,fresh fruits,produce,1823,0.5864,7,0.0504
14280,Wieners,hot dogs bacon sausage,meat seafood,1859,0.5863,7,0.0503
19443,Dark Chocolate Cherry Cashew Plus Antioxidants Bars,energy granola bars,snacks,953,0.5509,4,0.0503
3696,Original Baked Snack Crackers,crackers,snacks,3268,0.5964,8,0.0503
42943,Soft'ees Variety Donuts Family Pack - 12 CT,cookies cakes,snacks,509,0.5383,1,0.0503
34380,Coconut Chocolate Chip,energy granola bars,snacks,1885,0.5862,7,0.0502
30382,Organic Flour Tortillas,tortillas flat bread,bakery,2660,0.5962,8,0.0501
14814,Gluteen Free Center Cut Applewood Smoked Uncured Bacon,hot dogs bacon sausage,meat seafood,4558,0.6266,9,0.0501
38944,Seven Grain Crispy Tenders,frozen vegan vegetarian,frozen,7082,0.6683,10,0.0501
23634,Dairy-Free Cheddar Style Shreds,packaged cheese,dairy eggs,4748,0.6266,9,0.0501
39097,Gluten Free White Sandwich Bread,bread,bakery,6607,0.6682,10,0.05
17560,Dairy Free Cultured Plain Coconut Milk,yogurt,dairy eggs,714,0.5364,3,0.05
37464,Apple Cinnamon Instant Oatmeal,hot cereal pancake mixes,breakfast,5615,0.6264,9,0.0499
25272,Small Macintosh Apple,fresh fruits,produce,5034,0.6263,9,0.0498
16617,Organic Muenster Cheese Slices,packaged cheese,dairy eggs,7709,0.6681,10,0.0498
48099,Truffle Parmesan Macaroni & Cheese Bowl,frozen meals,frozen,2680,0.5959,8,0.0498
33614,Carb Balance Flour Tortillas,tortillas flat bread,bakery,2826,0.5959,8,0.0498
39739,Organic Nondairy Strawberry Cashew Yogurt,missing,missing,914,0.5503,4,0.0497
18881,Coconut Milk Vanilla Frozen Dessert,ice cream ice,frozen,1509,0.5818,6,0.0497
1062,Fully Cooked Turkey Sausage Links,hot dogs bacon sausage,meat seafood,1014,0.5503,4,0.0497
11463,Honey Ham,lunch meat,deli,1504,0.5818,6,0.0496
45723,Harvest Snaps Wasabi Ranch,chips pretzels,snacks,1018,0.5501,4,0.0495
18078,Wild Arugula,packaged vegetables fruits,produce,2903,0.5956,8,0.0495
45356,Gluten Free Dream Cookies Chocolate Vanilla Creme,cookies cakes,snacks,1193,0.5675,5,0.0494
23060,"Stage 2 Spinach, Apple & Kale",baby food formula,babies,1453,0.5816,6,0.0494
15976,Diced Peaches in 100% Fruit Juice,canned fruit applesauce,canned goods,1135,0.5674,5,0.0494
18439,Sliced Sourdough Bread,bread,bakery,3747,0.6258,9,0.0493
39450,Oragnic Ginger Lemon Kombucha,refrigerated,beverages,2882,0.5954,8,0.0493
34128,Tzatziki,fresh dips tapenades,deli,4567,0.6258,9,0.0493
28157,American Blend Salad,packaged vegetables fruits,produce,2016,0.5853,7,0.0493
38569,Old Vine Zinfandel Wine,red wines,alcohol,510,0.5373,1,0.0492
21982,Wild Caught Skinless & Boneless Sardines Packed in Pure Olive Oil,canned meat seafood,canned goods,1273,0.5672,5,0.0491
46131,Deluxe Whole Cashews,nuts seeds dried fruit,snacks,745,0.5356,3,0.0491
8710,Dairy Free Coconut Milk Blueberry Yogurt Alternative,yogurt,dairy eggs,2584,0.5952,8,0.0491
48903,Fat Free Half And Half Creamer,cream,dairy eggs,579,0.5371,1,0.0491
7778,Spirals Macaroni & Cheese Dinner,instant foods,dry goods pasta,906,0.5497,4,0.0491
4920,Seedless Red Grapes,packaged vegetables fruits,produce,82689,0.6673,10,0.0491
36913,Uncured Bacon + Cranberry Bison Bar,popcorn jerky,snacks,1361,0.5812,6,0.0491
35986,2-Ply 100% Recycled Bathroom Tissue,paper goods,household,3792,0.6255,9,0.049
30529,Stage 2 Pear Pumpkin Baby Food,baby food formula,babies,1097,0.567,5,0.049
49570,Dairy Free Greek Yogurt Blueberry,yogurt,dairy eggs,581,0.537,1,0.049
18095,Gluten Free Whole Grain Bagels,breakfast bakery,bakery,1983,0.585,7,0.0489
24532,Cranberry Almond Chicken Salad,bakery desserts,bakery,749,0.5354,3,0.0489
33122,Peanut Butter Dark Chocolate Protein Chewy Bars,energy granola bars,snacks,1795,0.585,7,0.0489
26706,Chicken Pad Thai With Rice Noodles,frozen meals,frozen,2427,0.595,8,0.0489
6000,Organic Baby Romaine,packaged vegetables fruits,produce,2797,0.5949,8,0.0488
31015,Old Country Style Muesli Cereal,hot cereal pancake mixes,breakfast,1963,0.5848,7,0.0488
21883,Irish Whiskey,spirits,alcohol,881,0.5494,4,0.0488
12955,"Super Foods/Organic Apples, Spinach, Peas & Broccoli + Super Chia Snack Pouch",baby food formula,babies,1881,0.5848,7,0.0488
31766,Cheese Pizza Snacks,frozen appetizers sides,frozen,8483,0.667,10,0.0488
30353,Curate Cherry Lime Sparkling Water,water seltzer sparkling water,beverages,8974,0.6669,10,0.0487
45537,Classic Round Crackers,crackers,snacks,3890,0.6252,9,0.0487
46059,All Whites 100% Liquid Egg Whites,eggs,dairy eggs,2160,0.5847,7,0.0487
14444,Smokehouse Almonds,nuts seeds dried fruit,snacks,1695,0.5847,7,0.0486
4508,Spinach & Cheese Pupusas,frozen appetizers sides,frozen,559,0.5367,1,0.0486
30617,Creme Caramel Flan,refrigerated pudding desserts,dairy eggs,546,0.5366,1,0.0486
1649,Pretzel Snaps Bonus Bag,chips pretzels,snacks,584,0.5514,2,0.0485
3849,Organic Sprouted English Muffin,breakfast bakery,bakery,6258,0.625,9,0.0485
13475,Coconut Almond Granola,other,other,819,0.5348,3,0.0483
41165,Cheese Puffs,chips pretzels,snacks,4517,0.6248,9,0.0482
24973,Chicago Mix Popcorn,popcorn jerky,snacks,1178,0.5662,5,0.0482
4034,Mushroom Ravioli,fresh pasta,dry goods pasta,511,0.5362,1,0.0481
46906,Grape White/Green Seedless,fresh fruits,produce,38971,0.6663,10,0.0481
7647,Turkey Meatballs,prepared meals,deli,1353,0.5802,6,0.0481
20309,Authentic French Chocolate Swirl Brioche,breakfast bakery,bakery,599,0.5509,2,0.048
29698,Snack Stacks! Original Potato Crisps,chips pretzels,snacks,769,0.5345,3,0.048
44410,Peeled Baby Carrots,packaged vegetables fruits,produce,875,0.5486,4,0.048
29392,Natural String Cheese,packaged cheese,dairy eggs,1265,0.566,5,0.048
38164,Almonds & Sea Salt in Dark Chocolate,candy chocolate,snacks,12905,0.6662,10,0.0479
43392,Black Rice Burger with Adzuki Beans & Leafy Greens,frozen vegan vegetarian,frozen,855,0.5485,4,0.0479
9194,Baja Breakfast Burrito,frozen breakfast,frozen,610,0.5508,2,0.0479
47485,Mini Chocolate Chip Waffles,frozen breakfast,frozen,959,0.5485,4,0.0479
32842,Colby-Jack Cheese Sticks,packaged cheese,dairy eggs,1631,0.58,6,0.0479
40236,Diet Cherry Coke,soft drinks,beverages,908,0.5485,4,0.0479
46087,Gluten Free Homestyle Hot Oatmeal,hot cereal pancake mixes,breakfast,1509,0.5799,6,0.0477
48270,Premium House Blend Ground Coffee,coffee,beverages,643,0.5505,2,0.0476
28632,Premium Sweet Petites Carrots,packaged vegetables fruits,produce,2104,0.5837,7,0.0476
46881,Aged White Cheddar Baked Rice And Corn Puffs,chips pretzels,snacks,1649,0.5797,6,0.0476
33894,Goldfish Cheddar Baked Snack Crackers Multi Packs,crackers,snacks,4825,0.624,9,0.0475
35418,Dark Almond Organic Chocolate,candy chocolate,snacks,534,0.5356,1,0.0475
14032,Tortilla Chips,chips pretzels,snacks,925,0.5481,4,0.0475
45951,Kosher Dill Halves Pickles,pickled goods olives,pantry,958,0.548,4,0.0474
26856,Organic Ezekiel 4:9 Sesame Bread,bread,bakery,5379,0.6239,9,0.0474
33007,Peppermint Patties Candy,candy chocolate,snacks,927,0.548,4,0.0474
22963,Organic Roasted Turkey Breast,lunch meat,deli,28384,0.6656,10,0.0474
3952,Organic Broccoli Crowns,fresh vegetables,produce,18341,0.6656,10,0.0474
945,Fruit Punch Juice Drink,juice nectars,beverages,1365,0.5795,6,0.0473
48476,Tender Chicken & Stars Stage 3,baby food formula,babies,1467,0.5794,6,0.0473
21230,Organic Himalayan Pink Popcorn,popcorn jerky,snacks,1819,0.5833,7,0.0472
13113,Organic Apple Juice Boxes,juice nectars,beverages,5698,0.6237,9,0.0472
28879,Amy Indian Mattar Paneer Light In Sodium,frozen meals,frozen,922,0.5477,4,0.0471
37935,Light and Lean 3 Cheese Penne Marinara,frozen meals,frozen,1599,0.5791,6,0.047
41990,Bagel Chips,chips pretzels,snacks,718,0.5334,3,0.047
23783,"Almond Coconut Bar, Organic",energy granola bars,snacks,1568,0.5791,6,0.0469
626,Organic Hearty Garden Vegetable Soup,soup broth bouillon,canned goods,662,0.5498,2,0.0469
47884,World's Best Mac & Cheese,frozen meals,frozen,602,0.5498,2,0.0469
30506,Hummus Roasted Pepper,fresh dips tapenades,deli,572,0.535,1,0.0469
33232,Unsweetened Cashew Milk,soy lactosefree,dairy eggs,3922,0.6234,9,0.0469
34362,Perfectouch Grab N Go Cups With Lids,plates bowls cups flatware,household,875,0.5474,4,0.0468
2245,Ultra Built Strong Paper Bowls,plates bowls cups flatware,household,1425,0.5789,6,0.0468
5636,Vanilla and Chocolate Low Fat Ice Cream Sandwiches,ice cream ice,frozen,1181,0.5648,5,0.0467
10702,California Red Wine,red wines,alcohol,1259,0.5647,5,0.0467
39394,Rich Frosted Donuts,cookies cakes,snacks,615,0.5496,2,0.0467
42796,Broccoli Pot Pie With Cheddar Cheese Sauce,frozen vegan vegetarian,frozen,1491,0.5788,6,0.0467
34355,Spearmint Sugar-Free Gum,mint gum,snacks,1441,0.5788,6,0.0466
15390,All Natural Plain Yogurt,yogurt,dairy eggs,606,0.5495,2,0.0466
44811,Crunchy Sunflower Seed Bites Sea Salt,chips pretzels,snacks,890,0.5472,4,0.0466
26032,Dairy Free Mozarella Style Shreds,packaged cheese,dairy eggs,5274,0.6231,9,0.0466
43379,Watercress Package,packaged vegetables fruits,produce,608,0.5493,2,0.0464
13834,Ultra Thin Oven Roasted Turkey Breast,lunch meat,deli,1753,0.5824,7,0.0464
5268,Bagel Bites Three Cheese Mini Bagel Pizzas,frozen appetizers sides,frozen,1350,0.5785,6,0.0464
34386,Milano Mint Cookies,cookies cakes,snacks,1409,0.5784,6,0.0463
4274,Vegan Cheddar Style Cheese Slices,packaged cheese,dairy eggs,2706,0.5924,8,0.0463
38281,Organic Extra Thick Rolled Oats,hot cereal pancake mixes,breakfast,1166,0.5643,5,0.0463
457,Whole Wheat Fig Bar,breakfast bars pastries,breakfast,661,0.5492,2,0.0463
46913,"Chao, Vegan, Tomato Cayenne, Slices",packaged cheese,dairy eggs,1097,0.5643,5,0.0462
11513,1 Apple + 1 Pear Fruit Bar,energy granola bars,snacks,1546,0.5783,6,0.0461
28398,Master Brew Kombucha Ginger,refrigerated,beverages,1030,0.5641,5,0.046
21501,Fave Reds Fruit,candy chocolate,snacks,770,0.5325,3,0.046
6155,Original String Cheese,packaged cheese,dairy eggs,1536,0.5781,6,0.046
33331,Cinnamon Toast Crunch Crispy Sweetened Whole Wheat & Rice Cereal,cereal,breakfast,515,0.534,1,0.0459
43504,Organic Chicken Strips,frozen meat seafood,frozen,11110,0.6641,10,0.0459
34282,Original Sandwich Bread,frozen breads doughs,frozen,1289,0.578,6,0.0458
45616,Organic French-Style Meyer Lemon Yogurt,yogurt,dairy eggs,729,0.5322,3,0.0458
2809,Vegan Oatmeal Chocolate Chip Cookies,cookies cakes,snacks,1374,0.5779,6,0.0457
6046,Boneless Skinless Chicken Breast,poultry counter,meat seafood,22590,0.6639,10,0.0457
5692,Cinnamon & Spice Instant Oatmeal,hot cereal pancake mixes,breakfast,1879,0.5817,7,0.0457
38205,Cheddar Cheezy Mac,instant foods,dry goods pasta,1281,0.5777,6,0.0455
11512,Honey Yoghurt,yogurt,dairy eggs,9427,0.6637,10,0.0455
35419,"Handmade Vodka From Austin, Texas",spirits,alcohol,1244,0.5635,5,0.0455
49079,Special K Vanilla Almond Cereal,cereal,breakfast,1063,0.5635,5,0.0454
33055,Organic Golden Delicious Apple,fresh fruits,produce,9929,0.6636,10,0.0454
42585,Organic Extra Firm Tofu,tofu meat alternatives,deli,29124,0.6636,10,0.0454
5959,Four Cheese Thin Crust Pizza,frozen pizza,frozen,6066,0.6218,9,0.0453
32792,Chipotle Beef & Pork Realstick,popcorn jerky,snacks,1370,0.5774,6,0.0452
20877,Beef & Bean Burritos,frozen meals,frozen,644,0.5481,2,0.0452
7999,Fully Cooked Original Pork Sausage Links,hot dogs bacon sausage,meat seafood,644,0.5481,2,0.0452
33782,Vitaminwater Revive Fruit Punch,energy sports drinks,beverages,993,0.5458,4,0.0452
35090,"Chao, Vegan, Coconut Herb, Slices",packaged cheese,dairy eggs,572,0.5332,1,0.0452
48291,Organic Tree Ripened Plums,nuts seeds dried fruit,snacks,593,0.5481,2,0.0452
47141,Cola,soft drinks,beverages,11585,0.6634,10,0.0451
30967,Organic Frosted Flakes Cereal,cereal,breakfast,2950,0.5912,8,0.0451
33543,Super Green Juice Blend Smoothie,refrigerated,beverages,1236,0.5631,5,0.0451
26701,Maca Berry Probiotic Super Tea,tea,beverages,898,0.5457,4,0.0451
4294,Spicy Salmon Avocado Roll,prepared meals,deli,1869,0.5811,7,0.045
7371,Chocolate Chip Cookie Dough Bar,energy granola bars,snacks,1795,0.5811,7,0.045
22993,Super Seed Crispy Crackers,crackers,snacks,4034,0.6215,9,0.045
39121,Organic Jasmine Rice,frozen meals,frozen,6676,0.6631,10,0.0449
9154,Organic Classic Saltine Crackers,crackers,snacks,1371,0.577,6,0.0448
37564,Hardwood Smoked Lower Sodium Bacon,hot dogs bacon sausage,meat seafood,563,0.5329,1,0.0448
17555,Creamy Parmesan Risotto,instant foods,dry goods pasta,1242,0.5628,5,0.0448
26412,Fresh Lean Ground Turkey,packaged poultry,meat seafood,787,0.5311,3,0.0447
19948,All Natural Berry Blast 100% Juice Smoothie,refrigerated,beverages,983,0.5453,4,0.0447
12672,G Series Perform Lemon Lime Sports Drink,energy sports drinks,beverages,1498,0.5768,6,0.0446
21240,Orange Sports Drink,energy sports drinks,beverages,1531,0.5767,6,0.0446
7185,Rosemary Mini Croccantini,crackers,snacks,3621,0.6211,9,0.0446
26248,Classic Pancakes,hot cereal pancake mixes,breakfast,582,0.5326,1,0.0446
2078,Unsalted Pure Irish Butter,butter,dairy eggs,19846,0.6628,10,0.0445
34448,Original Veggie Straws,fruit vegetable snacks,snacks,16850,0.6626,10,0.0443
36485,Organic Stage 2 Winter Squash Baby Food Puree,baby food formula,babies,1322,0.5764,6,0.0443
48679,Organic Garnet Sweet Potato (Yam),fresh vegetables,produce,51939,0.6625,10,0.0442
47050,Cocoa Krispies Cereal,cereal,breakfast,870,0.5448,4,0.0442
14467,Sweet Baguette,bread,bakery,6953,0.6624,10,0.0442
13524,Gluten Free Plain Tortilla,frozen breads doughs,frozen,859,0.5448,4,0.0442
352,Colby Jack & Mild Cheddar Combo Pack,packaged cheese,dairy eggs,558,0.5323,1,0.0442
35383,Classic White Bread,bread,bakery,6872,0.6624,10,0.0442
17038,Wasabi Roasted Seaweed Snacks,asian foods,international,1696,0.5802,7,0.0441
34065,"Tomatoes, Crushed, Organic",canned jarred vegetables,canned goods,1324,0.5763,6,0.0441
33568,Fresh Tilapia Fillet,seafood counter,meat seafood,1416,0.5763,6,0.0441
43522,Veggie Loaf Mashed Potatoes and Vegetables,frozen vegan vegetarian,frozen,513,0.5322,1,0.0441
21560,Cut Hearts Of Palm,prepared soups salads,deli,3669,0.6206,9,0.0441
1365,Mixed Bell Peppers,packaged vegetables fruits,produce,720,0.5306,3,0.0441
21349,Miniatures,candy chocolate,snacks,720,0.5306,3,0.0441
18321,Ready Rice  Pilaf,instant foods,dry goods pasta,545,0.5321,1,0.0441
44585,Anti Viral Upright Facial Tissue,paper goods,household,1087,0.5621,5,0.044
820,Vanilla Almond Butter Squeeze,spreads,pantry,1240,0.5621,5,0.044
10301,Dark Chocolate Cherry Chia Bar,energy granola bars,snacks,671,0.5469,2,0.044
21737,Baby Food Stage 2 Raspberry Spinach & Greek Yogurt,baby food formula,babies,1160,0.5621,5,0.044
28851,Cage Free  100% Liquid Egg Whites,eggs,dairy eggs,5860,0.6205,9,0.044
12125,Organic Peace Pasta & Parmesan Macaroni & Cheese,instant foods,dry goods pasta,1082,0.5619,5,0.0439
21303,Lean Protein & Fiber Bar Chunky Chocolate Peanut,energy granola bars,snacks,1075,0.5619,5,0.0438
25890,Boneless Skinless Chicken Breasts,packaged poultry,meat seafood,50281,0.662,10,0.0438
35378,Grilled & Ready Chicken Breast Fillets,frozen meat seafood,frozen,893,0.5442,4,0.0436
130,Vanilla Milk Chocolate Almond Ice Cream Bars Multi-Pack,ice cream ice,frozen,3864,0.6201,9,0.0436
4486,Organic Dark Salted Burnt Caramel Chocolate Bar,candy chocolate,snacks,817,0.53,3,0.0435
2763,Uncured Hickory Smoked Bacon,hot dogs bacon sausage,meat seafood,3382,0.5896,8,0.0435
47888,Apple and Carrot Stage 2 Baby Food,baby food formula,babies,4118,0.62,9,0.0435
32569,Peanut Butter Cracker Sandwiches,crackers,snacks,626,0.5463,2,0.0434
33113,Simply Potaoes Traditional Mashed Potatoes,frozen appetizers sides,frozen,572,0.5315,1,0.0434
39160,Kefir Cultured Strawberry Milk Drink,yogurt,dairy eggs,2584,0.5894,8,0.0433
47185,Spreadable Butter with Canola Oil,butter,dairy eggs,3412,0.5894,8,0.0433
7893,Gluten-Free Lemon Wafers,cookies cakes,snacks,723,0.5297,3,0.0433
1364,Organic Vanilla Chip Chewy Granola,energy granola bars,snacks,2915,0.5894,8,0.0433
8968,Tangerine Juice,juice nectars,beverages,1797,0.5793,7,0.0433
41557,Original Deli Style Pretzel Crackers,chips pretzels,snacks,1142,0.5613,5,0.0432
36664,Baked Soft Pretzels,frozen appetizers sides,frozen,1806,0.5792,7,0.0431
14778,Organic Chocolate Chip Chewy Granola Bars,energy granola bars,snacks,6445,0.6196,9,0.043
20344,Chunky Chicken Noodle Soup,prepared soups salads,deli,565,0.531,1,0.0429
10607,Prosecco,specialty wines champagnes,alcohol,920,0.5435,4,0.0429
32762,Nutri-Grain Soft Baked Mixed Berry Cereal Breakfast Bars,breakfast bars pastries,breakfast,601,0.5458,2,0.0428
20197,Natural Muenster Cheese Slices,packaged cheese,dairy eggs,612,0.5458,2,0.0428
37836,Milano Milk Chocolate Cookies,cookies cakes,snacks,852,0.5434,4,0.0428
28928,Uncured Black Forest Ham,lunch meat,deli,8370,0.6611,10,0.0428
48377,Chocolate Therapy Ice Cream,ice cream ice,frozen,567,0.5309,1,0.0428
14945,Egg & Smoked Gouda Multi-Grain Flatbread Breakfast Sandwich,frozen breakfast,frozen,1517,0.5748,6,0.0427
25443,"Delights Turkey Sausage, Egg Whites & Cheese Croissant",frozen breakfast,frozen,1357,0.5748,6,0.0427
18610,Cola Soda,soft drinks,beverages,3941,0.6191,9,0.0426
13497,Gluten and Dairy Free Sonoma Veggie Burger,frozen vegan vegetarian,frozen,1022,0.5607,5,0.0426
25300,Family Organic Apple Juice Boxes - 4 CT,juice nectars,beverages,985,0.5431,4,0.0425
15357,PastaJoy Organic Brown Rice Pasta Elbows,dry pasta,dry goods pasta,524,0.5305,1,0.0425
48666,Mild Thin Sliced Cheddar Cheese,packaged cheese,dairy eggs,930,0.543,4,0.0424
21294,Curry Tiger Burrito,frozen meals,frozen,629,0.5453,2,0.0424
44533,"French Baguettes, Take & Bake, Twin Pack",bread,bakery,3613,0.6189,9,0.0424
42500,Orange & Lemon Flavor Variety Pack Sparkling Fruit Beverage,soft drinks,beverages,4053,0.6188,9,0.0423
38425,Hot Kid Baby Mum-Mum Organic Rice Rusks Vegetable,baby food formula,babies,696,0.5287,3,0.0423
10749,Organic Red Bell Pepper,fresh vegetables,produce,57485,0.6605,10,0.0423
37147,Organic Soy Tempeh,tofu meat alternatives,deli,2609,0.5883,8,0.0422
2339,Organic Himalayan Sweetness Popcorn,popcorn jerky,snacks,587,0.5451,2,0.0422
25836,Burgers Spicy Black Bean Veggie Burgers,frozen vegan vegetarian,frozen,513,0.5302,1,0.0422
17668,Unsweetened Chocolate Almond Breeze Almond Milk,soy lactosefree,dairy eggs,2110,0.5782,7,0.0422
24362,Brut Sparkling Wine,specialty wines champagnes,alcohol,787,0.5286,3,0.0421
40396,Guacamole,fresh dips tapenades,deli,17960,0.6604,10,0.0421
517,French Rolls,buns rolls,bakery,622,0.545,2,0.0421
46823,The Ultimate Beefless Burger,frozen vegan vegetarian,frozen,1214,0.5601,5,0.0421
45788,Garlic Lovers Hommus,fresh dips tapenades,deli,3791,0.6186,9,0.0421
38844,Oatmeal Raisin Walnut Energy Bar,energy granola bars,snacks,1915,0.5781,7,0.042
1485,Pop-Tarts Frosted Strawberry Toaster Pastries,breakfast bars pastries,breakfast,1538,0.5741,6,0.042
37849,Velveeta Shells & Cheese Pasta,instant foods,dry goods pasta,2109,0.578,7,0.042
15842,Dairy Free Coconut Milk Yogurt Alternative,yogurt,dairy eggs,1763,0.578,7,0.042
2113,Ultra Comfort Care Mega Roll Toilet Paper,paper goods,household,534,0.53,1,0.0419
22720,Meatles  Soy Gluten-Free Grounds,frozen vegan vegetarian,frozen,848,0.5425,4,0.0418
43632,GoGurt Strawberry and Blueberry Tubes,yogurt,dairy eggs,1359,0.574,6,0.0418
27344,Uncured Genoa Salami,lunch meat,deli,41473,0.66,10,0.0418
43772,Cherubs Heavenly Salad Tomatoes,fresh vegetables,produce,21552,0.66,10,0.0418
4846,Weight Watchers Three Cheese Ziti Marinara,frozen meals,frozen,672,0.5446,2,0.0417
21053,Almond Snack Crackers,crackers,snacks,2238,0.5777,7,0.0417
24361,Honey Graham Crackers,crackers,snacks,784,0.5281,3,0.0416
37374,Cherubs Tomatoes,fresh vegetables,produce,1614,0.5737,6,0.0416
45679,Gluten Free Cheddar Macaroni & Cheese Rice Pasta,instant foods,dry goods pasta,3410,0.5877,8,0.0416
18394,Asian Chopped Salad with Dressing,packaged vegetables fruits,produce,2743,0.5877,8,0.0416
23712,Natural Crackers,crackers,snacks,913,0.5422,4,0.0416
1039,Free & Clear Unscented Refill Value Packs Baby Wipes,diapers wipes,babies,1117,0.5595,5,0.0415
38222,Dandelion Greens Juice,juice nectars,beverages,559,0.5295,1,0.0415
34458,Vanilla Ice Cream Sandwich,ice cream ice,frozen,2817,0.5875,8,0.0414
13578,Natural Sliced Gouda Cheese,packaged cheese,dairy eggs,599,0.5442,2,0.0413
12846,Pomegranate Blackberry Probiotics Juice Drink,refrigerated,beverages,2023,0.5774,7,0.0413
48491,"Tofu, Extra Firm",tofu meat alternatives,deli,656,0.5442,2,0.0413
14252,Coke Zero Diet Soda,soft drinks,beverages,2096,0.5773,7,0.0412
34823,Mixed Melons,packaged vegetables fruits,produce,680,0.5441,2,0.0412
43892,Premium Belgian Lager,beers coolers,alcohol,1166,0.5592,5,0.0411
18811,Organic Apple Juice,juice nectars,beverages,11666,0.6593,10,0.041
588,Special K Original Cereal,cereal,breakfast,1312,0.5732,6,0.041
31725,Mandarin Orange in 100% Fruit Juice,canned fruit applesauce,canned goods,1586,0.5731,6,0.041
39758,Chewy 25% Low Sugar Chocolate Chip Granola,energy granola bars,snacks,2349,0.5871,8,0.041
15780,Breakfast Blend Medium Roast Ground Coffee,coffee,beverages,2397,0.587,8,0.0409
18805,Chocolate Chip Bar,energy granola bars,snacks,1095,0.5589,5,0.0409
18200,Aged White Cheddar Gluten-Free Baked Rice And Corn Puffs,chips pretzels,snacks,3157,0.5869,8,0.0408
21927,Organic Boneless Skinless Chicken Breast,poultry counter,meat seafood,10424,0.6591,10,0.0408
38200,Apple Juice,refrigerated,beverages,8121,0.659,10,0.0408
4724,Broccoli Florettes,packaged produce,produce,7311,0.659,10,0.0408
16004,"Cheese, Provolone",packaged cheese,dairy eggs,846,0.5414,4,0.0408
21330,Oikos Greek Plain Fat Free Yogurt,yogurt,dairy eggs,979,0.5414,4,0.0408
41058,Tropical Gold Chunks All Natural Pineapple,frozen produce,frozen,757,0.5271,3,0.0406
9762,"Freshly Made. Filled with Creamy Ricotta, Aged Parmesan and Romano Cheeses Mixed Cheese Tortellini",fresh pasta,dry goods pasta,776,0.5271,3,0.0406
27729,Cold-Pressed Organic Orange,refrigerated,beverages,2371,0.5867,8,0.0406
14809,Organic Earl Grey Black Tea Bags 15 Count,tea,beverages,924,0.5411,4,0.0405
6508,Oh My Yog! Madagascar Vanilla Trilayer Yogyurt,yogurt,dairy eggs,2569,0.5866,8,0.0405
27761,Oats & Chocolate Chewy Bars,breakfast bars pastries,breakfast,2177,0.5765,7,0.0404
11988,Unscented One-Ply Bathroom Tissues,paper goods,household,509,0.5285,1,0.0404
29370,Organic White Cheddar Popcorn,popcorn jerky,snacks,7517,0.6586,10,0.0404
49227,Sour Cream and Onion Potato Chips,chips pretzels,snacks,624,0.5433,2,0.0404
29432,Original Crackers,crackers,snacks,1415,0.5724,6,0.0403
32398,Almonds Mini Nut-Thins Cheddar Cheese,crackers,snacks,547,0.5283,1,0.0403
12591,Peach Mango Stage 2 Baby Food,baby food formula,babies,628,0.543,2,0.0401
39224,Macaroni & Cheese Dinner,instant foods,dry goods pasta,716,0.5265,3,0.0401
49086,"Coconut Bliss Frozen Dessert, Dark Chocolate",ice cream ice,frozen,1256,0.5581,5,0.0401
40232,Boneless Pork Loin Chops,packaged meat,meat seafood,699,0.5265,3,0.04
9358,April Fresh Liquid Fabric Softener,laundry,household,2210,0.576,7,0.04
15925,Macaroni and Cheese,frozen meals,frozen,2172,0.576,7,0.0399
27741,Organic Extra Firm Cubed Tofu,tofu meat alternatives,deli,1446,0.5719,6,0.0398
39108,Pulp Free Orange Juice,refrigerated,beverages,9733,0.658,10,0.0397
10521,Carb Balance Small Fajita Whole Wheat Tortillas,tortillas flat bread,bakery,1212,0.5578,5,0.0397
28939,Cuties Dairy Free Mint Chocolate Chip Frozen Dessert Sandwiches,ice cream ice,frozen,559,0.5277,1,0.0397
20947,Passionberry Bliss Kombucha Drink,refrigerated,beverages,2592,0.5856,8,0.0395
14036,Mini Semisoft Gouda Cheeses,packaged cheese,dairy eggs,563,0.5275,1,0.0395
41273,Broccoli Florets,packaged vegetables fruits,produce,5778,0.616,9,0.0395
13338,Gluten Free Smoked Gouda Mac and Cheese,frozen meals,frozen,1105,0.5575,5,0.0394
41565,Carrot Sticks,fresh vegetables,produce,2075,0.5754,7,0.0394
5114,"Peach,  Apricot & Banana Stage 2 Baby Food",baby food formula,babies,5097,0.6159,9,0.0394
46082,Plus Blueberry Apple & Purple Carrot Organic Superfoods,baby food formula,babies,902,0.5399,4,0.0393
40939,Drinking Water,water seltzer sparkling water,beverages,5403,0.6158,9,0.0393
16826,Natural Hickory Smoked Canadian Bacon Center Cut From Pork Loin,hot dogs bacon sausage,meat seafood,1780,0.5753,7,0.0392
9901,Original Strawberry Banana Yogurt,yogurt,dairy eggs,2356,0.5853,8,0.0392
7901,"Ice Pops Sugar Free, Orange, Cherry, Grape",ice cream ice,frozen,2298,0.5853,8,0.0392
21338,Silver Tequila,spirits,alcohol,618,0.5421,2,0.0392
7353,"Dill, Sea Salt & Olive Oil Crackers",crackers,snacks,533,0.5272,1,0.0391
41950,Organic Tomato Cluster,fresh vegetables,produce,64289,0.6574,10,0.0391
32757,Quiche Lorraine,prepared meals,deli,2062,0.5752,7,0.0391
19155,Organic 1% Lowfat Milk,milk,dairy eggs,1488,0.5712,6,0.0391
48732,Lil Drums Vanilla/Chocolate Frozen Dairy Dessert Cones,ice cream ice,frozen,882,0.5397,4,0.0391
28571,Pretzel Rods,chips pretzels,snacks,3435,0.5852,8,0.039
1541,Jumbo Grade A Eggs,eggs,dairy eggs,1471,0.571,6,0.0389
33000,Pure Irish Butter,butter,dairy eggs,33908,0.6571,10,0.0389
35199,100% Apple Juice,juice nectars,beverages,5481,0.6154,9,0.0389
9776,"Homestyle Meals Sweet Peas, Green Beans, Spinach & Quinoa Organic Baby Food",baby food formula,babies,520,0.5269,1,0.0389
31872,Totopos de Maiz Mexican Style Thin & Crispy Salted Tortilla Chips,chips pretzels,snacks,752,0.5253,3,0.0388
12033,Raspberries Dark Chocolate Bar,candy chocolate,snacks,2310,0.5848,8,0.0387
24643,Toaster Strudel Strawberry Pastries,frozen breakfast,frozen,754,0.5252,3,0.0387
27744,Organic Whipping Cream,cream,dairy eggs,10687,0.657,10,0.0387
8012,Pizza 4 Cheese,frozen pizza,frozen,4431,0.6152,9,0.0387
39468,"Apples, Kale & Avocados Organic Baby Food",baby food formula,babies,2736,0.5848,8,0.0387
22151,Tart Cherry Yoghurt,yogurt,dairy eggs,5934,0.6151,9,0.0386
42139,Fudge Mint Cookies,cookies cakes,snacks,3397,0.5846,8,0.0385
7493,Mediterranean Thin Crust Pizza,frozen pizza,frozen,2186,0.5746,7,0.0385
36189,Key Lime Yoghurt,yogurt,dairy eggs,1628,0.5706,6,0.0385
2022,Brut Cuvee Sparkling Champagne,specialty wines champagnes,alcohol,604,0.5414,2,0.0385
13637,Salt & Vinegar Potato Chips,chips pretzels,snacks,509,0.5265,1,0.0385
46524,Natural Peanut Butter Crunchy and Flaxseed,spreads,pantry,641,0.5413,2,0.0384
32455,Whole Grain Cheddar Baked Snack Crackers,crackers,snacks,7321,0.6566,10,0.0384
6069,Maple Pumpkin Seeds with Sea Salt Chewy with a Crunch Granola Bars,energy granola bars,snacks,3918,0.6149,9,0.0384
24425,"Freshly made pasta, rich meat sauce and Real Mozzarella cheese Lasagna with Meat & Sauce",frozen meals,frozen,1260,0.5563,5,0.0383
4844,Gotta Have Vanilla Organic Frozen Nonfat Yogurt,ice cream ice,frozen,1292,0.5704,6,0.0383
3143,Organic Seaweed Black Sesame Super Seed Crackers,crackers,snacks,669,0.5411,2,0.0382
20282,Blue Machine 100% Juice Smoothie,refrigerated,beverages,1832,0.5742,7,0.0382
4447,Berries 'n Cherries Fruit Snacks,fruit vegetable snacks,snacks,1373,0.5703,6,0.0381
42265,Organic Baby Carrots,packaged vegetables fruits,produce,76896,0.6564,10,0.0381
26315,Organic White Corn & Wheat Tortillas,tortillas flat bread,bakery,4263,0.6146,9,0.0381
15820,Cafe Cuisine Sesame Chicken,frozen meals,frozen,2101,0.574,7,0.038
9510,Chicken Breast Tenders,poultry counter,meat seafood,2251,0.574,7,0.0379
9340,Homestyle Classics Meatloaf,frozen meals,frozen,559,0.5259,1,0.0379
46045,Reduced Fat Irish Butter,butter,dairy eggs,2121,0.5738,7,0.0377
44187,Protein Caramel Nut Chewy Bars,breakfast bars pastries,breakfast,677,0.5406,2,0.0377
47783,Apple & Cherry Fruit Bar,energy granola bars,snacks,1525,0.5698,6,0.0377
21553,Lowfat 2% Milkfat Cottage Cheese,other creams cheeses,dairy eggs,4429,0.6141,9,0.0376
27304,Organic 5 Grain Elbows & White Cheddar Macaroni and Cheese,instant foods,dry goods pasta,631,0.5404,2,0.0375
19049,Peeled Garlic,packaged vegetables fruits,produce,6259,0.614,9,0.0375
16696,Coke Classic,soft drinks,beverages,10772,0.6557,10,0.0375
21694,Mini Classic Ice Cream,ice cream ice,frozen,569,0.5255,1,0.0374
7607,Cinnamon Roll Bar,energy granola bars,snacks,796,0.5239,3,0.0374
594,Gluten Free Peanut Butter Berry  Chewy With A Crunch Granola Bars,energy granola bars,snacks,817,0.5239,3,0.0374
26897,"Salsa, Medium",preserved dips spreads,pantry,512,0.5254,1,0.0373
10006,Low Sodium Refried Black Beans,canned meals beans,canned goods,2422,0.5834,8,0.0373
40724,Soy Free Buttery Spread with Olive Oil,soy lactosefree,dairy eggs,3010,0.5834,8,0.0373
40706,Organic Grape Tomatoes,packaged vegetables fruits,produce,84255,0.6555,10,0.0373
45,European Cucumber,fresh vegetables,produce,18413,0.6555,10,0.0372
3717,Cheese Enchilada Meal,frozen meals,frozen,2989,0.5831,8,0.037
34262,Hint Of Sea Salt Almond Nut Thins,crackers,snacks,11945,0.6552,10,0.0369
9808,Organic Cottage Cheese,other creams cheeses,dairy eggs,7885,0.6552,10,0.0369
11710,Fresh Mozzarella Snacking Cheese,specialty cheeses,dairy eggs,3743,0.6134,9,0.0369
38274,Ice Cream Sandwiches Vanilla,ice cream ice,frozen,6394,0.6134,9,0.0369
8803,Fully Husked & Trimmed Super Sweet Corn,packaged produce,produce,4040,0.6134,9,0.0369
17360,Green Chili & Cumin Adzuki Bean Burger,frozen vegan vegetarian,frozen,751,0.5233,3,0.0368
11009,Apple Apple Applesauce On The Go Pouches,canned fruit applesauce,canned goods,2798,0.5829,8,0.0368
8424,Broccoli Crown,fresh vegetables,produce,42044,0.655,10,0.0368
294,Minis Original Saltine Crackers,crackers,snacks,1016,0.5374,4,0.0368
28577,No Pulp Orange Juice,refrigerated,beverages,1905,0.5727,7,0.0367
36307,Milano Double Chocolate Cookies,cookies cakes,snacks,1935,0.5726,7,0.0366
45835,Ultra Strong Mega Bathroom Tissue Rolls,paper goods,household,875,0.5371,4,0.0365
44471,Free & Clear Unscented Baby Wipes,baby accessories,babies,6315,0.613,9,0.0365
38250,Cheddar Squares Cheddar Squares,crackers,snacks,698,0.5229,3,0.0365
23977,Unsweetend Creamer,cream,dairy eggs,744,0.5228,3,0.0364
48835,Organic Unsweetened Vanilla Coconut Non-Dairy Beverage,milk,dairy eggs,1562,0.5685,6,0.0364
35731,Cool Touch Coconut Oil & Aloe Facial Tissues,paper goods,household,1657,0.5685,6,0.0364
31759,Cherrios Honey Nut,cereal,breakfast,7452,0.6546,10,0.0364
2130,Wasabi Peas,fruit vegetable snacks,snacks,1048,0.5544,5,0.0363
23915,Uncrustables Peanut Butter & Grape Jelly Sandwich,frozen meals,frozen,1665,0.5724,7,0.0363
20039,Sea Salt & Pepper Popcorn,popcorn jerky,snacks,1622,0.5684,6,0.0363
28,Wheat Chex Cereal,cereal,breakfast,706,0.5227,3,0.0362
41414,Lemonade Fruit Bars,ice cream ice,frozen,601,0.5391,2,0.0362
48520,All Natural Regular Pork Sausage,hot dogs bacon sausage,meat seafood,557,0.5242,1,0.0362
17874,Organic Spring Jasmine Green Tea,tea,beverages,1162,0.5542,5,0.0362
1503,Low Fat Cottage Cheese,other creams cheeses,dairy eggs,2480,0.5823,8,0.0362
7646,Artisan Sesame Seeds Nut & Rice Cracker Snacks,crackers,snacks,679,0.539,2,0.0361
33956,Mighty Mango Juice Smoothie,refrigerated,beverages,2592,0.5822,8,0.0361
29061,Stuffed Peppers,frozen meals,frozen,519,0.5241,1,0.036
39696,Vegetable Lasagna Light In Sodium,frozen meals,frozen,915,0.5366,4,0.036
24721,Cinnamon Raisin English Muffins,breakfast bakery,bakery,986,0.5365,4,0.0359
23753,Southwest Salad Kit,packaged vegetables fruits,produce,502,0.5239,1,0.0358
14401,2-Ply 100% Recycled White Facial Tissues,paper goods,household,1170,0.5538,5,0.0358
31577,Whole Wheat Bunnies Baked Snack Crackers,crackers,snacks,2674,0.5819,8,0.0358
8832,Cinnamon Bread,bread,bakery,659,0.5387,2,0.0358
9932,Natural Creamy Peanut Butter,spreads,pantry,1627,0.5679,6,0.0358
22024,Italian Squash,fresh vegetables,produce,1273,0.5538,5,0.0358
9424,Organic Saltine Baked Cracker Classic Crackers,crackers,snacks,1208,0.5538,5,0.0358
1076,Yellow Corn Taco Dinner Kit,latino foods,international,977,0.5363,4,0.0357
45761,Turkey Breast Thin Sliced Honey Roasted Deli Select,lunch meat,deli,1107,0.5537,5,0.0357
22164,"Cherries & Almonds in Dark Chocolate, 55% Cocoa",candy chocolate,snacks,2754,0.5817,8,0.0356
33463,Chicken Enchiladas Poblano,frozen meals,frozen,550,0.5236,1,0.0356
4398,Longboard Island Lager,beers coolers,alcohol,676,0.5385,2,0.0356
47029,Organic Greek Nonfat Yogurt With Mixed Berries,yogurt,dairy eggs,6891,0.6538,10,0.0355
15579,Light in Sodium Black Bean Vegetable Enchilada Entree,frozen meals,frozen,942,0.5361,4,0.0355
35342,Sugar Free Chocolate Reduced Calorie Pudding Snacks,refrigerated pudding desserts,dairy eggs,510,0.5235,1,0.0355
19309,Simply Granola Oats Honey Almond Cereal,granola,breakfast,678,0.5383,2,0.0354
3919,Hearty Grains 100% Whole Wheat English Muffins,breakfast bakery,bakery,4486,0.6119,9,0.0354
40898,Vanilla Caramel Fudge Ice Cream,ice cream ice,frozen,1207,0.5534,5,0.0354
47717,Peanut Butter Cookie,energy granola bars,snacks,4604,0.6119,9,0.0354
44548,Barbecue Potato Chips,chips pretzels,snacks,5417,0.6116,9,0.0351
16057,Original Snack Crackers,crackers,snacks,541,0.5231,1,0.0351
30257,Microwavable Mac & Cheese,instant foods,dry goods pasta,1695,0.5711,7,0.035
22882,Light Mozzarella String Cheese,packaged cheese,dairy eggs,4257,0.6115,9,0.035
3562,Cinnamon Applesauce,canned fruit applesauce,canned goods,1409,0.5671,6,0.0349
10690,Natural Lemon Flavored Sparkling Water,missing,missing,1455,0.567,6,0.0349
19548,Organic Lightly Roasted Crunchy Peanut Butter,spreads,pantry,1049,0.5529,5,0.0349
3801,Classic Cheddar Potatoes Pierogie,frozen meals,frozen,706,0.5212,3,0.0348
48493,Butter 2.0 Featuring Virgin Coconut Oil,soy lactosefree,dairy eggs,584,0.5377,2,0.0348
22598,Kellogg's Nutri-Grain Blueberry Cereal,breakfast bars pastries,breakfast,758,0.5211,3,0.0346
6111,Mediterranee Strawberry Yogurt,yogurt,dairy eggs,2108,0.5707,7,0.0346
7131,Light Semisoft Cheese,packaged cheese,dairy eggs,7472,0.6528,10,0.0346
32047,Original Apple 100% Juice,juice nectars,beverages,2447,0.5807,8,0.0346
42781,Pale Ale Beer,beers coolers,alcohol,762,0.521,3,0.0345
1429,100% Natural Creamy Peanut Butter,spreads,pantry,509,0.5226,1,0.0345
48716,Meyer Lemon Miracle Tart,bakery desserts,bakery,693,0.5209,3,0.0345
42633,Red Delicious Apple,fresh fruits,produce,4233,0.6109,9,0.0344
26604,Organic Blackberries,fresh fruits,produce,61746,0.6526,10,0.0344
9124,Broccoli & Cheddar Bake Meal Bowl,frozen meals,frozen,7176,0.6526,10,0.0344
17896,Sugar Free Lemon Lime Gelatin Snacks,refrigerated pudding desserts,dairy eggs,858,0.535,4,0.0344
4534,Greek Yogurt Flip Salted Caramel Crunch,yogurt,dairy eggs,536,0.5224,1,0.0343
5415,Organic Grade A Raw Honey,honeys syrups nectars,pantry,540,0.5222,1,0.0342
16508,Stage 3 Hearty Meals - Chick Chick Organic Baby Food,baby food formula,babies,1226,0.5522,5,0.0342
42706,Organic Dutch Chocolate Ice Cream,ice cream ice,frozen,1257,0.5521,5,0.0341
49354,Big Slice Colby Jack Cheese Slices,packaged cheese,dairy eggs,1143,0.5521,5,0.034
7252,Deep Green Blends Kale,packaged produce,produce,1163,0.552,5,0.034
6813,Ultra Strong Bathroom Tissue,paper goods,household,711,0.5204,3,0.0339
32079,Shredded Parmigiano Reggiano,packaged cheese,dairy eggs,2424,0.58,8,0.0339
40961,Fresh Salsa,fresh dips tapenades,deli,1207,0.5518,5,0.0337
40723,Organic Cripps Pink Apples,fresh fruits,produce,12834,0.6519,10,0.0337
9106,Chocolate Pudding,refrigerated pudding desserts,dairy eggs,719,0.5202,3,0.0337
25767,Organic Multi Grain Squares Cereal,cereal,breakfast,3776,0.6102,9,0.0337
35568,Soft Baked Granola,granola,breakfast,723,0.5201,3,0.0336
40825,Havarti Cheese Slices,packaged cheese,dairy eggs,936,0.5342,4,0.0336
27888,Free and Clear Natural Liquid Laundry Detergent,laundry,household,981,0.5341,4,0.0335
22524,Cream Cheese Bar,other creams cheeses,dairy eggs,645,0.5364,2,0.0335
22210,Organic Stage 2 Broccoli Pears & Peas Baby Food,baby food formula,babies,2669,0.5796,8,0.0335
6510,Milk Chocolate,candy chocolate,snacks,910,0.5341,4,0.0335
24214,Organic Jr Apple Cinnamon Oatmeal,baby food formula,babies,581,0.5215,1,0.0335
36164,Organics Spinach,packaged vegetables fruits,produce,3004,0.5796,8,0.0335
39968,Miso Soup,prepared soups salads,deli,558,0.5215,1,0.0335
16622,Blonde Macaroons,cookies cakes,snacks,512,0.5215,1,0.0334
7806,Soft Pretzel Burger Buns,buns rolls,bakery,6513,0.6516,10,0.0334
20995,Organic Broccoli Florets,frozen produce,frozen,32887,0.6516,10,0.0334
45045,Organic Stage 3 Pumpkin Cranberry Apple Baby Food,baby food formula,babies,1168,0.5514,5,0.0333
45619,G Series Blueberry Pomegranate,energy sports drinks,beverages,810,0.5198,3,0.0333
8195,Paper Towels,paper goods,household,2684,0.5794,8,0.0333
33527,Organic Classic Rich Crackers,crackers,snacks,4028,0.6097,9,0.0332
18615,Organic Guacamole,fresh dips tapenades,deli,3297,0.5793,8,0.0332
25715,Organic Green Grapes,fresh fruits,produce,1259,0.5512,5,0.0332
13554,Organic Gluten Free Dude Ranch Multigrain Snack Chips,chips pretzels,snacks,1417,0.5653,6,0.0331
405,100% Organic Diced Tomatoes,canned jarred vegetables,canned goods,1272,0.5511,5,0.0331
35084,Wheat Organic Bread,bread,bakery,584,0.536,2,0.033
35072,Organic Green Butter Lettuce,packaged vegetables fruits,produce,3355,0.5791,8,0.033
30340,Oatmeal Squares Brown Sugar,cereal,breakfast,3967,0.6095,9,0.033
25936,EnviroKidz Gluten Free & Wheat Free Gorilla Munch Corn Puff Cereal,cereal,breakfast,2875,0.5791,8,0.033
31693,Veggie Stix Sea Salt,chips pretzels,snacks,570,0.5211,1,0.033
27423,Real Aged Cheddar Macaroni & Cheese,instant foods,dry goods pasta,3262,0.5791,8,0.033
2825,Organic Original Hommus,fresh dips tapenades,deli,13340,0.6512,10,0.033
16840,Mild Guacamole,fresh dips tapenades,deli,1598,0.5651,6,0.0329
27239,Bits Cheese Cracker Sandwiches,crackers,snacks,701,0.5193,3,0.0328
19915,No Sugar Added Apple Sauce,canned fruit applesauce,canned goods,528,0.5208,1,0.0328
15412,Chicken Flavor Ramen Noodles,instant foods,dry goods pasta,945,0.5333,4,0.0327
31215,Lemon Yogurt,yogurt,dairy eggs,8941,0.6509,10,0.0327
29092,Organic Hearty Morning Fiber Cereal,cereal,breakfast,530,0.5208,1,0.0327
45500,Shredded Medium Cheddar Cheese,packaged cheese,dairy eggs,705,0.5191,3,0.0327
21057,Organic Brown Rice Spaghetti,dry pasta,dry goods pasta,1688,0.5687,7,0.0327
35210,Natural Mozzarella Deli Style Sliced Cheese,packaged cheese,dairy eggs,904,0.5332,4,0.0326
12211,Gluten Free Organic Taco Sliders Corn Tortillas,latino foods,international,607,0.5354,2,0.0325
11534,Organic After Dark Chocolate Frozen Nonfat Yogurt,ice cream ice,frozen,861,0.5331,4,0.0325
49095,100% Recycled 2 Ply Paper Towels,paper goods,household,1424,0.5646,6,0.0325
26317,Organic Lemonade,juice nectars,beverages,8869,0.6507,10,0.0325
22326,Indian Vegetable Korma Entrée,frozen meals,frozen,715,0.5189,3,0.0324
2397,Caramel Sea Salt Macaroons,bakery desserts,bakery,742,0.5189,3,0.0324
24114,Ground Chicken,packaged poultry,meat seafood,717,0.5188,3,0.0324
21329,Organic Hearty Split Pea & Uncured Ham Soup,soup broth bouillon,canned goods,692,0.5188,3,0.0323
49505,Hot Italian Sausage,hot dogs bacon sausage,meat seafood,719,0.5188,3,0.0323
14010,Organic Mango Yogurt,missing,missing,1675,0.5684,7,0.0323
21351,Nutri-Grain Soft Baked Strawberry Cereal Breakfast Bars,breakfast bars pastries,breakfast,2353,0.5784,8,0.0323
5386,Strawberry,yogurt,dairy eggs,611,0.5352,2,0.0323
35989,Coconut Flavored Sparkling Water,water seltzer sparkling water,beverages,2967,0.5784,8,0.0323
12324,Indian Paneer Tikka,frozen meals,frozen,2559,0.5784,8,0.0322
11865,Light & Lean Spaghetti Italiano with Meatless Meatballs,frozen meals,frozen,2419,0.5783,8,0.0322
44728,Creamy Natural Peanut Butter And Flaxseed,spreads,pantry,2298,0.5783,8,0.0322
11481,Organic Quinoa & Brown Rice With Garlic,grains rice dried goods,dry goods pasta,4401,0.6087,9,0.0322
9387,Granny Smith Apples,fresh fruits,produce,36187,0.6504,10,0.0322
47005,Lightly Toasted Creamy Almond Butter,spreads,pantry,615,0.535,2,0.032
34503,Grape-Nuts Cereal,cereal,breakfast,1998,0.5681,7,0.032
32773,VEGET TOMATO BASIL,fruit vegetable snacks,snacks,587,0.5349,2,0.032
4597,"Organic Tempeh, Garden Veggie",tofu meat alternatives,deli,575,0.52,1,0.0319
2611,Gluten Free SpongeBob Spinach Littles,baby food formula,babies,7083,0.6501,10,0.0319
46642,Mild Heat Level Lamb Saag with Basmati Rice,frozen meals,frozen,892,0.5325,4,0.0319
48527,Avocado,fresh fruits,produce,4354,0.6084,9,0.0319
26795,Snack Mix Original Recipe,chips pretzels,snacks,552,0.5199,1,0.0319
37197,Elderflower & Rose Lemonade,soft drinks,beverages,556,0.5198,1,0.0317
37859,Brownie,cookies cakes,snacks,621,0.5346,2,0.0317
41787,Bartlett Pears,fresh fruits,produce,35413,0.6499,10,0.0317
6341,Brown Eggs,eggs,dairy eggs,4063,0.6082,9,0.0317
22166,Miniatures Assortment Party Bag,candy chocolate,snacks,885,0.5322,4,0.0316
45009,Chocolate Chocolate Chip Ice Cream,ice cream ice,frozen,1405,0.5637,6,0.0316
15130,Fresh Cut Baby Carrots,packaged vegetables fruits,produce,1515,0.5637,6,0.0316
18243,Organic Stage 3 Zucchini Broccoli Medley Baby Food,baby food formula,babies,1241,0.5496,5,0.0315
34339,"Pizza, Rice Crust, Cheese",frozen pizza,frozen,981,0.5321,4,0.0315
22069,Sea Salt Caramel Frozen Greek Yogurt Bars,ice cream ice,frozen,1430,0.5636,6,0.0315
39977,Pumpkin & Spinach Stage 2 Baby Food,baby food formula,babies,2014,0.5675,7,0.0315
18770,Uncured Italian Dry Salami,lunch meat,deli,2074,0.5675,7,0.0315
12993,"Four Cheese Cannelloni with ricotta, mozzarella, Parmesan & Romano cheese. Four Cheese Cannelloni",frozen meals,frozen,564,0.5195,1,0.0314
15650,Crunchy Peanut Butter Granola,energy granola bars,snacks,1329,0.5636,6,0.0314
39035,Stage 1 Just Peaches Baby Food,baby food formula,babies,1112,0.5495,5,0.0314
10798,Organic Salted Individually Wrapped Quarters Butter,butter,dairy eggs,3537,0.6079,9,0.0314
43928,Creamy Swiss Original Wedges Cheese,packaged cheese,dairy eggs,2963,0.5775,8,0.0314
6236,BBQ Ranch Chopped Salad,packaged vegetables fruits,produce,707,0.5177,3,0.0312
13252,Baguette Sourdough,bread,bakery,2368,0.5773,8,0.0312
31041,Envirokidz Chocolate Koala Crisp,cereal,breakfast,1598,0.5632,6,0.0311
4847,Organic Low-Fat Medium Black Bean Chili,canned meals beans,canned goods,995,0.5317,4,0.0311
23005,93% Lean Ground Turkey,packaged poultry,meat seafood,995,0.5317,4,0.0311
26217,Broccoli Raab Bunch,fresh vegetables,produce,524,0.5191,1,0.031
31036,Crisp Hard Cider Crisp Apple,beers coolers,alcohol,678,0.5339,2,0.031
34243,Organic Baby Broccoli,fresh vegetables,produce,31792,0.6492,10,0.031
40064,Organic Chocolate Super Cookies,cookies cakes,snacks,775,0.5174,3,0.031
47156,Coconut Almond Unsweetened Creamer Blend,cream,dairy eggs,5054,0.6074,9,0.0309
38504,Belgian Endive,fresh vegetables,produce,1926,0.567,7,0.0309
5539,Organic SprouTofu Silken Tofu,tofu meat alternatives,deli,2428,0.577,8,0.0309
20930,Top Ramen Oriental Flavor,asian foods,international,501,0.519,1,0.0309
21914,Peanut Butter & Jelly Fruit & Nut Food Bar,energy granola bars,snacks,2598,0.577,8,0.0309
20985,Trail Mix Fruit & Nut Chewy Granola Bars,energy granola bars,snacks,1334,0.563,6,0.0308
16900,Original Whole Grain Chips,chips pretzels,snacks,1250,0.5488,5,0.0308
37940,Original Strawberry Low Fat Yogurt,yogurt,dairy eggs,4167,0.6072,9,0.0306
32935,Raw Mild Cheddar Cheese,packaged cheese,dairy eggs,2079,0.5666,7,0.0306
45977,Breakfast Honey Oat Gluten Free Non GMO 5 Super Grains Bar Packs,breakfast bakery,bakery,824,0.517,3,0.0305
46853,Power C Machine All Natural Fruit + Boost Juice Smoothie,refrigerated,beverages,932,0.5311,4,0.0305
26587,Ultra This Colby Jack,packaged cheese,dairy eggs,998,0.5311,4,0.0305
13083,Lowfat Small Curd Cottage Cheese,other creams cheeses,dairy eggs,7562,0.6485,10,0.0303
45692,Butter Snap Pretzels,chips pretzels,snacks,718,0.5167,3,0.0303
18376,Wild Skipjack Light Tuna,canned meat seafood,canned goods,1676,0.5662,7,0.0302
46575,Organic Finely Shredded Cheddar Cheese,packaged cheese,dairy eggs,3146,0.5763,8,0.0302
14633,Veggie Chips,chips pretzels,snacks,8377,0.6483,10,0.0301
389,Mache Blend,packaged vegetables fruits,produce,1687,0.5661,7,0.0301
32360,Creamy Deluxe Shells & Real Aged Cheddar Sauce,instant foods,dry goods pasta,4890,0.6065,9,0.03
23333,Beef Ravioli in Tomato & Meat Sauce,canned meals beans,canned goods,788,0.5165,3,0.03
6567,Chocolate Peanut Butter Protein Bar,energy granola bars,snacks,1425,0.5621,6,0.03
41658,Authentic French Brioche Hamburger Buns,buns rolls,bakery,10379,0.6481,10,0.0299
13976,100% Whole Wheat Flour Tortillas,tortillas flat bread,bakery,625,0.5328,2,0.0299
36856,Premium Chocolate Coconut Water,juice nectars,beverages,920,0.5304,4,0.0298
47738,Dark Chocolate Mocha Granola Bars,energy granola bars,snacks,642,0.5327,2,0.0298
9166,Cookie Dough Slow Churned Ice Cream,ice cream ice,frozen,533,0.5178,1,0.0298
5322,Gluten Free Dark Chocolate Chunk Chewy with a Crunch Granola Bars,energy granola bars,snacks,10701,0.648,10,0.0297
10603,93% Ground Beef,meat counter,meat seafood,7630,0.648,10,0.0297
35537,Sea Salt Garden Veggie Chips,chips pretzels,snacks,506,0.5178,1,0.0297
43115,French Onion Sour Cream Dip,fresh dips tapenades,deli,674,0.5326,2,0.0297
11432,Chopped Kale,packaged vegetables fruits,produce,773,0.5162,3,0.0297
48182,Gluten Free Spinach Cakes,frozen breakfast,frozen,775,0.5161,3,0.0297
12857,Mint Chocolate Chip High Protein Bar,energy granola bars,snacks,537,0.5177,1,0.0296
42193,Chocolate Chip Cookie,cookies cakes,snacks,3709,0.6061,9,0.0296
516,American Cheese Slices,packaged cheese,dairy eggs,1229,0.5476,5,0.0296
45083,Grassmilk Raw Sharp Cheddar Cheese,packaged cheese,dairy eggs,1019,0.5476,5,0.0295
29315,Signature Pepperoni Crispy Thin Crust Pizza,frozen pizza,frozen,1435,0.5617,6,0.0295
10108,Artisan Sausage Pineapple Uncured Bacon Hardwood Smoked with Vermont Maple Syrup,fresh fruits,produce,4794,0.606,9,0.0295
43014,Sliced Baby Bella Mushrooms,packaged vegetables fruits,produce,5453,0.6059,9,0.0294
48058,Organic Honey'd Corn Flakes Cereal Gluten Free,cereal,breakfast,1300,0.5615,6,0.0294
21170,Microwaveable Mac & Cheese,instant foods,dry goods pasta,822,0.5158,3,0.0294
3579,Home Style Beefless Tips,frozen vegan vegetarian,frozen,870,0.5299,4,0.0293
11447,Chorizo Seitan,tofu meat alternatives,deli,1122,0.5472,5,0.0292
46139,Italian Batard,bread,bakery,768,0.5156,3,0.0292
3874,Organic Stage 2 Pears Baby Food,baby food formula,babies,1356,0.5612,6,0.0291
46847,Quick Cooking Rolled Oats Irish Oatmeal,hot cereal pancake mixes,breakfast,2582,0.5751,8,0.029
17070,"Salad, Lettuce Trio",packaged vegetables fruits,produce,611,0.5319,2,0.029
29557,"Apples, Pumpkin & Carrots Organic Baby Food",baby food formula,babies,1629,0.5611,6,0.0289
10365,100% Orange Strawberry Banana Juice,refrigerated,beverages,501,0.517,1,0.0289
7156,Traditional Plain Greek Yogurt,yogurt,dairy eggs,8371,0.6471,10,0.0289
25069,Organic Aged Earl Grey Tea,tea,beverages,1344,0.561,6,0.0289
37511,Organic Cookies & Cream Ice Cream,ice cream ice,frozen,1656,0.561,6,0.0289
35682,Biscoff Cookie,cookies cakes,snacks,1353,0.561,6,0.0288
3583,Unsweetened Coconut Milk Beverage,milk,dairy eggs,7973,0.6469,10,0.0287
2322,All American Classic Made with Non-GMO Soy Veggie Burgers,frozen vegan vegetarian,frozen,759,0.5152,3,0.0287
2966,Pure Coconut Water,juice nectars,beverages,18183,0.6469,10,0.0286
21100,Peanut Chocolate Candy,candy chocolate,snacks,1655,0.5607,6,0.0286
14715,Coconut Water,juice nectars,beverages,8848,0.6468,10,0.0286
26312,Caesar Salad Kit,packaged vegetables fruits,produce,2021,0.5646,7,0.0285
2480,Organic 85% Cacao Dark Chocolate Bar,candy chocolate,snacks,5488,0.605,9,0.0285
49,Vegetarian Grain Meat Sausages Italian - 4 CT,tofu meat alternatives,deli,2308,0.5745,8,0.0284
7274,Cheese & Pepperoni Mini Bagels,frozen appetizers sides,frozen,1445,0.5606,6,0.0284
39201,Jumbo Beef Franks,hot dogs bacon sausage,meat seafood,687,0.5313,2,0.0284
23540,Orange,energy sports drinks,beverages,1504,0.5605,6,0.0284
43875,Baby Food Stage 2 Blueberry Pear & Purple Carrot,baby food formula,babies,8793,0.6465,10,0.0283
327,"Green Peas, Organic, Petite",frozen produce,frozen,715,0.5147,3,0.0282
5750,Total Plain Greek Strained Yogurt,yogurt,dairy eggs,5095,0.6047,9,0.0282
20632,Mache Rosettes French Salad Mix,packaged vegetables fruits,produce,6720,0.6464,10,0.0282
44536,Simple Favorites Five Cheese Rigatoni,frozen meals,frozen,1247,0.5461,5,0.0281
28378,Stage 2 Sweet Potato Corn & Apple Baby Food,baby food formula,babies,2808,0.5741,8,0.028
12674,Cocoa Noir Cold Brew Coffee With Almondmilk,refrigerated,beverages,1174,0.546,5,0.0279
29091,Lean & Fit Chicken Apple Sausage Egg White & Cheddar on Multi Grain Flatbread Breakfast Sandwich,frozen breakfast,frozen,948,0.5285,4,0.0279
15740,Pumpkin Fig Ancient Grain Granola,granola,breakfast,1967,0.5638,7,0.0278
14491,"Happy Baby Spinach, Mango, and Pear Baby Food",baby food formula,babies,3962,0.6042,9,0.0277
17183,Peach Yoghurt,yogurt,dairy eggs,3727,0.6042,9,0.0277
29589,Vanilla Chocolate Chip Ice Cream,ice cream ice,frozen,1028,0.5457,5,0.0277
38747,Kettle Cooked Sea Salt & Vinegar Potato Chips,chips pretzels,snacks,2285,0.5737,8,0.0276
43409,Frosted Mini-Wheats Original Cereal,cereal,breakfast,5560,0.6041,9,0.0276
38533,Creamy Deluxe Macaroni Dinner Elbows & Four Cheese Sauce,instant foods,dry goods pasta,2775,0.5737,8,0.0276
10292,Family Size Shells & White Cheddar Macaroni & Cheese,instant foods,dry goods pasta,1698,0.5636,7,0.0276
39698,Garlic Mashed Potatoes,prepared meals,deli,514,0.5156,1,0.0275
24563,Natural Pepper Jack Cheese,packaged cheese,dairy eggs,547,0.5155,1,0.0275
2960,Naturally Smoked Sliced Bacon,hot dogs bacon sausage,meat seafood,549,0.5155,1,0.0274
49144,Baked Cheese Ravioli,frozen meals,frozen,1741,0.5635,7,0.0274
9604,Hibiscus Organic Raw Kombucha,refrigerated,beverages,1605,0.5595,6,0.0274
29622,Spaghetti Brown Rice Pasta,dry pasta,dry goods pasta,1082,0.5453,5,0.0272
15123,Gluten Free Fudge Covered Pretzels,candy chocolate,snacks,1366,0.5593,6,0.0272
27629,Trusted Care 2-Ply Tissues,paper goods,household,1654,0.5593,6,0.0271
44426,Happy Bellies Organic Oatmeal Baby Cereal,baby food formula,babies,957,0.5277,4,0.0271
35512,Apple & Apricot Fruit Bar,energy granola bars,snacks,1402,0.5592,6,0.0271
12572,6 OZ LA PANZANELLA CROSTINI ORIGINAL CRACKERS,crackers,snacks,5388,0.6036,9,0.0271
34217,Pesto Tortellini  Bowls,frozen meals,frozen,8391,0.6452,10,0.027
33195,7 Sprouted Grains Bread,bread,bakery,2222,0.563,7,0.027
2664,First Prunes,baby food formula,babies,2962,0.5729,8,0.0268
12914,Corn Tortilla Chips,chips pretzels,snacks,2823,0.5728,8,0.0267
19627,Butternut Squash Pear Stage 2 Baby Food,baby food formula,babies,1573,0.5588,6,0.0267
13070,Impressions Napkins,paper goods,household,994,0.5272,4,0.0266
41549,Burrata Mozzarela Cheese,packaged cheese,dairy eggs,1256,0.5446,5,0.0265
34134,Spinach Peas & Pear Stage 2 Baby Food,baby food formula,babies,8035,0.6447,10,0.0264
33065,Cabernet Sauvignon,red wines,alcohol,6115,0.6029,9,0.0264
11679,Deli Fresh Rotisserie Seasoned Chicken Breast,lunch meat,deli,2226,0.5624,7,0.0264
5451,Organic Zucchini Spirals,fresh vegetables,produce,4953,0.6029,9,0.0264
26521,Organic Grass-Fed Classic Mild Cheddar Macaroni & Cheese,instant foods,dry goods pasta,1660,0.5584,6,0.0263
6414,Clean Care Big Roll Toilet Paper,paper goods,household,1060,0.5443,5,0.0263
12576,Kiwi Sandia Sparkling Water,water seltzer sparkling water,beverages,9148,0.6445,10,0.0263
21479,Organic Turkish Figs,nuts seeds dried fruit,snacks,1677,0.5623,7,0.0263
38033,Ground Coffee Dark Roast,coffee,beverages,1327,0.5584,6,0.0263
23576,Sweet Greens and Lemon Vegetable and Fruit Juice Blend,refrigerated,beverages,2111,0.5623,7,0.0263
48068,Fine Hazelnut Chocolates,candy chocolate,snacks,525,0.5143,1,0.0262
14063,Triscuit Original Baked Whole Grain Wheat Crackers,crackers,snacks,1759,0.5623,7,0.0262
128,Organic Wild Blueberries,frozen produce,frozen,1108,0.5442,5,0.0262
10221,All Natural New England Style Clam Chowder Soup,soup broth bouillon,canned goods,622,0.5289,2,0.026
6719,Mini Babybel White Cheddar Cheese,packaged cheese,dairy eggs,1055,0.5441,5,0.026
3055,Original Chai Tea Latte,tea,beverages,761,0.5125,3,0.026
43195,Cheerios Family Size Cereal,cereal,breakfast,533,0.5141,1,0.026
3060,Pepper Jack Cheese Slices,packaged cheese,dairy eggs,574,0.5139,1,0.0259
21449,Teriyaki Chick'n Strips,frozen vegan vegetarian,frozen,643,0.5288,2,0.0259
13598,Soy & Dairy Free Plain Unsweetened Almond Milk Yogurt,missing,missing,1005,0.5264,4,0.0258
42380,Organic Baby Foods Whole Grain Multi-Grain Cereal,baby food formula,babies,1287,0.5579,6,0.0257
26634,"Cookies, Chocolate Chip Walnut",cookies cakes,snacks,3698,0.6022,9,0.0257
35286,Cocktail Peanuts,nuts seeds dried fruit,snacks,822,0.5122,3,0.0257
13378,Stir Fry Vegetables,frozen produce,frozen,1177,0.5438,5,0.0257
47570,Original Flavor Macaroni & Cheese Dinner,instant foods,dry goods pasta,1839,0.5617,7,0.0257
34492,Cheeseburger Sliders,frozen appetizers sides,frozen,551,0.5136,1,0.0256
33352,Organic Kale Greens,packaged vegetables fruits,produce,6942,0.6438,10,0.0255
15906,Midnight Moon,specialty cheeses,dairy eggs,2290,0.5716,8,0.0255
5128,Paper Towel,paper goods,household,1194,0.5436,5,0.0255
16570,Organic Fresh Carrot Chips,packaged vegetables fruits,produce,3375,0.5716,8,0.0255
40228,Top Sliced Hot Dog Buns,buns rolls,bakery,520,0.5135,1,0.0254
3599,Baked Aged White Cheddar Rice and Corn Puffs,popcorn jerky,snacks,13691,0.6436,10,0.0254
23204,Cantina Traditional Tortilla Chips,chips pretzels,snacks,1002,0.5259,4,0.0253
23630,Multi-Seed Original Crackers,crackers,snacks,3594,0.6018,9,0.0253
544,Classic Original Hummus,fresh dips tapenades,deli,561,0.5134,1,0.0253
12953,Organic Just Tart Cherry Juice,juice nectars,beverages,907,0.5259,4,0.0253
6173,Pitted Castelvetrano Olives,pickled goods olives,pantry,526,0.5133,1,0.0253
10212,Everything Inside Bagels,breakfast bakery,bakery,1259,0.5433,5,0.0252
30958,Honey Mustard and Onion Pretzels Pieces,chips pretzels,snacks,1613,0.5573,6,0.0252
37709,Dairy Free Semi Sweet Baking Chips,baking ingredients,pantry,676,0.5281,2,0.0252
33857,Wild Albacore Tuna in Extra Virgin Olive Oil,canned meat seafood,canned goods,700,0.5114,3,0.025
35242,Cornmeal Crust 3 Cheese Pizza,frozen pizza,frozen,999,0.5255,4,0.0249
20542,Lime Ginger Lemon Agave,refrigerated,beverages,1879,0.5609,7,0.0249
21385,Butter Lettuce,packaged produce,produce,2241,0.5609,7,0.0249
11777,Red Raspberries,packaged vegetables fruits,produce,26220,0.643,10,0.0248
39577,Organic Garlic Dill Pickle Kraut,pickled goods olives,pantry,597,0.5276,2,0.0247
38293,Ground Turkey Breast,poultry counter,meat seafood,26721,0.6429,10,0.0247
20158,Tofu Firm,tofu meat alternatives,deli,511,0.5127,1,0.0247
28358,Chocolate Chip Vegan Cookie Dough,doughs gelatins bake mixes,pantry,1113,0.5427,5,0.0246
12630,Pineapple Orange 100% Juice,refrigerated,beverages,874,0.5252,4,0.0246
18150,Oatmeal Raisin Cookies,cookies cakes,snacks,1948,0.5606,7,0.0245
18840,Intense Dark Chocolate with Sea Salt & Roasted Almonds,candy chocolate,snacks,935,0.5251,4,0.0245
21841,"Tortillas, Brown Rice",tortillas flat bread,bakery,4451,0.601,9,0.0245
40031,"Olives, Spanish, Manzanilla",pickled goods olives,pantry,977,0.5251,4,0.0245
9007,Frosted Flakes,cereal,breakfast,2622,0.5706,8,0.0245
4799,Shredded Parmesan,packaged cheese,dairy eggs,36365,0.6427,10,0.0244
33452,Fruit Punch Sports Drink,energy sports drinks,beverages,5219,0.6009,9,0.0244
44845,Raw Cashew Nut Butter,spreads,pantry,679,0.5272,2,0.0243
15592,Organic Baby Romaine Lettuce,packaged vegetables fruits,produce,4476,0.6008,9,0.0243
15686,Classic Pretzel Crackers,chips pretzels,snacks,701,0.5107,3,0.0242
26055,Original Fruit Chews,candy chocolate,snacks,1171,0.5423,5,0.0242
32033,Original Almond Breeze Almond Milk,soy lactosefree,dairy eggs,1287,0.5563,6,0.0242
43101,Shelled & Dry Roasted Organic Pistachios,nuts seeds dried fruit,snacks,968,0.5248,4,0.0242
21125,Organic Coconut Chia Granola,cereal,breakfast,1810,0.5602,7,0.0242
5737,Reduced Sugar Tomato Ketchup,condiments,pantry,683,0.5271,2,0.0242
33314,Organic Baked Beans,canned meals beans,canned goods,535,0.5121,1,0.0241
47780,Fresh Frozen Wild Blueberries,frozen produce,frozen,2454,0.5701,8,0.024
35530,Natural Mini Pork Pepperoni,lunch meat,deli,2433,0.5701,8,0.024
27104,Fresh Cauliflower,fresh vegetables,produce,71584,0.6422,10,0.0239
16641,Strawberry Fruit Bars,ice cream ice,frozen,978,0.5245,4,0.0239
3397,Organic Lightly Salted Sea Salt Thin & Crispy Restaurant Style Tortilla Chips,chips pretzels,snacks,4334,0.6004,9,0.0239
13765,Mango Chia Bar,energy granola bars,snacks,510,0.5118,1,0.0237
7825,Strawberry Candy Twists,candy chocolate,snacks,837,0.5102,3,0.0237
31392,Rosemary Crostini,crackers,snacks,512,0.5117,1,0.0237
41665,Organic Mexican Blend Finely Shredded Cheese,packaged cheese,dairy eggs,18367,0.6419,10,0.0236
9796,Gluten Free Tapioca Pudding,refrigerated pudding desserts,dairy eggs,889,0.5242,4,0.0236
31610,Meatloaf and Mashed Potatoes,frozen meals,frozen,1314,0.5556,6,0.0234
22713,Ground Chicken Breast,poultry counter,meat seafood,3115,0.5695,8,0.0234
28836,Grapefruit Juice,refrigerated,beverages,4981,0.5999,9,0.0234
13951,Mixed Fruit Snacks,fruit vegetable snacks,snacks,1208,0.5414,5,0.0233
30985,Sea Salt Snack Crackers,crackers,snacks,610,0.5262,2,0.0233
14086,Sparkling Apple Juice,juice nectars,beverages,2348,0.5694,8,0.0233
48450,Organic Brown Rice Pasta Spirals,dry pasta,dry goods pasta,2158,0.5593,7,0.0233
21067,Reduced Fat Sliced Provolone Cheese,packaged cheese,dairy eggs,720,0.5097,3,0.0233
46595,Original Chocolate Pudding Snacks,refrigerated pudding desserts,dairy eggs,1399,0.5554,6,0.0233
10314,Organic Breakfast Blend Whole Bean Coffee,coffee,beverages,1114,0.5413,5,0.0232
26369,Organic Roma Tomato,fresh vegetables,produce,29296,0.6414,10,0.0232
8654,Pasta Joy Ready Organic Brown Rice Pasta Penne,dry pasta,dry goods pasta,1610,0.5553,6,0.0231
33640,"Baked Beans, Vegetarian",canned meals beans,canned goods,581,0.5112,1,0.0231
24082,Organic Dark Sweet Cherries,frozen produce,frozen,7040,0.6413,10,0.0231
10106,Honey & Maple Turkey Breast,lunch meat,deli,5504,0.5996,9,0.0231
32923,Organic Triple Berry Blend,frozen produce,frozen,1719,0.559,7,0.023
32163,Hot Salsa,preserved dips spreads,pantry,1443,0.5551,6,0.023
9547,Turkey Franks,hot dogs bacon sausage,meat seafood,2129,0.5589,7,0.0229
29277,Raw Basil Pesto,pasta sauce,dry goods pasta,550,0.5109,1,0.0229
18625,Black Beans Refried Beans,canned meals beans,canned goods,2062,0.5587,7,0.0226
22969,"Sweeet Potato, Apple, Carrot & Cinnamon Organic Superfoods",baby food formula,babies,3448,0.5687,8,0.0226
25266,Cauliflower Crumbles Chopped Cauliflower,fresh vegetables,produce,885,0.5232,4,0.0226
1616,Simply Granola,granola,breakfast,1019,0.5231,4,0.0225
31181,Organic Garlic Hommus,fresh dips tapenades,deli,933,0.523,4,0.0224
40278,Special K Original,cereal,breakfast,912,0.523,4,0.0224
10673,Original Nooks & Crannies English Muffins,breakfast bakery,bakery,14973,0.6406,10,0.0223
16249,Lacinato Kale Og,fresh vegetables,produce,5740,0.5988,9,0.0223
48823,Navel Oranges,fresh fruits,produce,874,0.5229,4,0.0223
32888,Simply Clean Baby Wipes,diapers wipes,babies,582,0.5103,1,0.0223
2043,Organic Cookies 'n Cream Ice Cream,ice cream ice,frozen,943,0.5228,4,0.0222
13911,Lager,beers coolers,alcohol,880,0.5227,4,0.0221
27061,Sweet Potato Apple Stage 2 Baby Food,baby food formula,babies,1420,0.5542,6,0.0221
17794,Carrots,fresh vegetables,produce,72736,0.6403,10,0.0221
43886,Hot Dog Buns Enriched 8 Count,buns rolls,bakery,1375,0.5542,6,0.022
35652,Prosciutto Di Parma,lunch meat,deli,4266,0.5985,9,0.022
22933,Protein Bar Chocolate Peanut Butter,energy granola bars,snacks,865,0.5225,4,0.0219
11950,Madagascar Vanilla Ice Cream,ice cream ice,frozen,686,0.5248,2,0.0219
43814,Nuts & Spices Dark Chocolate Nuts & Sea Salt Snack Bars,energy granola bars,snacks,1028,0.5399,5,0.0218
49496,Puffs Simply White Cheddar Cheese Flavored Snacks,chips pretzels,snacks,1455,0.554,6,0.0218
9339,Organic Chicken & Apple Sausage,hot dogs bacon sausage,meat seafood,12992,0.64,10,0.0218
23029,Organic Uncured Sliced Black Forest Ham,lunch meat,deli,11747,0.64,10,0.0218
29397,Chickpeas! Penne Pasta,dry pasta,dry goods pasta,793,0.5082,3,0.0217
17628,Lemon Bag,missing,missing,652,0.5245,2,0.0216
25020,Organic Banana Chips,fruit vegetable snacks,snacks,1223,0.5397,5,0.0216
34969,Red Vine Tomato,fresh vegetables,produce,54409,0.6398,10,0.0216
8174,Organic Navel Orange,fresh fruits,produce,42721,0.6398,10,0.0215
46984,Organic Coconut Spread,soy lactosefree,dairy eggs,1416,0.5537,6,0.0215
40531,Spinach & Ricotta Ravioli,fresh pasta,dry goods pasta,675,0.5244,2,0.0215
7854,Freeze Dried Mango Slices,nuts seeds dried fruit,snacks,994,0.5221,4,0.0215
47937,White Wine and Balsamic Vinegar Flavored Beets,packaged vegetables fruits,produce,524,0.5095,1,0.0215
9080,Brioche Slider Buns,buns rolls,bakery,1088,0.5395,5,0.0215
35577,Multi Seed English Muffin,frozen breads doughs,frozen,595,0.5244,2,0.0215
6402,Sprouted Whole Grain & Seed English Muffins,breakfast bakery,bakery,526,0.5095,1,0.0215
42735,Tomato Basil Soup,prepared soups salads,deli,975,0.5221,4,0.0214
21777,Maple Quinoa Cluster With Chia Seeds,granola,breakfast,3199,0.5674,8,0.0213
25753,Organic Homestyle Waffles,frozen breakfast,frozen,8653,0.6394,10,0.0212
46257,"Protein Bar, High, Cookies & Cream",energy granola bars,snacks,941,0.5218,4,0.0212
27548,Original Semisoft Cheese,packaged cheese,dairy eggs,10990,0.6394,10,0.0212
21868,"Bathroom Tissue, Unscented, Double Rolls, 3-Ply",paper goods,household,1332,0.5533,6,0.0212
33540,Whole Grain Organic Blueberry Waffles,frozen breakfast,frozen,1845,0.5572,7,0.0211
36554,Vegan Aged White Cheddar  Popcorn,popcorn jerky,snacks,1682,0.5571,7,0.021
2780,Diced Red Onions,fresh vegetables,produce,1727,0.557,7,0.021
3996,Diced Pears In Light Syrup Fruit Cups,canned fruit applesauce,canned goods,670,0.5239,2,0.021
5031,Medium Salsa Roja,fresh dips tapenades,deli,6141,0.5975,9,0.021
19213,Turkey Pot Pie,frozen meals,frozen,1490,0.553,6,0.0209
210,Homemade Hot Arrabbiata Fra Diavolo Sauce,pasta sauce,dry goods pasta,4552,0.5973,9,0.0208
43086,Super Greens Salad,packaged vegetables fruits,produce,15298,0.639,10,0.0208
44116,Goodness Grapeness Organic Juice Drink,juice nectars,beverages,4735,0.5973,9,0.0208
32701,Roasted Seaweed Snacks Wasabi,fruit vegetable snacks,snacks,763,0.5072,3,0.0207
32347,European Style Unsalted Butter,butter,dairy eggs,2604,0.5668,8,0.0207
47026,Blueberry Passion Fruit Sorbetto,ice cream ice,frozen,572,0.5087,1,0.0207
38248,Vegetable Turkey Dinner Stage 2,baby food formula,babies,1737,0.5567,7,0.0207
43210,Rolled Oats,bulk grains rice dried goods,bulk,1364,0.5528,6,0.0206
7870,Cinnamon Raisin Sprouted Whole Grain Cereal,cereal,breakfast,582,0.5086,1,0.0205
20345,Thin Crust Pepperoni Pizza,frozen pizza,frozen,10386,0.6386,10,0.0204
8920,Reduced Fat Sliced Swiss Cheese,packaged cheese,dairy eggs,1361,0.5525,6,0.0204
14643,Organic Light In Sodium Traditional Refried Beans,canned meals beans,canned goods,1224,0.5384,5,0.0203
8022,Spinach Pizza,frozen pizza,frozen,5112,0.5968,9,0.0203
44825,Brown Rice Crisps,cereal,breakfast,604,0.5232,2,0.0203
22108,Sugar Free Chocolate Vanilla Swirls Pudding,refrigerated pudding desserts,dairy eggs,1298,0.5524,6,0.0203
34993,Mango Yoghurt,yogurt,dairy eggs,4032,0.5967,9,0.0202
10369,Organic Genoa Salami,lunch meat,deli,5797,0.5967,9,0.0202
43735,Tomato Kumato,fresh vegetables,produce,4344,0.5967,9,0.0202
21070,Lightly Sweet Popcorn,popcorn jerky,snacks,2978,0.5662,8,0.02
19415,Roasted Tomato Salsa Serrano-Tomatillo,preserved dips spreads,pantry,557,0.5081,1,0.02
207,Minis Candy Bars,candy chocolate,snacks,849,0.5206,4,0.02
40600,Cheese Stuffed Crust Pepperoni Pizza,frozen pizza,frozen,782,0.5064,3,0.0199
33394,Outshine Creamy Coconut Fruit Bars,ice cream ice,frozen,901,0.5205,4,0.0199
35547,Organic Baby Kale,fresh vegetables,produce,18358,0.6381,10,0.0199
19006,Dark Chocolate Pretzels with Sea Salt,chips pretzels,snacks,8080,0.6381,10,0.0199
30035,Natural Sweetener,baking ingredients,pantry,569,0.5079,1,0.0199
6470,Simple Favorites Fettuccini Alfredo,frozen meals,frozen,506,0.5079,1,0.0199
23848,"Pupusas, Pinto Bean & Cheese",frozen meals,frozen,1366,0.552,6,0.0198
8717,Ezekiel 4:9 Original Sprouted Grain Crunchy Cereal,cereal,breakfast,508,0.5079,1,0.0198
23785,Baby Kale Mix,packaged vegetables fruits,produce,1290,0.5519,6,0.0198
33862,All One Hemp Peppermint Castile Soap Bar,soap,personal care,1084,0.5378,5,0.0198
15995,Organic Cinnamon Apple Sauce,canned fruit applesauce,canned goods,4391,0.5962,9,0.0197
2390,Pita Crisps Simply Naked,chips pretzels,snacks,1760,0.5557,7,0.0196
30016,Lighty Breaded Fishies,frozen meat seafood,frozen,1181,0.5377,5,0.0196
5883,Organic Strawberry Lemonade,juice nectars,beverages,2565,0.5657,8,0.0196
46331,Dark Chocolate Sea Salt Caramels,candy chocolate,snacks,1296,0.5517,6,0.0196
32943,Soybeans in Pods Edamame,frozen produce,frozen,601,0.5225,2,0.0196
17021,Baked Mini Beef Meatballs,frozen meat seafood,frozen,2346,0.5656,8,0.0195
34430,Sea Salt & Vinegar Kettle Cooked Potato Chips,chips pretzels,snacks,873,0.52,4,0.0194
29487,Roma Tomato,fresh vegetables,produce,40212,0.6377,10,0.0194
34635,Shredded Beef Burrito,frozen meals,frozen,1833,0.5554,7,0.0193
48878,Kale & Sea Salt Popcorn,crackers,snacks,779,0.5058,3,0.0193
5314,"Supremely Spicy Hummus, Family Size",fresh dips tapenades,deli,546,0.5073,1,0.0193
4700,100% Whole Wheat 8 Hot Dog Rolls,buns rolls,bakery,548,0.5073,1,0.0192
40310,Oven Roasted Turkey Breast,lunch meat,deli,20069,0.6374,10,0.0192
9480,Spinach Tortillas 8 Count,frozen breads doughs,frozen,811,0.5055,3,0.0191
46476,Solid White AlbacoreTuna  in Water,canned meat seafood,canned goods,813,0.5055,3,0.0191
23715,Thin Sliced Provolone Cheese,packaged cheese,dairy eggs,592,0.522,2,0.019
9515,Natural Classic Pork Breakfast Sausage,frozen breakfast,frozen,8162,0.6372,10,0.019
12811,Milano Dark Chocolate Cookies,cookies cakes,snacks,1121,0.537,5,0.019
34013,Microwaveable Whole Grain Brown Rice 2 ct,instant foods,dry goods pasta,1164,0.5369,5,0.0189
37630,Boneless & Skinless Wild Alaskan Sockeye Salmon,canned meat seafood,canned goods,1125,0.5369,5,0.0188
47992,Chocolate Chip Mini Muffins,breakfast bakery,bakery,513,0.5068,1,0.0188
1181,Mini Watermelon,fresh fruits,produce,3476,0.5952,9,0.0187
14680,Breakfast Sausage  Egg & Cheese,frozen appetizers sides,frozen,519,0.5067,1,0.0187
15680,Red Plastic Cups,plates bowls cups flatware,household,1574,0.5508,6,0.0187
36144,Smoked Turkey Breast,lunch meat,deli,2516,0.5648,8,0.0187
33468,White Pita,tortillas flat bread,bakery,1884,0.5547,7,0.0186
907,Premium Sliced Bacon,hot dogs bacon sausage,meat seafood,2025,0.5546,7,0.0185
25535,Organic  Creamy Peanut Butter Hint of Sea Salt,spreads,pantry,535,0.5065,1,0.0185
40145,"Pumpkin, Sweet Potato and Pear Fruit and Veggie Blend",baby food formula,babies,711,0.5049,3,0.0185
3020,Broccoli & Apple Stage 2 Baby Food,baby food formula,babies,6837,0.6367,10,0.0185
1467,Mozzarella Ciliegine Fresh,packaged cheese,dairy eggs,842,0.519,4,0.0184
21846,Blend Blueboon Coffee,coffee,beverages,1029,0.5364,5,0.0184
36076,Everything Deli Style Pretzel Crisps Crackers,chips pretzels,snacks,4892,0.5948,9,0.0183
40878,Macaroni And Cheese,instant foods,dry goods pasta,2598,0.5643,8,0.0182
5782,Grade A Large White Eggs,eggs,dairy eggs,12441,0.6364,10,0.0181
40299,Soft Taco Flour Tortillas,tortillas flat bread,bakery,666,0.521,2,0.0181
24737,Organic Micro Broccoli Sprouts,fresh vegetables,produce,767,0.5046,3,0.0181
36961,Pink Cripps Apple,fresh fruits,produce,1365,0.5502,6,0.018
8707,Cheddar & Sour Cream Potato Chips,chips pretzels,snacks,1136,0.5361,5,0.018
18072,Organic Gluten Free Elbow Pasta,dry pasta,dry goods pasta,783,0.5045,3,0.018
12078,Shredded Mexican Blend Cheese,packaged cheese,dairy eggs,3785,0.5945,9,0.018
14378,Finocchiona Salami,lunch meat,deli,624,0.5208,2,0.0179
32684,Grade A Organic Large Brown Eggs,eggs,dairy eggs,2244,0.5539,7,0.0179
36724,Organic Sea Salt Roasted Seaweed Snacks,asian foods,international,10345,0.6361,10,0.0178
17957,Organic Applesauce,canned fruit applesauce,canned goods,1402,0.5499,6,0.0178
10849,Hickory Smoked Ham,lunch meat,deli,1215,0.5358,5,0.0178
10527,Whipped Butter,butter,dairy eggs,2115,0.5537,7,0.0176
40287,Original Potato Crisps,chips pretzels,snacks,2247,0.5536,7,0.0176
36914,Organic Gravenstein Apple Juice,juice nectars,beverages,1068,0.5356,5,0.0175
37449,Natural Muenster Cheese,packaged cheese,dairy eggs,2278,0.5536,7,0.0175
12383,Organic Elbows & Creamy Mild Cheddar Sauce Creamy Deluxe Macaroni Dinner,instant foods,dry goods pasta,588,0.5204,2,0.0175
40659,"Fries, Broccoli",chips pretzels,snacks,764,0.5039,3,0.0175
10793,Naked Paleo Pizza Crust,frozen breads doughs,frozen,590,0.5203,2,0.0174
18499,Raw Virgin Coconut Oil,oils vinegars,pantry,548,0.5055,1,0.0174
42455,House Blend Instant Coffee,coffee,beverages,562,0.5053,1,0.0173
19711,Sorbet Pops Strawberry,ice cream ice,frozen,2927,0.5634,8,0.0173
13097,Fresh Cut Butternut Squash,packaged produce,produce,1147,0.5353,5,0.0173
38775,Blueberry Muffins,breakfast bakery,bakery,2478,0.5634,8,0.0173
39397,Chicken in a Biskit Baked Snack Crackers,crackers,snacks,568,0.5053,1,0.0172
33873,Chocolate Flavored Dairy Free Coconut Milk Frozen Dessert,ice cream ice,frozen,848,0.5177,4,0.0171
42282,Bag of Jumbo Yellow Onions,packaged produce,produce,3175,0.5631,8,0.017
19080,All Natural Four Cheese Ravioli,fresh pasta,dry goods pasta,723,0.5035,3,0.017
39301,Extra Firm Tofu,tofu meat alternatives,deli,1127,0.535,5,0.017
260,Cantaloupe,fresh fruits,produce,23900,0.6352,10,0.017
10343,Teriyaki Chicken Bowl,frozen meals,frozen,2696,0.5631,8,0.017
33399,Red Lentil Dahl Soup,prepared soups salads,deli,505,0.505,1,0.0169
44925,Natural Provolone Cheese Slices,packaged cheese,dairy eggs,763,0.5033,3,0.0168
35536,Carrot Cake,energy granola bars,snacks,583,0.5197,2,0.0168
3081,"Organic Creamies Strawberry, Raspberry & Carrot Freeze-Dried Fruit Snacks",baby food formula,babies,949,0.5174,4,0.0168
19863,Classic Potato Chips,chips pretzels,snacks,4988,0.5932,9,0.0167
9058,Gluten Free Pizza Crust,tortillas flat bread,bakery,2770,0.5628,8,0.0167
5725,Black Pearls Medium Pitted Ripe Olives,pickled goods olives,pantry,527,0.5047,1,0.0167
8743,Fully Cooked Turkey Sausage Patties,hot dogs bacon sausage,meat seafood,589,0.5195,2,0.0166
24294,Solid White Albacore Tuna in Water,canned meat seafood,canned goods,589,0.5195,2,0.0166
6317,Vanilla Sandwich Creme Cookies,cookies cakes,snacks,1996,0.5526,7,0.0166
12240,Vanilla Protein Almond Milk,soy lactosefree,dairy eggs,549,0.5046,1,0.0165
45221,Indian Mattar Paneer,frozen meals,frozen,1389,0.5486,6,0.0165
5646,Organic Turkey Bacon,hot dogs bacon sausage,meat seafood,15302,0.6347,10,0.0165
21131,Lemon-Lime Fridge Pack Soda,soft drinks,beverages,2784,0.5625,8,0.0164
25471,Soft French-Style Herb-Garlic Nut Cheese,packaged cheese,dairy eggs,712,0.5028,3,0.0164
6201,Bite Size Tortilla Chips,chips pretzels,snacks,2095,0.5523,7,0.0162
28155,Premium Lager Beer,beers coolers,alcohol,1211,0.5343,5,0.0162
2452,Naturals Chicken Nuggets,frozen appetizers sides,frozen,10462,0.6344,10,0.0162
26768,Organic Thompson Raisins,nuts seeds dried fruit,snacks,2206,0.5521,7,0.0161
31086,Whole Wheat Pita,tortillas flat bread,bakery,607,0.5189,2,0.016
25146,Original Orange Juice,refrigerated,beverages,24918,0.6342,10,0.016
48645,Unsweetened Coconutmilk,soy lactosefree,dairy eggs,1045,0.534,5,0.0159
5684,Gluten Free Multi Seed Rice Thin Crackers,crackers,snacks,2872,0.562,8,0.0159
30122,Chicken Free Strips Grilled,frozen vegan vegetarian,frozen,1255,0.5339,5,0.0158
33756,Crispy Chicken Strips 100% All Natural Fully Cooked,frozen appetizers sides,frozen,1049,0.5338,5,0.0158
17704,Lemons,packaged vegetables fruits,produce,2360,0.5619,8,0.0158
5578,Okra,fresh vegetables,produce,2490,0.5618,8,0.0157
47591,Prosciutto di San Daniele,lunch meat,deli,2369,0.5618,8,0.0157
14979,Mozzarella Ciliegine,packaged cheese,dairy eggs,1036,0.5338,5,0.0157
486,Lowfat Raspberry Kefir Probiotic Cultured Milk Smoothie,yogurt,dairy eggs,1729,0.5518,7,0.0157
2280,Ultra Downy Free & Gentle Liquid Fabric Conditioner 51 FL oz. Fabric Enhancers,laundry,household,530,0.5038,1,0.0157
38473,Dark Coconut Toffee Organic Chocolate,candy chocolate,snacks,1156,0.5337,5,0.0157
27044,Maple Almond Butter,spreads,pantry,2898,0.5618,8,0.0157
9284,All Natural Classic Guacamole Snack,fresh dips tapenades,deli,1068,0.5337,5,0.0157
19503,Udon Soup Bowl,asian foods,international,1017,0.5162,4,0.0156
35347,French Roast Single Serve Coffee K-Cups,coffee,beverages,552,0.5036,1,0.0156
46688,Medium Spicy Kimchi,asian foods,international,751,0.502,3,0.0155
17080,Clementina Sparkling Beverage,water seltzer sparkling water,beverages,1353,0.5477,6,0.0155
34995,Strawberry Thumbprint Cookies,cookies cakes,snacks,558,0.5036,1,0.0155
44035,Organic Chickpeas Ready To Eat,fruit vegetable snacks,snacks,839,0.5161,4,0.0155
42118,Kid Z Bar Organic Honey Graham Energy Snack,energy granola bars,snacks,773,0.5019,3,0.0155
49544,Cabernet Sauvignon Wine,red wines,alcohol,1835,0.5515,7,0.0155
4565,Baked Snack Crackers Original,crackers,snacks,2924,0.5616,8,0.0155
36393,Eggo Buttermilk Waffles,frozen breakfast,frozen,2447,0.5615,8,0.0154
47848,Gummy Worms Made with Organic Fruit Juice,candy chocolate,snacks,827,0.5018,3,0.0154
28281,Variety Pack Ice Cream Bars,ice cream ice,frozen,604,0.5182,2,0.0153
46515,Cheez-It Packs,chips pretzels,snacks,1035,0.5333,5,0.0153
33950,Natural California Raisins Mini Snack Boxes,nuts seeds dried fruit,snacks,1716,0.5513,7,0.0152
7407,Freshmates Double Pack Adult Flushable Wipes,paper goods,household,884,0.5158,4,0.0152
24184,Red Peppers,fresh vegetables,produce,55280,0.6334,10,0.0151
48071,Fresh Romaine Lettuce head,packaged vegetables fruits,produce,1358,0.5471,6,0.015
48935,Organic Pecans,nuts seeds dried fruit,snacks,616,0.5179,2,0.0149
21910,Coconut Almond Creamer Blend,cream,dairy eggs,2387,0.561,8,0.0149
20583,Sourdough Baguette,bread,bakery,6019,0.5913,9,0.0148
33257,Original Recipe Chocolate Pudding,refrigerated pudding desserts,dairy eggs,1143,0.5328,5,0.0148
43026,Deli Fresh Honey Shaved Smoked Ham,lunch meat,deli,914,0.5153,4,0.0147
4149,Frozen Organic Blueberries,fresh fruits,produce,6423,0.5912,9,0.0147
28016,White Meat Fun Nuggets,frozen appetizers sides,frozen,955,0.5152,4,0.0146
49191,Cran Raspberry Sparkling Water,water seltzer sparkling water,beverages,10365,0.6328,10,0.0146
3947,Outshine Fruit Bars Pineapple,ice cream ice,frozen,659,0.5175,2,0.0145
38318,Original Flavor Instant Oatmeal,hot cereal pancake mixes,breakfast,1898,0.5506,7,0.0145
39719,"Freshly Made. Filled with Creamy Ricotta, Aged Parmesan and Romano Cheeses Three Cheese Tortellini",fresh pasta,dry goods pasta,2931,0.5606,8,0.0145
48747,Oh My Yog! Gingered Pear Trilayer Yogurt,yogurt,dairy eggs,1753,0.5505,7,0.0144
7308,Organic Hazelnut Spread,spreads,pantry,2249,0.5505,7,0.0144
27847,Fair Trade Dark Chocolate Cookies,cookies cakes,snacks,899,0.515,4,0.0144
8192,Ginger Ale Jamaican Style,soft drinks,beverages,1332,0.5465,6,0.0144
12013,Pinot Noir,red wines,alcohol,3977,0.5909,9,0.0144
48795,Organic Turkey Hot Dogs,hot dogs bacon sausage,meat seafood,4023,0.5909,9,0.0144
15739,G Series Fruit Punch Sports Drink,energy sports drinks,beverages,609,0.5172,2,0.0143
18140,Organic Fresh Pressed Pure Cranberry Juice,juice nectars,beverages,1189,0.5324,5,0.0143
47792,Organic Beans & Rice Cheddar Cheese Burrito,frozen meals,frozen,7979,0.6325,10,0.0143
15527,Teriyaki Veggie Burgers,tofu meat alternatives,deli,940,0.5149,4,0.0143
26429,Green Grapes,fresh fruits,produce,731,0.5007,3,0.0142
38416,Garden Vegetable Cream Cheese Spread,other creams cheeses,dairy eggs,642,0.5171,2,0.0142
7788,"Deli Fresh Smoked Ham, 97% Fat Free, Gluten Free",lunch meat,deli,739,0.5007,3,0.0142
44703,Minis Coconut Milk Non Dairy Frozen Dessert Fudge Bars,ice cream ice,frozen,584,0.5171,2,0.0142
26184,Cookies 'n Cream Low Fat Ice Cream Sandwiches,ice cream ice,frozen,823,0.5006,3,0.0141
40214,90 Calorie Chocolate Fudge Brownies,breakfast bars pastries,breakfast,1653,0.5463,6,0.0141
9067,100% Natural Crunchy Peanut Butter,spreads,pantry,646,0.517,2,0.0141
18851,Apple Cinnamon & Pecan Fruit & Nut Bar,energy granola bars,snacks,619,0.517,2,0.0141
42252,French Sandwich Rolls,buns rolls,bakery,1075,0.5321,5,0.014
449,Chips Ahoy! Chewy Cookies,cookies cakes,snacks,1527,0.5462,6,0.014
1392,Medium Salsa Organica,fresh dips tapenades,deli,958,0.5146,4,0.014
25613,Homestyle Popcorn,popcorn jerky,snacks,685,0.5168,2,0.0139
12440,California Lemonade,refrigerated,beverages,2104,0.5499,7,0.0139
36574,Fruit & Nut Trail Mix Chewy Granola Bars,energy granola bars,snacks,1306,0.5459,6,0.0138
3699,"Chard, Green, New England Grown",fresh vegetables,produce,544,0.5018,1,0.0138
25230,Chopped Onions,packaged vegetables fruits,produce,3656,0.5903,9,0.0138
37436,Kit Kat & Reese's Assorted Miniatures,candy chocolate,snacks,1134,0.5317,5,0.0137
26036,Organic Apples & Apricots,baby food formula,babies,580,0.5017,1,0.0137
40490,Frozen Breaded Bagged Chicken Nuggets,frozen appetizers sides,frozen,1992,0.5497,7,0.0137
42352,Swedish Meatballs,frozen meals,frozen,1972,0.5497,7,0.0137
40634,Indian Dal Golden Lentil Soups,soup broth bouillon,canned goods,1017,0.5143,4,0.0137
23410,Bathroom Tissue Double Rolls,paper goods,household,1872,0.5497,7,0.0136
1935,Whole Wheat Cookies Dark Chocolate,cookies cakes,snacks,2396,0.5597,8,0.0136
44262,Chocolate Coconut Almond Milk,soy lactosefree,dairy eggs,832,0.5,3,0.0135
45682,Organic Turkish Apricots,bulk grains rice dried goods,bulk,780,0.5,3,0.0135
39236,Beef Jalapeno Sea Salt Bone Broth,soup broth bouillon,canned goods,730,0.5,3,0.0135
35306,Gluten Free Organic Peanut Butter & Chocolate Cereal,cereal,breakfast,1078,0.5315,5,0.0135
23334,Protein Zone Double Berry Juice Smoothie,refrigerated,beverages,887,0.5141,4,0.0135
30106,Miniatures Candy Bars,candy chocolate,snacks,1338,0.5456,6,0.0135
31154,Frontier Whiskey,spirits,alcohol,1127,0.5315,5,0.0134
25469,Smokehouse Almonds Value Pack,nuts seeds dried fruit,snacks,612,0.5163,2,0.0134
15008,Chocolate Hazelnut Butter,spreads,pantry,2195,0.5494,7,0.0134
32156,Cranberry Juice Cocktail,juice nectars,beverages,4735,0.5899,9,0.0134
19173,Orange Calcium & Vitamin D Pulp Free,juice nectars,beverages,10390,0.6316,10,0.0133
38567,Hearty French Country Vegetable Soup,soup broth bouillon,canned goods,862,0.5139,4,0.0133
38647,Organic Raw Sharp Cheddar Cheese,packaged cheese,dairy eggs,4163,0.5897,9,0.0132
19370,Roasted Tomato Salsa,preserved dips spreads,pantry,4669,0.5896,9,0.0131
38985,Organic Stage 4 Spinach Mango & Pear Baby Food,baby food formula,babies,4011,0.5896,9,0.0131
10025,Freeze Dried Strawberry Slices,frozen produce,frozen,1220,0.5311,5,0.0131
21512,Homestyle Mashed Potatoes,prepared meals,deli,1062,0.5311,5,0.013
41338,Organic Black Pepper,crackers,snacks,1319,0.5451,6,0.013
13417,Strawberry Frozen Greek Yogurt Bars,ice cream ice,frozen,507,0.501,1,0.0129
29664,Tuna Chunk Light In Water,canned meat seafood,canned goods,525,0.501,1,0.0129
49667,Enchilada with Spanish Rice & Beans Meal,frozen meals,frozen,1611,0.545,6,0.0129
19250,"Fruit Spread, Organic, Strawberry",spreads,pantry,966,0.5135,4,0.0129
44359,Organic Small Bunch Celery,fresh vegetables,produce,68091,0.6311,10,0.0129
10991,Exotic Harvest Sea Salt Vegetable Chips,chips pretzels,snacks,711,0.4993,3,0.0128
16891,Fun Size Candy Bars,candy chocolate,snacks,571,0.5009,1,0.0128
34627,Premium Apple Cider,refrigerated,beverages,605,0.5157,2,0.0128
32553,"Country Stand Juice, Medium Pulp",juice nectars,beverages,3956,0.5892,9,0.0127
5250,Blueberry Muffin Bar,energy granola bars,snacks,5751,0.5891,9,0.0126
10121,Wild Sockeye Salmon,packaged seafood,meat seafood,2470,0.5587,8,0.0126
27241,Cultured Pasture Butter,butter,dairy eggs,4105,0.589,9,0.0125
25513,Boomchickapop Sea Salt Popcorn,popcorn jerky,snacks,9938,0.6307,10,0.0125
37385,Organic Red Kale,fresh vegetables,produce,879,0.5131,4,0.0125
43961,Organic Peeled Whole Baby Carrots,packaged vegetables fruits,produce,55371,0.6306,10,0.0124
29474,Bowls,plates bowls cups flatware,household,1088,0.5303,5,0.0123
46058,Multi Grain Cheerios,cereal,breakfast,1105,0.5303,5,0.0123
31444,Crystallized Ginger In Dark Chocolate  Bar,candy chocolate,snacks,1442,0.5444,6,0.0122
19578,Ultra Comfort Care Clean Ripple Bath Tissue,paper goods,household,897,0.5128,4,0.0122
24427,Snacks String Cheese Natural Mozzarella Cheese,packaged cheese,dairy eggs,3899,0.5886,9,0.0121
31487,Boomchickapop Sweet & Salty Kettle Corn,popcorn jerky,snacks,3049,0.5582,8,0.0121
19625,Organic Chicken & Vegetable Potstickers,frozen appetizers sides,frozen,2113,0.548,7,0.012
28931,Honey Bunches of Oats Honey Roasted Cereal,cereal,breakfast,3470,0.5885,9,0.012
16541,Grass Fed Angus Ground Beef 93/7,packaged meat,meat seafood,524,0.5,1,0.0119
39442,Hot Kid Toddler Mum-Mum Organic Rice Biscuit Strawberry,baby food formula,babies,536,0.5,1,0.0119
46855,Organic Wedge Cut Oven Fries,frozen produce,frozen,554,0.5,1,0.0119
46541,Corn Flakes,cereal,breakfast,1253,0.5299,5,0.0119
28379,Protein Chewy Bars Salted Caramel Nut,breakfast bars pastries,breakfast,616,0.5146,2,0.0117
30678,Rosemary & Olive Oil Flatbread,tortillas flat bread,bakery,791,0.4981,3,0.0116
29195,Wild Sardines in Extra Virgin Olive Oil,canned meat seafood,canned goods,1952,0.5476,7,0.0116
48192,Butter with Olive Oil & Sea Salt,butter,dairy eggs,2383,0.5577,8,0.0116
9373,Organic 2% Buttermilk,milk,dairy eggs,745,0.498,3,0.0115
40316,Ready Rice Roasted Chicken Flavored,instant foods,dry goods pasta,743,0.498,3,0.0115
30365,Vegetable Chips,bulk dried fruits vegetables,bulk,711,0.4979,3,0.0114
23081,Gluten Free Brown Rice Bread,frozen breads doughs,frozen,873,0.512,4,0.0114
15860,Natural Apple Sauce Cups,canned fruit applesauce,canned goods,2646,0.5574,8,0.0113
2092,Bengal Spice Herbal Tea,tea,beverages,605,0.514,2,0.0111
26709,Four Cheese Rising Crust Pizza,frozen pizza,frozen,3182,0.5572,8,0.0111
2820,Francese Deli Rolls,buns rolls,bakery,575,0.4991,1,0.0111
15960,Pasta Joy Ready Brown Rice Pasta Penne with Rice Bran,dry pasta,dry goods pasta,561,0.4991,1,0.0111
42579,Organic Pitted Prunes,nuts seeds dried fruit,snacks,2274,0.5471,7,0.011
18102,Grilled & Ready Oven Roasted Diced Chicken Breast,frozen meat seafood,frozen,611,0.5139,2,0.011
42903,Gluten Free Puffins Honey Rice Cereal,cereal,breakfast,778,0.4974,3,0.011
24099,Snickerdoodle Cookie with Salted Caramel Ice Cream Sandwich,ice cream ice,frozen,507,0.499,1,0.011
19836,Original Breakfast Sausage Links,hot dogs bacon sausage,meat seafood,1405,0.5431,6,0.0109
41805,Strawberry Lemonade,juice nectars,beverages,1348,0.543,6,0.0109
32781,Gluten Free Sunrise Crunchy Maple Cereal,cereal,breakfast,1663,0.543,6,0.0109
23821,Organic Chili Spicy,canned meals beans,canned goods,734,0.4973,3,0.0108
18027,Ezekiel 4:9 Bread Organic Sprouted Whole Grain,bread,bakery,17789,0.629,10,0.0108
39871,Organic Orange Mango Juice,juice nectars,beverages,1061,0.5287,5,0.0107
34368,"Dinner Classic White 10.375\"" Dinner Plate",plates bowls cups flatware,household,588,0.5136,2,0.0107
18205,Peanut Butter Gluten Free Breakfast Bars,breakfast bars pastries,breakfast,974,0.5113,4,0.0107
39275,Organic Blueberries,packaged vegetables fruits,produce,100060,0.6288,10,0.0106
13129,"Delifresh Mesquite Turkey Breast, 98% Fat Free, Gluten Free",lunch meat,deli,1358,0.5427,6,0.0106
2536,Ultra Plush 3 ply Toilet Paper 12 Double Rolls,paper goods,household,2221,0.5466,7,0.0106
31970,Organic Basmati Rice,instant foods,dry goods pasta,1241,0.5286,5,0.0106
13496,Tofu Shirataki,asian foods,international,988,0.5111,4,0.0105
27413,100% Mighty Mango Juice Smoothie,refrigerated,beverages,2659,0.5566,8,0.0105
18618,Baked Caesar Snapea Crisps,fruit vegetable snacks,snacks,4004,0.5869,9,0.0104
47804,Gluten Free Brown Rice Penne Rigate Pasta,dry pasta,dry goods pasta,955,0.511,4,0.0104
4589,Fresh Fettuccini,dry pasta,dry goods pasta,785,0.4968,3,0.0104
27992,Unbleached Recycled Paper Towel Rolls,paper goods,household,765,0.4967,3,0.0103
11688,Lemon Fruit & Nut Food Bar,energy granola bars,snacks,3971,0.5868,9,0.0103
44475,Honey Bunches of Oats Honey Roasted with Almonds Cereal,cereal,breakfast,3467,0.5867,9,0.0102
13548,Guacamole Dip,fresh dips tapenades,deli,1187,0.5282,5,0.0102
27437,Brown Rice Spaghetti Pasta,dry pasta,dry goods pasta,1034,0.528,5,0.01
47280,California Orange Juice,refrigerated,beverages,2784,0.556,8,0.0099
12714,"Cheese, Sheep & Goat's Milk, Barrel-Aged, Feta",packaged cheese,dairy eggs,858,0.5105,4,0.0099
12791,Organic Protein Chewy Peanut Butter Chocolate Chip Granola Bars,energy granola bars,snacks,1393,0.542,6,0.0099
3265,Mini Seedless Watermelon Pack,packaged produce,produce,5270,0.5863,9,0.0098
17878,Grilled Chicken Breast Strips,packaged poultry,meat seafood,6673,0.6281,10,0.0098
11199,Organic California Sushi Rice,grains rice dried goods,dry goods pasta,1924,0.5457,7,0.0097
38562,Pomegranate Arils,packaged vegetables fruits,produce,3030,0.5558,8,0.0097
15945,Freshly Shredded Parmesan Cheese,packaged cheese,dairy eggs,1473,0.5418,6,0.0096
13870,Lightly Salted Baked Snap Pea Crisps,chips pretzels,snacks,24950,0.6278,10,0.0095
47380,New York Style Nova Lox,packaged seafood,meat seafood,1392,0.5417,6,0.0095
13004,Tree Ripe Peaches,fresh fruits,produce,746,0.496,3,0.0095
44479,Organic Stringles Mozzarella String Cheese,packaged cheese,dairy eggs,7924,0.6277,10,0.0095
44201,Original Gluten Free Crackers,crackers,snacks,3876,0.5859,9,0.0094
1582,Turkey Pepperoni Slices,lunch meat,deli,1204,0.5274,5,0.0094
7247,Organic Boneless Skinless Chicken Thighs,packaged poultry,meat seafood,1060,0.5274,5,0.0093
24489,Organic Whole Strawberries,frozen produce,frozen,31445,0.6274,10,0.0092
43967,Raspberry Lemonade,refrigerated,beverages,5315,0.5857,9,0.0092
32085,Grab 'N Go® Cups & Lids 12 Ounce,plates bowls cups flatware,household,1380,0.5413,6,0.0092
46189,Cantina Thin & Crispy Tortilla Chips,chips pretzels,snacks,1269,0.5272,5,0.0091
24740,Multi-Seed Rosemary + Olive Oil Crackers,crackers,snacks,513,0.4971,1,0.009
33234,Selects Smoked Uncured Bacon,hot dogs bacon sausage,meat seafood,767,0.4954,3,0.009
23025,Organic Stage 4 Green Bean Pear & Pea Baby Food,baby food formula,babies,3715,0.5855,9,0.009
5976,Veggie Lover's Salad Blend,packaged vegetables fruits,produce,1247,0.5269,5,0.0088
35715,"Whole Grain Organic Waffles, Totally Original",frozen breakfast,frozen,2252,0.5448,7,0.0088
35561,Organic Tortilla Chips,chips pretzels,snacks,13776,0.627,10,0.0088
8088,Organico Bello Tomato Basil Pasta Sauce,pasta sauce,dry goods pasta,962,0.5094,4,0.0088
15472,Hickory Ham & Cheddar Sandwiches,frozen meals,frozen,602,0.5116,2,0.0087
2435,Teriyaki Meal Bowls,frozen meals,frozen,1409,0.5408,6,0.0087
6369,Chunky Peanut Butter,spreads,pantry,1287,0.5408,6,0.0087
40009,Red Seedless Grapes Bunch,fresh fruits,produce,1770,0.5446,7,0.0086
24010,Wheat Gluten Free Waffles,frozen breakfast,frozen,6562,0.6268,10,0.0086
4635,Microwaveable 100% Beef Cheeseburgers,frozen appetizers sides,frozen,1185,0.5266,5,0.0085
39491,Pirate's Booty Aged White Cheddar Baked Rice and Corn Puffs,chips pretzels,snacks,2968,0.5546,8,0.0085
46203,Original Strawberry Gelatin Snacks,refrigerated pudding desserts,dairy eggs,1628,0.5405,6,0.0084
36106,Donettes Frosted Mini Donuts,cookies cakes,snacks,841,0.5089,4,0.0083
21288,Blackberries,fresh fruits,produce,22864,0.6265,10,0.0083
5566,Caesar Supreme Salad Kit,packaged vegetables fruits,produce,1104,0.5263,5,0.0082
23418,Fat Free Whipped Topping,frozen dessert,frozen,530,0.4962,1,0.0082
20788,Olive Oil & Sel Gris Sourdough Flatbread,tortillas flat bread,bakery,1477,0.5403,6,0.0081
19691,Green Seedless Grapes,packaged produce,produce,12437,0.6264,10,0.0081
12932,Super Greens Veggie Burgers,frozen vegan vegetarian,frozen,1834,0.5442,7,0.0081
30618,Plain Unsalted Rice Cakes,crackers,snacks,681,0.511,2,0.0081
11215,Santitas White Corn Tortilla Chips,chips pretzels,snacks,520,0.4962,1,0.0081
2091,Almond Nut & Rice Cracker Snacks,crackers,snacks,8775,0.6263,10,0.0081
17807,Gluten Free Blueberry Waffles,frozen breakfast,frozen,6922,0.6263,10,0.008
34745,Organic Stage 3 Pear Carrot Apricot Baby Food,baby food formula,babies,2781,0.5541,8,0.008
10895,Mexican Finely Shredded Cheese,packaged cheese,dairy eggs,5261,0.5845,9,0.008
20073,Jazz Apple,fresh fruits,produce,1433,0.5401,6,0.008
37103,Sparkling Peach,soft drinks,beverages,2339,0.5541,8,0.008
39142,Old Fashioned Oats,hot cereal pancake mixes,breakfast,504,0.496,1,0.008
19268,Minestrone Soup,prepared soups salads,deli,502,0.496,1,0.008
35336,Naked Green Machine Boosted Juice Smoothie,refrigerated,beverages,5874,0.5844,9,0.0079
27360,Boneless Skinless Chicken Breast Fillets,packaged poultry,meat seafood,6572,0.6261,10,0.0079
23375,Marinara Sauce,pasta sauce,dry goods pasta,19998,0.6261,10,0.0079
39032,Hearts Of Romaine,packaged vegetables fruits,produce,3498,0.5843,9,0.0078
12894,Honey Nut Chex Cereal,cereal,breakfast,1554,0.5399,6,0.0078
26679,Organic Unrefined-Unfiltered Extra Virgin Olive Oil,oils vinegars,pantry,1206,0.5257,5,0.0077
35865,Cream of Tomato Soup,soup broth bouillon,canned goods,848,0.5083,4,0.0076
37496,Organic Deep Dark Sea Salt Chocolate,candy chocolate,snacks,4338,0.5841,9,0.0076
17468,Raw Almonds,nuts seeds dried fruit,snacks,1584,0.5398,6,0.0076
30036,Belgian White Wheat Ale,beers coolers,alcohol,1267,0.5257,5,0.0076
10892,Baked Crunchy Cheese Flavored Snacks,chips pretzels,snacks,1447,0.5397,6,0.0076
927,"Cabernet Sauvignon, Central Coast, 2011",red wines,alcohol,571,0.4956,1,0.0076
32843,Uncured Ham-Egg & Cheddar Multi-Grain Flatbread Breakfast Sandwich,frozen breakfast,frozen,1269,0.5256,5,0.0076
41349,Dairy Free Greek Yogurt Strawberry,yogurt,dairy eggs,623,0.5104,2,0.0075
38383,Organic White Onions,fresh vegetables,produce,23641,0.6257,10,0.0075
31374,Outshine Strawberry Fruit Bars,ice cream ice,frozen,1138,0.5255,5,0.0074
44278,Double Chocolate Chip Cookies,cookies cakes,snacks,2245,0.5434,7,0.0074
2010,Thirsty Ultra Big Roll towel White Vsa,paper goods,household,808,0.4938,3,0.0074
45013,Apple Sauce,canned fruit applesauce,canned goods,6367,0.5838,9,0.0073
8153,Plain Non-Fat Greek Yogurt,yogurt,dairy eggs,5376,0.5837,9,0.0072
37528,Organic Kale Salad with Red Cabbage and Carrots,packaged vegetables fruits,produce,505,0.495,1,0.007
24458,Mushroom Mezzluna Ravioli,frozen meals,frozen,758,0.4934,3,0.0069
35070,Santa Fe-Style Rice & Beans,frozen meals,frozen,829,0.4934,3,0.0069
15618,White Cheddar Rice Cakes,crackers,snacks,940,0.5074,4,0.0068
12807,Organic Gunpowder Green Tea,tea,beverages,1009,0.5074,4,0.0068
6221,Fish Nuggets,frozen appetizers sides,frozen,580,0.4948,1,0.0068
40897,Kale,packaged vegetables fruits,produce,2056,0.5428,7,0.0068
31307,Korean Kimchi,asian foods,international,562,0.4947,1,0.0066
33216,Organic Vegetarian Baked Beans,canned meals beans,canned goods,976,0.5072,4,0.0066
9422,Hummus,fresh dips tapenades,deli,2286,0.5525,8,0.0064
6576,White Cheddar Baked Snack Crackers,crackers,snacks,1480,0.5385,6,0.0064
1202,Organic Whole Grain Oatmeal Cereal Baby Food,baby food formula,babies,4376,0.5827,9,0.0062
19459,Small Curd Cottage Cheese,other creams cheeses,dairy eggs,603,0.5091,2,0.0062
31954,Broccoli Slaw,packaged vegetables fruits,produce,658,0.5091,2,0.0062
39408,Gala Apples,fresh fruits,produce,24086,0.6244,10,0.0062
4889,Mini Peeled Carrots,fresh vegetables,produce,2785,0.5522,8,0.0061
38508,Lightly Salted Kettle Potato Chips - Sea Salt,chips pretzels,snacks,2479,0.5522,8,0.0061
4673,Comfort Steak Portabella,frozen meals,frozen,514,0.4942,1,0.0061
14863,Cellentani Pasta,dry pasta,dry goods pasta,739,0.4926,3,0.0061
36418,Grapes Green Seedless,fresh fruits,produce,1675,0.5421,7,0.006
40709,Sea Salt & Vinegar Potato Chips,chips pretzels,snacks,14800,0.6243,10,0.006
28371,Graham Crackers,cookies cakes,snacks,1548,0.5381,6,0.006
30066,Classic Granola,granola,breakfast,912,0.5066,4,0.006
46844,Simple Favorites Lasagna with Meat Sauce,frozen meals,frozen,1797,0.542,7,0.006
29925,Sourdough Hearty Sliced Bread,bread,bakery,1124,0.524,5,0.006
4428,Organic Mushroom & Olive Pizza,frozen pizza,frozen,3717,0.5825,9,0.006
42887,Baby Wipes Sensitive,diapers wipes,babies,1355,0.538,6,0.0059
9409,Dry Roasted Peanuts,nuts seeds dried fruit,snacks,1685,0.5418,7,0.0058
23765,Organic Smoked Turkey Breast,lunch meat,deli,7314,0.624,10,0.0058
18814,Chicken Bean and Rice Burrito,frozen meals,frozen,1545,0.5379,6,0.0057
11941,"Tortillas, Corn, Organic",tortillas flat bread,bakery,6100,0.5821,9,0.0056
2539,Original Potato Salad,prepared soups salads,deli,695,0.4921,3,0.0056
44408,Gluten Free Oatmeal Cookie Granola Bars Granola Bars,energy granola bars,snacks,754,0.492,3,0.0056
13230,Wasabi & Soy Sauce Almonds,nuts seeds dried fruit,snacks,1102,0.5236,5,0.0055
34254,White Facial Tissues,paper goods,household,1830,0.5415,7,0.0055
26384,Large Brown Eggs,eggs,dairy eggs,11655,0.6237,10,0.0055
28560,Natural Choice Smoked Deli Ham,lunch meat,deli,659,0.5083,2,0.0054
34166,Organic Shredded Parmesan,packaged cheese,dairy eggs,1845,0.5415,7,0.0054
47537,Organic Yellow Corn Tortilla Chips,chips pretzels,snacks,998,0.506,4,0.0054
35935,Unsweetened Vanilla Coconut Milk Beverage,soy lactosefree,dairy eggs,1762,0.5414,7,0.0054
169,Extra Sharp Cheddar Cheese,packaged cheese,dairy eggs,1877,0.5413,7,0.0052
25569,Fudge Stripes Original Cookies,cookies cakes,snacks,781,0.4917,3,0.0052
40388,Smoreables Graham Style Crackers,cookies cakes,snacks,963,0.5057,4,0.0051
36305,The Great Organic Uncured Chicken Hot Dogs,hot dogs bacon sausage,meat seafood,1290,0.5372,6,0.0051
13198,85% Lean Ground Beef,meat counter,meat seafood,12123,0.6233,10,0.005
45441,Reese Puffs Peanut Butter Cereal,cereal,breakfast,765,0.4915,3,0.005
19068,Boneless And Skinless Chicken Breast,poultry counter,meat seafood,5735,0.5815,9,0.005
20323,Strained Tomatoes,canned jarred vegetables,canned goods,2410,0.551,8,0.0049
11714,Pop-Tarts Frosted Brown Sugar Cinnamon Pastries,breakfast bars pastries,breakfast,751,0.4913,3,0.0049
44487,Lightly Salted Rice Cakes,crackers,snacks,3564,0.5814,9,0.0049
41534,Shredded Lettuce,packaged vegetables fruits,produce,920,0.5054,4,0.0048
42578,Whole Milk Mozzarella Cheese,packaged cheese,dairy eggs,562,0.4929,1,0.0048
31927,Four Cheese Pasta Sauce,pasta sauce,dry goods pasta,5866,0.5813,9,0.0048
39411,Organic Cinnamon Harvest Cereal,cereal,breakfast,4638,0.5813,9,0.0048
49157,Organic Teas Black Tea Organic English Breakfast Tea Bags - 16 CT,tea,beverages,839,0.5054,4,0.0048
46260,"Tortilla Chips, Mexican Kitchen Style, Salted",chips pretzels,snacks,3384,0.5508,8,0.0047
19368,With Glade Tough Odor Solutions Cat Litter,cat food care,pets,603,0.5075,2,0.0046
9807,Organic Shells & White Cheddar Macaroni and Cheese,instant foods,dry goods pasta,970,0.5052,4,0.0045
25134,Cilantro Bunch,missing,missing,540,0.4926,1,0.0045
28031,"8.5\"" Microwavable Cut Resistant Plates",plates bowls cups flatware,household,1196,0.5226,5,0.0045
14805,Organic Strawberries & Wild Strawberries Fruit Spread,spreads,pantry,719,0.491,3,0.0045
21225,Honey Bunches With Almonds Cereal,cereal,breakfast,986,0.5051,4,0.0045
24135,Oranges,fresh fruits,produce,3210,0.5505,8,0.0044
29015,Honey Bunches of Oats Roasted Oats,cereal,breakfast,1018,0.5049,4,0.0043
40376,Steamfresh Sweet Peas,frozen produce,frozen,2956,0.5504,8,0.0043
27065,All Natural Chicken Drumsticks,poultry counter,meat seafood,809,0.4907,3,0.0043
33021,Reserve Cheddar Cheese,specialty cheeses,dairy eggs,927,0.5049,4,0.0042
36940,Chicken Culinary Stock,soup broth bouillon,canned goods,631,0.5071,2,0.0042
6974,Chicken & vegetable dumplings with rice in an Asian-style dipping sauce. Asian-Style Pot Stickers,frozen meals,frozen,512,0.4922,1,0.0041
44953,Organic Three Grain Tempeh,tofu meat alternatives,deli,1365,0.5363,6,0.0041
23579,Peanut Butter Chocolate Chip Fruit & Nut Food Bar,energy granola bars,snacks,7642,0.6224,10,0.0041
31865,Four Cheese Ravioli,fresh pasta,dry goods pasta,1151,0.5222,5,0.0041
23898,Organic Gluten Free Fusilli,dry pasta,dry goods pasta,2157,0.5401,7,0.0041
27772,Tropical Green Tea Bags,tea,beverages,876,0.5046,4,0.004
44268,Porcini Mushroom Tortellini,fresh pasta,dry goods pasta,1027,0.5219,5,0.0039
17119,Super Chunk Extra Crunchy Peanut Butter,spreads,pantry,810,0.4901,3,0.0037
21243,Simple Favorites Chicken Fettuccini Frozen Entree,frozen meals,frozen,1204,0.5216,5,0.0035
9597,Sweet Kale Chopped Salad,packaged vegetables fruits,produce,2072,0.5396,7,0.0035
31238,Blue Corn Tortilla Chips,chips pretzels,snacks,1544,0.5356,6,0.0035
29921,Cheese Finely Shredded Mexican Four Cheese Blend,packaged cheese,dairy eggs,1801,0.5391,7,0.0031
48196,Organic Madagascar Vanilla Wafer Ice Cream Sandwich,ice cream ice,frozen,587,0.506,2,0.0031
12859,Peppered Salame,lunch meat,deli,505,0.4911,1,0.003
7379,French Beans,packaged vegetables fruits,produce,676,0.5059,2,0.003
17948,Frozen Organic Wild Blueberries,frozen produce,frozen,29905,0.6212,10,0.003
31388,Fresh Chicken Drumsticks,packaged poultry,meat seafood,556,0.491,1,0.003
10248,Kosher Dill Pickles,pickled goods olives,pantry,1835,0.539,7,0.0029
44473,Vanilla Cookies,cookies cakes,snacks,690,0.5058,2,0.0029
2054,Belgium Beer,beers coolers,alcohol,874,0.5034,4,0.0028
7992,Natural Choice Honey Deli Ham,lunch meat,deli,699,0.4893,3,0.0028
30571,Bare Fruit Banana Chips,fruit vegetable snacks,snacks,1033,0.5208,5,0.0028
4796,Baby Portabella Mushrooms,fresh vegetables,produce,5671,0.5793,9,0.0028
38991,Banana Nut Chia Bar,energy granola bars,snacks,898,0.5033,4,0.0027
22198,"4X Ultra Concentrated Natural Laundry Detergent, Free & Clear",laundry,household,1229,0.5207,5,0.0027
31022,Original Kettle Cooked Potato Chips,chips pretzels,snacks,1062,0.5207,5,0.0027
19019,Uncured Slow Cooked Ham,lunch meat,deli,13571,0.6209,10,0.0027
20175,The Original Vanilla Ice Cream Sandwich,ice cream ice,frozen,824,0.4891,3,0.0026
6328,Casera Medium Salsa,preserved dips spreads,pantry,1216,0.5206,5,0.0025
16414,Finely Shredded Parmesan Cheese,packaged cheese,dairy eggs,1024,0.5205,5,0.0025
33095,"Salame, Italian Dry",lunch meat,deli,2286,0.5486,8,0.0025
16837,Organic Mushroom Chef S Sampler,packaged vegetables fruits,produce,1577,0.5346,6,0.0024
20704,Brut,specialty wines champagnes,alcohol,714,0.4888,3,0.0023
28515,Bagel Thins Everything,breakfast bakery,bakery,1798,0.5384,7,0.0023
41066,Mild Organic Salsa,fresh dips tapenades,deli,675,0.5052,2,0.0023
36830,Protein Bar Coconut Cashew,energy granola bars,snacks,516,0.4903,1,0.0023
27664,Ginger-O's Creme Filled Ginger Cookies,cookies cakes,snacks,514,0.4903,1,0.0022
40198,Blueberry Yoghurt,yogurt,dairy eggs,9788,0.6204,10,0.0021
6448,Smartfood White Cheddar Cheese Popcorn,popcorn jerky,snacks,3287,0.5482,8,0.0021
17224,Oats & Honey Gluten Free Granola,energy granola bars,snacks,7987,0.6203,10,0.002
28437,Organic 85% Ground Beef,meat counter,meat seafood,1177,0.52,5,0.0019
3192,Lean Ground Beef,meat counter,meat seafood,622,0.5048,2,0.0019
12624,Fresh Tomato & Basil Sauce,pasta sauce,dry goods pasta,628,0.5048,2,0.0019
13822,Super Soft Flour Tortillas,tortillas flat bread,bakery,770,0.4883,3,0.0019
19382,Crunch Granola Bar Chocolate Chip,energy granola bars,snacks,1442,0.534,6,0.0018
44152,Original Circus Animal Cookies,cookies cakes,snacks,764,0.4882,3,0.0018
44704,Mini Ravioli,canned meals beans,canned goods,644,0.5047,2,0.0017
31717,Organic Cilantro,fresh herbs,produce,69524,0.62,10,0.0017
38777,Organic Green Seedless Grapes,packaged vegetables fruits,produce,21745,0.62,10,0.0017
49054,Original Chocolate Chip Cookies,cookies cakes,snacks,2970,0.5478,8,0.0017
21410,"Deli Fresh Honey Smoked Turkey Breast, 98% Fat Free, Gluten Free",lunch meat,deli,2252,0.5377,7,0.0017
13269,Oh My Yog! Pacific Coast Strawberry Trilayer Yogurt,yogurt,dairy eggs,2857,0.5478,8,0.0017
12456,Organic Sunday Bacon,hot dogs bacon sausage,meat seafood,12391,0.6198,10,0.0016
6734,Black And White Cold Brew Coffee With Almondmilk,coffee,beverages,920,0.5022,4,0.0016
34040,Organic Gut Shot Ginger Beet Probiotic Drink,canned jarred vegetables,canned goods,578,0.4896,1,0.0016
22553,Vanilla Chocolate Ice Cream,ice cream ice,frozen,678,0.5044,2,0.0015
40688,Spinach Artichoke Dip,fresh dips tapenades,deli,1413,0.5336,6,0.0015
7987,Hazelnut Spread with Cocoa,spreads,pantry,2242,0.5375,7,0.0014
27362,Frozen Organic Dark Sweet Cherries,frozen produce,frozen,583,0.5043,2,0.0014
41406,Orange Soda,soft drinks,beverages,1939,0.5374,7,0.0013
15655,Dark Chocolate Mint Snacking Chocolate,candy chocolate,snacks,1601,0.5334,6,0.0013
9587,Organic Shiitake & Vegetable Potstickers,frozen appetizers sides,frozen,601,0.5042,2,0.0012
4778,Wheat Thins Reduced Fat Crackers,crackers,snacks,3744,0.5777,9,0.0012
46226,Thick & Crispy Tortilla Chips,chips pretzels,snacks,7559,0.6194,10,0.0012
46650,Special Reserve Extra Sharp Cheddar Cheese,packaged cheese,dairy eggs,6536,0.6193,10,0.0011
28862,Chicken Fried Rice,frozen meals,frozen,2121,0.537,7,0.001
44786,Oh My Yog! Organic Wild Quebec Blueberry Cream Top Yogurt & Fruit,fruit vegetable snacks,snacks,2272,0.537,7,0.0009
39681,Bun Length Skinless Beef Franks,hot dogs bacon sausage,meat seafood,651,0.5038,2,0.0009
13858,Organic All Stars Pasta In Tomato & Cheese Sauce,canned meals beans,canned goods,1894,0.537,7,0.0009
10826,Gluten Free Crackers Multigrain,crackers,snacks,827,0.4873,3,0.0008
38622,Cheddar Snack Crackers Cheddar Bunnies,crackers,snacks,4422,0.5773,9,0.0008
41301,Classic Side Sliced Hot Dog Buns,buns rolls,bakery,667,0.5037,2,0.0008
28458,Black Bean Tamale Verde,frozen meals,frozen,2170,0.5369,7,0.0008
12732,Organic Ground Turkey,poultry counter,meat seafood,3687,0.5772,9,0.0007
26104,Frozen Organic Mango Chunks,frozen produce,frozen,1867,0.5367,7,0.0006
26040,"Deli Fresh Honey Ham, 97% Fat Free, Gluten Free",lunch meat,deli,3329,0.5467,8,0.0006
7051,"Happy Tot Banana, Peach, Prune & Coconut Organic Superfoods",baby food formula,babies,898,0.5011,4,0.0005
31334,Chocolate Almond & Sea Salt with Chia Granola Bars,energy granola bars,snacks,1806,0.5365,7,0.0005
44697,Natural Sharp Cheddar Cheese,packaged cheese,dairy eggs,930,0.5011,4,0.0005
8260,Flavored with Meat Italian Sauce,pasta sauce,dry goods pasta,602,0.5033,2,0.0004
3807,Chocolate Peanut Butter Non Dairy Frozen Dessert,ice cream ice,frozen,614,0.5033,2,0.0003
22883,Organic Penne Rigate Whole Wheat Pasta,dry pasta,dry goods pasta,832,0.4868,3,0.0003
34867,Original Vegenaise Better Than Mayo,condiments,pantry,516,0.4884,1,0.0003
34002,Artisan Spinach Pesto Sausage,tofu meat alternatives,deli,516,0.4884,1,0.0003
28289,Organic Shredded Carrots,packaged vegetables fruits,produce,20211,0.6185,10,0.0002
28448,Dry Roasted Unsalted Peanuts,nuts seeds dried fruit,snacks,636,0.5031,2,0.0002
16911,Gluten Free Apple Uncured Bacon Beef Bar,protein meal replacements,personal care,555,0.4883,1,0.0002
13259,Organic Variety Pack,juice nectars,beverages,3097,0.5463,8,0.0002
31853,Premium Ginger Beer,soft drinks,beverages,1177,0.5183,5,0.0002
29285,"Organic Bernie's Farm Fruit Snacks strawberry, raspberry, & orange",fruit vegetable snacks,snacks,1096,0.5182,5,0.0002
1354,Honey Roasted Peanuts,nuts seeds dried fruit,snacks,674,0.503,2,0.0001
13481,Extra Noodle Soup Mix,soup broth bouillon,canned goods,684,0.5029,2,0.0
23919,Grain Meat Sausages Vegetarian Mexican Chipotle,tofu meat alternatives,deli,1108,0.5181,5,0.0
37654,Butter with Canola Oil Spread,butter,dairy eggs,2213,0.5359,7,-0.0001
46979,Asparagus,fresh vegetables,produce,67283,0.6181,10,-0.0002
22767,Original Ice Cream Bar,ice cream ice,frozen,1408,0.532,6,-0.0002
1640,Beyond Beef Fiesty Crumble,frozen vegan vegetarian,frozen,2433,0.5458,8,-0.0003
17946,Organic Sliced Kalamata Olives,pickled goods olives,pantry,529,0.4877,1,-0.0003
41220,Organic Romaine Lettuce,fresh vegetables,produce,34874,0.6179,10,-0.0003
30570,Mozzarella,packaged cheese,dairy eggs,593,0.5025,2,-0.0004
19766,Ultra Thin Slices Swiss Cheese,packaged cheese,dairy eggs,1925,0.5356,7,-0.0005
8242,Whole Grain White Hot Dog Buns,buns rolls,bakery,749,0.486,3,-0.0005
8385,Sliced Genoa Salami,lunch meat,deli,1256,0.5175,5,-0.0005
20014,French Bread Pizza Pepperoni,frozen pizza,frozen,946,0.5,4,-0.0006
15895,Queso Chihuahua Quesadilla Cheese Shredded,packaged cheese,dairy eggs,994,0.5,4,-0.0006
42483,Dried Manzanilla,fresh vegetables,produce,968,0.5,4,-0.0006
14578,Dozen Roses,more household,household,880,0.5,4,-0.0006
10724,Dark Chocolate Coconut Almond Bark,candy chocolate,snacks,1317,0.5315,6,-0.0006
22015,Thin Mint Crisp Oreos,cookies cakes,snacks,515,0.4874,1,-0.0007
37141,Dairy Free Coconut Milk Vanilla Yogurt Alternative,yogurt,dairy eggs,3456,0.5758,9,-0.0007
40334,Organic White Pita Bread,tortillas flat bread,bakery,1609,0.5314,6,-0.0008
17721,Original Dairy Free Coconut Milk,soy lactosefree,dairy eggs,1232,0.517,5,-0.001
40486,Chicken Tenders,packaged poultry,meat seafood,2778,0.545,8,-0.0011
23360,Ultimate Petite Mixed Vegetables,frozen produce,frozen,975,0.4995,4,-0.0011
20502,Singles 2% Milk American Cheese Slices,packaged cheese,dairy eggs,877,0.4994,4,-0.0012
45774,Organic Sweet Greens and Ginger Juice Blend,refrigerated,beverages,1567,0.531,6,-0.0012
47672,Uncured Hickory Smoked Sunday Bacon,hot dogs bacon sausage,meat seafood,20775,0.617,10,-0.0012
35440,FreshCare Flushable Cleansing Cloths Refill,paper goods,household,590,0.5017,2,-0.0012
47463,Country White Sourdough Petite Loaf,bread,bakery,569,0.4868,1,-0.0012
38427,Soft Rolls,buns rolls,bakery,598,0.5017,2,-0.0012
8518,Organic Red Onion,fresh vegetables,produce,66986,0.617,10,-0.0013
25084,Philadelphia Whipped Cream Cheese Spread with Chives,other creams cheeses,dairy eggs,567,0.4868,1,-0.0013
41588,Firm Tofu,tofu meat alternatives,deli,10652,0.6169,10,-0.0014
6991,Crunchy Oats 'n Honey Granola,breakfast bars pastries,breakfast,1332,0.5308,6,-0.0014
16560,Organic Stage 2 Carrots Baby Food,baby food formula,babies,2313,0.5447,8,-0.0014
8512,Whole Young Chicken,packaged poultry,meat seafood,656,0.5015,2,-0.0014
1925,Root Veggie Burger,frozen vegan vegetarian,frozen,561,0.4866,1,-0.0014
14028,White Buttermints,diapers wipes,babies,561,0.4866,1,-0.0014
34214,Pesto Pizza,frozen pizza,frozen,2451,0.5447,8,-0.0014
12581,Gluten Free Supreme Pizza,frozen pizza,frozen,734,0.485,3,-0.0014
24830,Organic Romaine,packaged vegetables fruits,produce,23642,0.6168,10,-0.0014
22721,Creamy Peanut Butter Dark Roasted,spreads,pantry,2646,0.5446,8,-0.0015
26576,Yellow Corn Tortilla Chips,chips pretzels,snacks,1323,0.5306,6,-0.0015
46047,Organic Original Acai Berry + Guarana Smoothie Packs,frozen produce,frozen,2795,0.5445,8,-0.0016
15613,Salted Tub of Butter,butter,dairy eggs,11053,0.6167,10,-0.0016
29345,Choose-A-Sheet Regular Roll Paper Towels,paper goods,household,2676,0.5445,8,-0.0016
12212,Unscented 1000 Sheets Per Roll Bathroom Tissue,paper goods,household,2937,0.5444,8,-0.0017
34660,Roasted & Salted Pistachios,nuts seeds dried fruit,snacks,1222,0.5164,5,-0.0017
5248,Hot Roll Sausage,hot dogs bacon sausage,meat seafood,908,0.4989,4,-0.0017
2588,Wild Wonders Medley Tomato,fresh vegetables,produce,512,0.4863,1,-0.0017
11798,Premium Selects Brussels Sprouts,frozen produce,frozen,720,0.4847,3,-0.0017
36848,Gluten Free Quick Cooking Oats,hot cereal pancake mixes,breakfast,2250,0.5342,7,-0.0018
38819,Shoestrings French Fried Potatoes,frozen appetizers sides,frozen,716,0.4846,3,-0.0018
25825,Original Long Grain Rice,instant foods,dry goods pasta,1050,0.5162,5,-0.0019
44329,Skillet Refried Red Beans Sautéed With Onion & Tomatillo,canned meals beans,canned goods,1145,0.5162,5,-0.0019
42495,Pink Lady (Cripps) Apple,fresh fruits,produce,7668,0.6163,10,-0.0019
15269,Natural Medium Cheddar Cheese,packaged cheese,dairy eggs,2874,0.5442,8,-0.0019
21484,Naturals Applewood Smoked Ham Lunchmeat,lunch meat,deli,595,0.5008,2,-0.0021
33764,Raspberry Sorbetto,ice cream ice,frozen,603,0.5008,2,-0.0021
41010,Gluten Free Ginger Zinger Cookies,cookies cakes,snacks,1009,0.4985,4,-0.0021
26352,Chicken Caesar Salad,prepared soups salads,deli,613,0.5008,2,-0.0021
19244,Grassfed Whole Milk Strawberry Yogurt,yogurt,dairy eggs,639,0.5008,2,-0.0021
41774,XX Espresso Iced Coffee With Almond Milk,coffee,beverages,2399,0.544,8,-0.0021
31801,9 Inch Plates,plates bowls cups flatware,household,3094,0.544,8,-0.0021
40332,"Cage Free Brown Eggs-Large, Grade A",eggs,dairy eggs,12424,0.6159,10,-0.0023
34678,Ultra  April Fresh Scent Liquid Fabric Softener,laundry,household,754,0.4841,3,-0.0024
47223,Gluten Free & Dairy Free Thai Red Curry With Organic Jasmin Rice & Vegetables,frozen meals,frozen,1694,0.5336,7,-0.0024
48720,Shoestring Fries,frozen appetizers sides,frozen,5391,0.5741,9,-0.0024
17828,Organic Spinach & Feta Dinner Sausage,hot dogs bacon sausage,meat seafood,2472,0.5437,8,-0.0024
27841,White Whole Mushrooms,fresh vegetables,produce,1465,0.5297,6,-0.0024
6166,Baked Whole Grain Wheat Cracked Pepper & Olive Oil Crackers,crackers,snacks,1715,0.5335,7,-0.0025
23952,EnviroKidz Chocolate Choco Chimps,cereal,breakfast,1224,0.5155,5,-0.0025
48800,Caramel Cone Ice Cream,ice cream ice,frozen,1162,0.5155,5,-0.0026
23178,Pure Lemon Juice,juice nectars,beverages,4372,0.5739,9,-0.0026
7018,"Pasta Sauce, Vodka Sauce",pasta sauce,dry goods pasta,583,0.4854,1,-0.0026
17338,Vanilla Swiss Almond Ice Cream,ice cream ice,frozen,938,0.4979,4,-0.0027
44830,All Natural Maple Almond Butter,spreads,pantry,2252,0.5333,7,-0.0027
42719,Natural Premium Coconut Water,juice nectars,beverages,11908,0.6155,10,-0.0028
1891,Instant Coffee,coffee,beverages,2230,0.5332,7,-0.0029
16321,70% Dark Chocolate With Coconut Bar,candy chocolate,snacks,1054,0.5152,5,-0.0029
34974,Baby Mum-Mum Banana  Rice Rusks,baby food formula,babies,674,0.5,2,-0.0029
36360,Lightly Salted Almonds,nuts seeds dried fruit,snacks,1165,0.515,5,-0.003
44120,Organic Raw Almonds,nuts seeds dried fruit,snacks,1066,0.515,5,-0.003
9360,Pepperoni Pizza Frozen Sandwiches,frozen appetizers sides,frozen,1007,0.4975,4,-0.0031
37766,XL Emerald White Seedless Grapes,packaged vegetables fruits,produce,15740,0.6151,10,-0.0031
44566,Thick Cut Bacon,hot dogs bacon sausage,meat seafood,1899,0.5329,7,-0.0031
22899,Organic Grape Juice,juice nectars,beverages,528,0.4848,1,-0.0032
14114,Orange Chicken,frozen meals,frozen,1452,0.5289,6,-0.0032
25194,Ground Sausage Style Veggie Protein,tofu meat alternatives,deli,803,0.4832,3,-0.0033
33651,Harvest Cheddar Multigrain Chips,chips pretzels,snacks,3681,0.5732,9,-0.0033
41591,Vegetable Classics Lentil Soup,soup broth bouillon,canned goods,929,0.4973,4,-0.0033
42425,Blueberry Almond Granola,granola,breakfast,520,0.4846,1,-0.0034
21405,"Organic Red Radish, Bunch",fresh vegetables,produce,27226,0.6148,10,-0.0035
12657,Peanut Almond & Dark Chocolate Protein Chewy Bars,energy granola bars,snacks,551,0.4846,1,-0.0035
40338,Leafy Green Romaine Lettuce,packaged vegetables fruits,produce,3623,0.573,9,-0.0035
47000,Ultra Soft Toilet Paper,paper goods,household,1143,0.5144,5,-0.0036
19734,Classic Mix Variety,chips pretzels,snacks,5099,0.5729,9,-0.0036
16185,Sharp Cheddar Cheese,packaged cheese,dairy eggs,30170,0.6146,10,-0.0037
36496,Oh My Yog! Trilayer Yogurt Apple Cinnamon,packaged cheese,dairy eggs,613,0.4992,2,-0.0037
31932,"Protein & Fiber Madagascar Vanilla, Almonds & Pecans Hot Oatmeal",hot cereal pancake mixes,breakfast,539,0.4842,1,-0.0038
28915,Penne Lisce,dry pasta,dry goods pasta,777,0.4826,3,-0.0038
10017,Tilapia Filet,seafood counter,meat seafood,14707,0.6143,10,-0.0039
31683,Original No Pulp 100% Florida Orange Juice,refrigerated,beverages,19345,0.6143,10,-0.0039
12508,Red Bell Pepper,fresh vegetables,produce,3471,0.5725,9,-0.004
10482,Beyond Chicken Lightly Seasoned Strips,tofu meat alternatives,deli,1146,0.514,5,-0.0041
23809,Earl Grey Black Tea Bags,tea,beverages,709,0.4824,3,-0.0041
44129,Garlic Parmesan Deli Style Pretzel Crisps,chips pretzels,snacks,707,0.4823,3,-0.0041
20191,General Mills Multi-Grain,cereal,breakfast,707,0.4823,3,-0.0041
8053,Organic Pineapple Chunks,packaged vegetables fruits,produce,1644,0.528,6,-0.0042
26395,Vermont White Cheddar,packaged cheese,dairy eggs,761,0.4823,3,-0.0042
39560,Go Lean Crunch! Honey Almond Flax Cereal,cereal,breakfast,4115,0.5723,9,-0.0042
45224,Fior Di Latte Mozzarella,packaged cheese,dairy eggs,786,0.4822,3,-0.0043
4269,Mild Cheddar Cheese,packaged cheese,dairy eggs,4705,0.5722,9,-0.0043
12238,Farmhouse Mac & Cheese,frozen meals,frozen,726,0.4821,3,-0.0044
23840,Indian Aloo Mattar Wrap,frozen meals,frozen,684,0.4985,2,-0.0044
31778,Oven Baked Cheddar & Sour Cream Potato Crisps,chips pretzels,snacks,1896,0.5316,7,-0.0044
12975,100% Baby Kale,fresh vegetables,produce,1137,0.5136,5,-0.0044
21077,Cara Cara Navel Orange,fresh fruits,produce,4377,0.5721,9,-0.0044
3787,Garlic & Herb Butter Stick,butter,dairy eggs,807,0.482,3,-0.0044
30247,Mighty Absorbent Paper Towels,paper goods,household,577,0.4835,1,-0.0045
18409,Outrageous B & B Pickles,pickled goods olives,pantry,893,0.4961,4,-0.0045
40711,Mrs Fields Cookie Sandwich Ice Cream,ice cream ice,frozen,747,0.4819,3,-0.0045
2002,"The \""World's Best\"" Veggie Burger",frozen vegan vegetarian,frozen,2832,0.5413,8,-0.0048
29944,Sriracha Potato Chips,chips pretzels,snacks,565,0.4832,1,-0.0049
32133,4 Cheese Mexican Shredded Cheese,packaged cheese,dairy eggs,1257,0.5131,5,-0.0049
33343,Sliced Colby & Monterey Jack Cheese,packaged cheese,dairy eggs,503,0.4831,1,-0.005
8728,Truffle Popcorn,chips pretzels,snacks,1746,0.5309,7,-0.0051
18128,Chinese Noodles and Veggies in a Cashew Cream Sauce,frozen vegan vegetarian,frozen,673,0.4978,2,-0.0051
1408,Mini Cucumbers,packaged vegetables fruits,produce,7752,0.613,10,-0.0052
30338,Dark Chocolate Acai Blueberry,candy chocolate,snacks,969,0.4954,4,-0.0052
34137,Chocolate Sea Salt,energy granola bars,snacks,4333,0.5712,9,-0.0053
1542,Mini Crispy Crabless Cakes,frozen meat seafood,frozen,623,0.4976,2,-0.0053
33364,Pumpkin & Spice Yogurt,yogurt,dairy eggs,1180,0.5127,5,-0.0053
19678,Organic Russet Potato,fresh vegetables,produce,32534,0.6127,10,-0.0055
34126,Organic Italian Parsley Bunch,fresh herbs,produce,60621,0.6127,10,-0.0056
21513,Heart to Heart Honey Toasted Oat Cereal,cereal,breakfast,4743,0.5709,9,-0.0056
32285,Gluten Free Cinnamon Raisin Bagels,breakfast bakery,bakery,1167,0.5124,5,-0.0056
17835,Thin & Light Tortilla Chips,chips pretzels,snacks,7302,0.6126,10,-0.0057
21948,Pinot Noir Wine,red wines,alcohol,1091,0.5124,5,-0.0057
39351,Made with Extra Virgin Olive Oil Pesto sauce with Basil,pasta sauce,dry goods pasta,1531,0.5265,6,-0.0057
21793,Original Wheat Thins Crackers,crackers,snacks,2399,0.5402,8,-0.0059
6340,Frosted Flakes Cereal,cereal,breakfast,1858,0.5301,7,-0.0059
35171,Cheddar Cheese Crisps,chips pretzels,snacks,558,0.4821,1,-0.006
43183,Deli Fresh Shaved Smoked Turkey Breast,lunch meat,deli,4454,0.5705,9,-0.006
11456,Sour Cream & Onion Flavored Potato Chips,chips pretzels,snacks,638,0.4969,2,-0.006
25124,Whole Kernel Golden Sweet Corn,canned jarred vegetables,canned goods,632,0.4968,2,-0.0061
4344,Ciabatta Bread,bread,bakery,624,0.4968,2,-0.0061
40859,Semi Sweet Chocolate Chips,baking ingredients,pantry,552,0.4819,1,-0.0062
38433,Glacier Freeze,energy sports drinks,beverages,1310,0.526,6,-0.0062
46484,Peanut Butter Dark Chocolate + Protein Nutrition Bar,energy granola bars,snacks,608,0.4967,2,-0.0062
9864,Madras Lentils Indian Cuisine,indian foods,international,892,0.4944,4,-0.0062
15532,Classic Honey Peanut Butter Squeeze,spreads,pantry,973,0.4943,4,-0.0063
29801,100% Recycled White Paper Towels,paper goods,household,3264,0.5398,8,-0.0063
31355,Sliced Provolone Cheese,packaged cheese,dairy eggs,1190,0.5118,5,-0.0063
47668,Smarty Dish Free and Clear Dishwasher Tablets,dish detergents,household,1782,0.5297,7,-0.0063
30553,Original Snack Mix 40 Ounce,chips pretzels,snacks,548,0.4818,1,-0.0063
14471,Sourdough Whole Grain Crispbread,crackers,snacks,729,0.4801,3,-0.0063
7649,Whole Wheat Tandoori Naan,tortillas flat bread,bakery,4249,0.57,9,-0.0065
12899,Fresh Mozzarella All-Natural Sliced Cheese,packaged cheese,dairy eggs,2337,0.5396,8,-0.0065
10613,Cut & Peeled Baby Carrots,packaged vegetables fruits,produce,4183,0.5699,9,-0.0066
34619,Triscuit Baked Whole Grain Wheat Rosemary & Olive Oil,crackers,snacks,2206,0.5295,7,-0.0066
32665,Organic Ezekiel 49 Bread Cinnamon Raisin,bread,bakery,4964,0.5699,9,-0.0066
3856,Deli Fresh Smoked Turkey Breast,lunch meat,deli,3901,0.5699,9,-0.0066
37923,Prosecco Sparkling Wine,specialty wines champagnes,alcohol,1770,0.5294,7,-0.0067
42028,"Pupusas, Black Bean & Sweet Corn",frozen meals,frozen,1023,0.5112,5,-0.0068
40581,Snack'mms Kosher Dill Pickles,pickled goods olives,pantry,641,0.4961,2,-0.0068
20118,Krinkle Cut Sea Salt Potato Chips,chips pretzels,snacks,3119,0.5393,8,-0.0068
46886,Raspberry Yoghurt,yogurt,dairy eggs,8368,0.6114,10,-0.0069
22206,Multi Grain Cheerios Cereal,cereal,breakfast,1254,0.5112,5,-0.0069
5130,Organic Herb Blend,packaged vegetables fruits,produce,1647,0.5252,6,-0.0069
43465,Wild Alaskan Sockeye Smoked Salmon,packaged seafood,meat seafood,1312,0.5252,6,-0.007
27573,Sweet Potato Littles,frozen appetizers sides,frozen,2000,0.529,7,-0.007
26088,Aged White Cheddar Popcorn,popcorn jerky,snacks,2523,0.539,8,-0.0071
33929,Acai Berry Chia Bar,energy granola bars,snacks,2885,0.539,8,-0.0071
6015,Milk Chocolate Sea Salt Caramels,candy chocolate,snacks,1055,0.5109,5,-0.0071
857,Grilled Asparagus,packaged vegetables fruits,produce,589,0.4958,2,-0.0072
42404,Multi Grain Waffles,frozen breakfast,frozen,3162,0.5389,8,-0.0072
8590,Ground Turkey,packaged poultry,meat seafood,3566,0.5693,9,-0.0072
25340,Large Yellow Flesh Nectarine,fresh fruits,produce,15301,0.6109,10,-0.0073
33731,Grated Parmesan,packaged cheese,dairy eggs,45238,0.6109,10,-0.0073
47890,Whole White Mushrooms,packaged vegetables fruits,produce,6285,0.5691,9,-0.0074
14881,Organic Yukon Select Fries,frozen appetizers sides,frozen,4999,0.5691,9,-0.0074
2535,Shaved Parmesan,specialty cheeses,dairy eggs,2130,0.5286,7,-0.0074
18813,Cool Ranch Chips,chips pretzels,snacks,656,0.4954,2,-0.0075
28934,Frozen Broccoli Florets,frozen produce,frozen,15458,0.6107,10,-0.0075
26520,Cheese Shredded Sharp Cheddar Reduced Fat 2%,packaged cheese,dairy eggs,562,0.4804,1,-0.0076
3390,Papaya,fresh fruits,produce,1919,0.5284,7,-0.0076
49201,"Banana, Peach and Mango Fruit Pouch",baby food formula,babies,1736,0.5282,7,-0.0078
38233,Ginger Snaps,cookies cakes,snacks,531,0.4802,1,-0.0078
26629,Cherry Pie Fruit & Nut Bar,energy granola bars,snacks,5541,0.5687,9,-0.0078
6300,Light & Lean Pasta & Veggie Bowl,frozen meals,frozen,2577,0.5382,8,-0.0079
39781,Original 7 Grain Crackers,crackers,snacks,2119,0.5281,7,-0.008
8781,Premium Baking Chips Milk Chocolate,baking ingredients,pantry,502,0.4801,1,-0.008
18281,Popped Dark Chocolate with Sea Salt Granola Bar,energy granola bars,snacks,1782,0.5281,7,-0.008
21938,Green Bell Pepper,fresh vegetables,produce,55484,0.6102,10,-0.008
31461,Cheese Tamale Verde,frozen meals,frozen,1498,0.524,6,-0.0081
48779,Ground Beef,meat counter,meat seafood,932,0.4925,4,-0.0081
24242,High Omega Vegan Ranch Salad Dressing,salad dressing toppings,pantry,914,0.4923,4,-0.0083
7567,White Meat Chicken Taquitos,frozen appetizers sides,frozen,641,0.4945,2,-0.0084
941,Smoked Atlantic Nova Salmon,packaged seafood,meat seafood,1411,0.5237,6,-0.0084
14886,Genoa Salami,lunch meat,deli,633,0.4945,2,-0.0084
46049,Salt & Pepper Krinkle Chips,chips pretzels,snacks,6438,0.568,9,-0.0085
18288,Sea Salt Potato Chips,chips pretzels,snacks,13086,0.6097,10,-0.0086
12471,Classic Potato Gnocchi,fresh pasta,dry goods pasta,812,0.4778,3,-0.0086
34281,70% Dark Chocolate Bar,candy chocolate,snacks,1383,0.5235,6,-0.0086
31883,Vegetable Lasagna,frozen meals,frozen,3085,0.5374,8,-0.0087
17518,Apple Cinnamon Cheerios Cereal,cereal,breakfast,1231,0.5093,5,-0.0087
38218,Rising Crust Three Meat Pizza,frozen pizza,frozen,1076,0.5093,5,-0.0088
10814,Applewood Smoked Bacon,hot dogs bacon sausage,meat seafood,6925,0.6094,10,-0.0088
48287,Natural Chicken & Maple Breakfast Sausage Patty,frozen meat seafood,frozen,5225,0.5677,9,-0.0088
13851,Organic Classic Sea Salt  Oven Crinkles Fries,frozen appetizers sides,frozen,2117,0.5272,7,-0.0089
39040,Organic Sliced Crimini Mushrooms,packaged vegetables fruits,produce,7812,0.6092,10,-0.009
9130,Honey Graham Snacks,cookies cakes,snacks,752,0.4774,3,-0.0091
6187,Raisin Bran Cereal,cereal,breakfast,15415,0.6091,10,-0.0091
8138,Traditional Hummus,fresh dips tapenades,deli,8170,0.6091,10,-0.0092
34504,Microwave Extra Butter Popcorn,popcorn jerky,snacks,566,0.4788,1,-0.0093
44290,Unscented Bathroom Tissue,paper goods,household,1404,0.5228,6,-0.0093
4576,Mango Sorbet Pops,ice cream ice,frozen,2005,0.5267,7,-0.0094
21937,Original Almond Milk Creamer,soy lactosefree,dairy eggs,698,0.4771,3,-0.0094
37192,Smart Ground Original Veggie Protein Crumbles,tofu meat alternatives,deli,906,0.4912,4,-0.0094
33351,Light Multi-Grain English Muffins,breakfast bakery,bakery,4809,0.5671,9,-0.0094
4982,Organic Stoneground Flakes Cocoa Clusters Cereal,cereal,breakfast,598,0.4933,2,-0.0096
3861,Fresh Mushroom  Pasta Sauce,pasta sauce,dry goods pasta,713,0.4769,3,-0.0096
8412,Green Peas No Salt Added,frozen produce,frozen,3234,0.5365,8,-0.0096
2103,ProteinPLUS Multigrain Penne Pasta,dry pasta,dry goods pasta,998,0.491,4,-0.0096
36926,Organic Sweet Potato Spirals,fresh vegetables,produce,776,0.4768,3,-0.0097
43565,Lean Ground Turky,packaged poultry,meat seafood,4453,0.5668,9,-0.0097
29577,Prepared Cheese Product Slices,packaged cheese,dairy eggs,554,0.4783,1,-0.0097
38620,Sparkling Clementine Beverage,soft drinks,beverages,586,0.4932,2,-0.0097
39170,Oatmeal Crème Pies,cookies cakes,snacks,870,0.4908,4,-0.0098
27663,GOLEAN Crunch! Cereal,cereal,breakfast,5158,0.5667,9,-0.0098
21573,Roasted Pine Nut Hummus,fresh dips tapenades,deli,11381,0.6084,10,-0.0098
21269,Sprouted Wheat Onion & Poppyseed Bagels,breakfast bakery,bakery,919,0.4908,4,-0.0099
148,Nectarines,fresh fruits,produce,4903,0.5666,9,-0.0099
625,"Chicken Breast Nuggets, Dinosaur Shaped",frozen meat seafood,frozen,831,0.4765,3,-0.0099
37131,Tomato Yellow Cherry,fresh vegetables,produce,2973,0.5362,8,-0.0099
18873,Organic Earl Grey Black Tea 16 Count,tea,beverages,525,0.4781,1,-0.01
28647,Nacho Cheese Tortilla Chips,chips pretzels,snacks,3268,0.5361,8,-0.01
42551,Fettuccine Alfredo,frozen meals,frozen,850,0.4906,4,-0.01
9605,Reese Puffs,cereal,breakfast,848,0.4906,4,-0.01
40215,Banana Cinnamon Frozen Pops,ice cream ice,frozen,629,0.4928,2,-0.0101
2270,Grapeseed Oil Vegenaise,condiments,pantry,895,0.4905,4,-0.0101
9484,Mango Lemonade,tea,beverages,623,0.4928,2,-0.0101
43464,Unscented Liquid Laundry Detergent,laundry,household,565,0.4779,1,-0.0102
2063,Fresh Ciliegine Mozzarella Cheese,packaged cheese,dairy eggs,2840,0.5359,8,-0.0102
39561,Crackers Cheddar Bunnies Snack Packs,crackers,snacks,12315,0.608,10,-0.0102
22831,Ranchero Queso Fresco Cheese,packaged cheese,dairy eggs,1278,0.5219,6,-0.0102
31847,Pure Butter Shortbread,cookies cakes,snacks,1763,0.5258,7,-0.0102
48229,Orange Blossom Honey,honeys syrups nectars,pantry,1152,0.5078,5,-0.0102
27885,Malbec,red wines,alcohol,2451,0.5357,8,-0.0104
31445,Dairy Free Plain Cultured Coconut Milk,yogurt,dairy eggs,666,0.4925,2,-0.0104
40592,Ultra Soft Facial 3-Ply White Facial Tissues,paper goods,household,1528,0.5216,6,-0.0105
6087,Fresh Goat Cheese,packaged cheese,dairy eggs,1726,0.5255,7,-0.0105
38455,Jalapeno Kettle Cooked Potato Chips,chips pretzels,snacks,583,0.4923,2,-0.0106
6016,"Sausage, Egg, & Cheese Croissant",frozen breakfast,frozen,642,0.4922,2,-0.0107
43904,Greek Feta Cheese,packaged cheese,dairy eggs,986,0.4899,4,-0.0107
4792,Panda Puffs Peanut Butter Cereal,cereal,breakfast,4739,0.5657,9,-0.0108
45014,Rotelle No 54,dry pasta,dry goods pasta,691,0.492,2,-0.0109
16616,Organic Sliced White Mushrooms,packaged vegetables fruits,produce,8131,0.6072,10,-0.011
9477,Medium Cheddar Cheese,packaged cheese,dairy eggs,3919,0.5655,9,-0.0111
14761,Honey Almond Flax Chewy Granola Bars,energy granola bars,snacks,1543,0.5211,6,-0.0111
11984,Clean Day Fabric Softener Lavender Scent,laundry,household,1077,0.507,5,-0.0111
23929,Tilapia Fillets,frozen meat seafood,frozen,950,0.4895,4,-0.0111
1498,Creamy Chicken & Dumplings Soup,soup broth bouillon,canned goods,899,0.4894,4,-0.0112
44022,Original Bite Size Candies,candy chocolate,snacks,655,0.4916,2,-0.0113
36735,Organic Roasted Sliced Chicken Breast,lunch meat,deli,12056,0.6069,10,-0.0113
83,100% Whole Wheat Pita Bread,tortillas flat bread,bakery,594,0.4916,2,-0.0113
19706,Organic Nectarine,fresh fruits,produce,13101,0.6069,10,-0.0113
38729,Original Detergent,laundry,household,653,0.4916,2,-0.0113
25842,Gluten Free Rice Crust Spinach Pizza,frozen pizza,frozen,645,0.4915,2,-0.0114
48226,Select-A-Size White Giant Roll Paper Towels,paper goods,household,2177,0.5246,7,-0.0115
4347,Extralean Ground Turkey Breast,packaged poultry,meat seafood,3637,0.565,9,-0.0115
31467,Sockarooni Spaghetti Sauce,pasta sauce,dry goods pasta,1404,0.5207,6,-0.0115
6128,Original Fresh Stack Crackers,crackers,snacks,5055,0.565,9,-0.0115
35886,Organic Blueberries Clamshell,packaged produce,produce,2164,0.5245,7,-0.0115
23085,Montauk Soft Baked Milk Chocolate Cookies,cookies cakes,snacks,1412,0.5205,6,-0.0116
24288,Rosemary Raisin Raincoast Crisps,crackers,snacks,1633,0.5205,6,-0.0116
6878,Red Blend,red wines,alcohol,1762,0.5244,7,-0.0116
35163,Red Leaf Lettuce,fresh vegetables,produce,8754,0.6066,10,-0.0117
49352,Natural Extra Sharp Cheddar Cheese,packaged cheese,dairy eggs,1345,0.5204,6,-0.0117
48057,"Hummus, Hope, Original Recipe",fresh dips tapenades,deli,5925,0.5647,9,-0.0118
30707,Organic Ground Chicken Breast,packaged poultry,meat seafood,1499,0.5203,6,-0.0118
37354,Flour Tortillas Soft Taco,tortillas flat bread,bakery,2609,0.5343,8,-0.0118
30814,Vegan Flaxbread Breakfast Sandwiches 2 Count,frozen meals,frozen,519,0.4759,1,-0.0121
32851,Organic Carrots Baby Peeled Prepacked,packaged vegetables fruits,produce,1800,0.5239,7,-0.0122
36766,Chicken Biryani,frozen meals,frozen,1377,0.52,6,-0.0122
32959,Jumbo Veggie Protein Smart Dogs Links,hot dogs bacon sausage,meat seafood,1772,0.5237,7,-0.0123
15091,Organic Pears & Rasberries Stage 2 Baby Food,baby food formula,babies,753,0.4741,3,-0.0124
40501,"Salsa, Verde, Roasted",fresh dips tapenades,deli,1084,0.5055,5,-0.0125
5449,Margherita Pizza,frozen pizza,frozen,6700,0.6057,10,-0.0126
5296,Roasted Salted Almonds,nuts seeds dried fruit,snacks,2373,0.5335,8,-0.0126
22559,Kitchen Cheese Enchilada,frozen meals,frozen,4446,0.5639,9,-0.0126
5223,Fruit & Cream Variety Pack,hot cereal pancake mixes,breakfast,764,0.4738,3,-0.0126
11913,Shelled Pistachios,nuts seeds dried fruit,snacks,1949,0.5233,7,-0.0127
27829,Creamy Deluxe Gluten Free Rice Pasta & Extra Cheesy Cheddar Sauce,instant foods,dry goods pasta,1033,0.5053,5,-0.0127
23341,Large Grade AA Eggs,eggs,dairy eggs,6796,0.6055,10,-0.0127
12492,Baby Food Pears Squash,baby food formula,babies,1321,0.5193,6,-0.0128
19125,Extra Ginger Brew Jamaican Style Ginger Beer,soft drinks,beverages,5381,0.5636,9,-0.0129
10467,Organic Bernie O's,canned meals beans,canned goods,1608,0.5193,6,-0.0129
3793,Honey Grahams Graham Style Crackers,honeys syrups nectars,pantry,855,0.4877,4,-0.0129
28171,Organic Cilantro Bunch,fresh herbs,produce,1637,0.5192,6,-0.0129
29344,Milk Chocolate Covered Frozen Banana,ice cream ice,frozen,1300,0.5192,6,-0.0129
35704,Gluten Free Hamburger Buns,frozen breads doughs,frozen,775,0.4735,3,-0.0129
31612,Black Bean Vegetables Burrito,frozen meals,frozen,2819,0.5332,8,-0.0129
7837,Bologna,lunch meat,deli,890,0.4876,4,-0.013
12785,Deluxe Original Cheddar Macaroni & Cheese Dinner,instant foods,dry goods pasta,754,0.4735,3,-0.013
32099,Cilantro Lime Chicken Burrito,frozen meals,frozen,1887,0.5231,7,-0.013
23645,Sour Cream & Onion Potato Chips,chips pretzels,snacks,6220,0.5635,9,-0.013
48310,Excellence 85% Cocoa Extra Dark Chocolate,candy chocolate,snacks,966,0.4876,4,-0.013
37504,Green & Crisp Premium Garden,packaged vegetables fruits,produce,695,0.4734,3,-0.0131
31992,"Select-A-Size Paper Towels, White",paper goods,household,1208,0.505,5,-0.0131
3295,Organic Mother's Milk Herbal Tea,tea,beverages,1214,0.5049,5,-0.0131
40815,"Hot (101305, 101352) Italian Sausage",hot dogs bacon sausage,meat seafood,997,0.4875,4,-0.0131
149,Wild Blueberry All Natural Fruit Spread,spreads,pantry,584,0.4897,2,-0.0132
35140,Organic Whole Cashews,nuts seeds dried fruit,snacks,12816,0.605,10,-0.0132
26985,3 Jumbo Romaine Hearts,packaged vegetables fruits,produce,1324,0.5189,6,-0.0133
28050,Donut Peach,fresh fruits,produce,987,0.4873,4,-0.0133
5134,Organic Thompson Seedless Raisins,nuts seeds dried fruit,snacks,12430,0.6049,10,-0.0133
46521,Variety,chips pretzels,snacks,1648,0.5188,6,-0.0133
10908,Brown Sugar Cubes,baking ingredients,pantry,621,0.4895,2,-0.0134
31824,"Crackers, Classic Saltine",crackers,snacks,533,0.4747,1,-0.0134
27509,Organic Seasoned Yukon Select Potatoes Hashed Browns,frozen appetizers sides,frozen,5413,0.5631,9,-0.0134
31805,Gourmet Tomato Medley,packaged produce,produce,6961,0.6048,10,-0.0134
33720,Drumsticks,ice cream ice,frozen,934,0.4872,4,-0.0135
21376,Pretzel Crisps Original Deli Style Pretzel Crackers,chips pretzels,snacks,15831,0.6047,10,-0.0135
43802,Organic Sweet Apple Chicken Sausage,hot dogs bacon sausage,meat seafood,751,0.4727,3,-0.0138
25844,Double Rolls Bath Tissue,paper goods,household,1683,0.5223,7,-0.0138
1063,Extra Dark Chocolate Baking Chips,baking ingredients,pantry,2536,0.5323,8,-0.0138
48341,Tomato Basil Pasta Sauce,pasta sauce,dry goods pasta,1170,0.5043,5,-0.0138
15042,Traditional Italian-Style Wedding Soup,soup broth bouillon,canned goods,943,0.4867,4,-0.0139
43459,Puffs Cheese Flavored Snacks,chips pretzels,snacks,1194,0.5042,5,-0.0139
45633,Organic Beef Hot Dogs,hot dogs bacon sausage,meat seafood,17140,0.6043,10,-0.014
22282,"Ultra Soft Bathroom Tissue, Double Rolls",paper goods,household,1113,0.504,5,-0.014
23957,Sugar Free Vanilla Pudding,refrigerated pudding desserts,dairy eggs,578,0.474,1,-0.014
28137,Chicken & Vegetable Dumplings Potstickers,frozen appetizers sides,frozen,743,0.4724,3,-0.014
20711,Choose-A-Size White Paper Towels 8 Giant Rolls,paper goods,household,1355,0.5181,6,-0.0141
36441,Baby Wipes,diapers wipes,babies,1254,0.504,5,-0.0141
35469,Enchilada Black Bean Vegetable,frozen meals,frozen,2075,0.5219,7,-0.0141
31573,Whole Grain Brown Ready Rice,instant foods,dry goods pasta,1847,0.5219,7,-0.0141
35425,Gluten Free Brown Rice English Muffins 6 ct,breakfast bakery,bakery,1610,0.518,6,-0.0141
35108,Salted Butter,butter,dairy eggs,19163,0.6041,10,-0.0141
3847,Original Whole Grain English Muffins,breakfast bakery,bakery,1028,0.5039,5,-0.0142
16995,Sliced Soppressata Salame,lunch meat,deli,3093,0.5318,8,-0.0143
21316,Vegetarian Tangy Sauce With Brown Sugar & Spices Baked Beans,canned meals beans,canned goods,515,0.4738,1,-0.0143
3962,Tater Puffs,frozen appetizers sides,frozen,2356,0.5318,8,-0.0143
29307,Baby Arugula,packaged vegetables fruits,produce,10893,0.6039,10,-0.0144
36192,Kool Ranch Kale Chips,fruit vegetable snacks,snacks,513,0.4737,1,-0.0144
18370,Organic Shredded Mozzarella,packaged cheese,dairy eggs,18449,0.6038,10,-0.0144
36058,Natural Sliced Baby Swiss Cheese,packaged cheese,dairy eggs,1010,0.4861,4,-0.0145
8596,Lemonade Drink Mix,cocoa drink mixes,beverages,549,0.4736,1,-0.0145
1545,"Healthy Grains Granola Bar, Vanilla Blueberry",energy granola bars,snacks,604,0.4884,2,-0.0145
39495,Cauliflower Rice,packaged vegetables fruits,produce,1279,0.5176,6,-0.0145
37029,Cream Cheese Spread,other creams cheeses,dairy eggs,11975,0.6036,10,-0.0146
2232,Old World Style Meat Flavored Pasta Sauce,pasta sauce,dry goods pasta,583,0.4734,1,-0.0146
43100,Mint Ice Cream Sandwiches,ice cream ice,frozen,1196,0.5033,5,-0.0147
31912,Avocado Oil,oils vinegars,pantry,1805,0.5213,7,-0.0147
8953,Key Limes,packaged produce,produce,3361,0.5314,8,-0.0147
9755,Original Popcorn,popcorn jerky,snacks,9410,0.6035,10,-0.0147
38995,Pomelo Grapefruit & Aloe Appeal,fresh fruits,produce,725,0.4717,3,-0.0147
22620,Chocolate Peanut Butter Ice Cream,ice cream ice,frozen,3514,0.5618,9,-0.0147
13819,Roasted Salted Cashews,nuts seeds dried fruit,snacks,6935,0.6035,10,-0.0148
38060,"Clean Care Toilet Paper, Double Rolls, 1 Ply",paper goods,household,560,0.4732,1,-0.0148
47866,Jalapeno Potato Chips,chips pretzels,snacks,6515,0.6034,10,-0.0149
40285,Traditional Snack Mix,trail mix snack mix,snacks,2222,0.5212,7,-0.0149
6489,Backyard Barbeque Potato Chips,chips pretzels,snacks,8329,0.6033,10,-0.0149
40759,"Unsweetened Almond Breeze, Almond Milk, Original",soy lactosefree,dairy eggs,666,0.488,2,-0.0149
33081,Chicken Apple Sausage,hot dogs bacon sausage,meat seafood,3517,0.5616,9,-0.0149
5819,Baby Carrots,packaged vegetables fruits,produce,2649,0.5311,8,-0.015
30588,"8\"" Flour Tortillas De Harina",tortillas flat bread,bakery,621,0.4879,2,-0.015
8536,Green Leaf Shreds,packaged vegetables fruits,produce,4204,0.5614,9,-0.0151
11068,Medium Cheddar Cheese Block,packaged cheese,dairy eggs,10652,0.6031,10,-0.0152
46064,Lightly Salted Brown Rice Cakes,crackers,snacks,1939,0.5209,7,-0.0152
30278,Organic Caesar Complete Salad Kit,packaged vegetables fruits,produce,611,0.4877,2,-0.0152
28199,"Clementines, Bag",packaged vegetables fruits,produce,39825,0.603,10,-0.0152
10082,Multigrain Cereal,cereal,breakfast,691,0.4877,2,-0.0152
48366,Everyday  Facial Tissues,paper goods,household,853,0.4853,4,-0.0153
25783,Lemon Lime Thirst Quencher,energy sports drinks,beverages,2773,0.5308,8,-0.0153
44517,Organic Calimyrna Figs,nuts seeds dried fruit,snacks,849,0.4853,4,-0.0153
9071,Navel Oranges Bag,fresh fruits,produce,1150,0.5026,5,-0.0154
43484,Farmhouse Culture Classic Caraway Kraut,pickled goods olives,pantry,876,0.4852,4,-0.0154
15763,PastaJoy Brown Rice Pasta Elbow,dry pasta,dry goods pasta,546,0.4725,1,-0.0155
21344,Multigrain Sandwich Bread,bread,bakery,2152,0.5204,7,-0.0156
39477,"Broccoli Florets, Organic",frozen produce,frozen,899,0.485,4,-0.0156
9006,Naturе's Calorie-Free Sweetener,baking ingredients,pantry,1812,0.5204,7,-0.0156
11182,Baby Spinach,packaged vegetables fruits,produce,23129,0.6025,10,-0.0157
45747,Curate Melon Pomelo Sparking Water,water seltzer sparkling water,beverages,7050,0.6024,10,-0.0158
40268,Organic Wheat-Free & Gluten-Free Original Crackers,crackers,snacks,8213,0.6023,10,-0.0159
35202,Rosemary Crispbread Crackers,crackers,snacks,616,0.487,2,-0.0159
39238,"Tea, Organic, Egyptian Licorice Mint, Caffeine Free, Bags",tea,beverages,538,0.4721,1,-0.0159
9397,Beef Hot Dogs,hot dogs bacon sausage,meat seafood,746,0.4705,3,-0.0159
26488,Organic Strawberry Grassfed Whole Milk Yogurt,yogurt,dairy eggs,712,0.4705,3,-0.016
40199,Chocolate Chip Cookies,cookies cakes,snacks,14148,0.6023,10,-0.016
4493,Italian Sparkling Pomegranate And Orange Soda,water seltzer sparkling water,beverages,2071,0.52,7,-0.016
45762,Bread Fampak Tortilla,tortillas flat bread,bakery,710,0.4704,3,-0.016
28350,"Olive Oil, Extra Virgin, California",oils vinegars,pantry,536,0.472,1,-0.016
30162,Teriyaki & Pineapple Chicken Meatballs,frozen meals,frozen,1700,0.52,7,-0.016
19053,Sweetfire Beets,packaged vegetables fruits,produce,500,0.472,1,-0.0161
33636,Organic Shells And White Cheddar,instant foods,dry goods pasta,6370,0.5604,9,-0.0161
14732,Organic Stage 2 Pears & Mangos Baby Food,baby food formula,babies,1269,0.502,5,-0.0161
23965,Frozen Microwaveable Chicken Pot Pie,frozen meals,frozen,682,0.4868,2,-0.0161
33407,Ripe Large Pitted Olives,pickled goods olives,pantry,3539,0.5603,9,-0.0162
15290,Orange Bell Pepper,fresh vegetables,produce,39188,0.602,10,-0.0162
24142,Broccoli Cuts,frozen produce,frozen,1632,0.5159,6,-0.0162
25132,Ice Cream Bars,ice cream ice,frozen,1287,0.5159,6,-0.0162
34533,Cheese Creations Classic Alfredo Cheese Sauce,pasta sauce,dry goods pasta,532,0.4718,1,-0.0163
2979,Beyond Beef Beefy Crumble,frozen vegan vegetarian,frozen,3870,0.5602,9,-0.0163
43338,Pyramid Black Tea Bags,tea,beverages,1452,0.5158,6,-0.0163
29133,Natural Care Baby Wipes Fragrance Free,diapers wipes,babies,547,0.4717,1,-0.0164
1578,Apple Jacks Cereal,cereal,breakfast,853,0.4842,4,-0.0164
3231,Steamfresh Edamame Pods Frozen Vegetables,frozen produce,frozen,588,0.4864,2,-0.0165
25630,Healthy Grains Fiber Cinnamon Oat Clusters,granola,breakfast,4568,0.56,9,-0.0165
6647,Navel Orange,fresh fruits,produce,1327,0.5154,6,-0.0167
44910,Organic Spring Mix Salad,packaged vegetables fruits,produce,21416,0.6015,10,-0.0167
21506,Organic Raisin Bran Cereal,cereal,breakfast,3083,0.5294,8,-0.0168
30170,Fresh Cut Green Beans,canned jarred vegetables,canned goods,1595,0.5154,6,-0.0168
29328,Organic Sweet Mini Peppers,packaged vegetables fruits,produce,2660,0.5293,8,-0.0168
21936,Vegetarian Refried Beans,canned meals beans,canned goods,2798,0.5293,8,-0.0168
26839,Brussels Cookies,cookies cakes,snacks,648,0.4861,2,-0.0168
1546,Deluxe Red Raspberry Fruit Spread,spreads,pantry,1215,0.5012,5,-0.0168
49030,Glacier Freeze Frost,energy sports drinks,beverages,1372,0.5153,6,-0.0168
6188,Organic Apple & Butternut Squash Baby Food,baby food formula,babies,1913,0.5191,7,-0.017
44926,Tortilla Chips with Salt,chips pretzels,snacks,1551,0.5152,6,-0.017
928,Chunky Classic Chicken Noodle Soup,soup broth bouillon,canned goods,737,0.4695,3,-0.017
47652,Coconut Almond Minis Frozen Dessert Bars,ice cream ice,frozen,3213,0.5291,8,-0.017
47114,Classic Green Tea,tea,beverages,2023,0.519,7,-0.017
45073,Sliced Portabella Mushrooms,fresh vegetables,produce,914,0.4836,4,-0.017
37067,Organic Banana,fresh fruits,produce,18583,0.6012,10,-0.017
17872,Total 2% Lowfat Plain Greek Yogurt,yogurt,dairy eggs,16246,0.6012,10,-0.017
22159,Red Machine Juice Smoothie,refrigerated,beverages,1295,0.5151,6,-0.0171
1099,Cuties Non Dairy Vanilla Frozen Dessert Sandwiches,ice cream ice,frozen,1295,0.5151,6,-0.0171
21849,Original Scent HE Laundry Detergent,laundry,household,908,0.4835,4,-0.0171
44366,Roasted Vegetable Tamale,frozen meals,frozen,701,0.4693,3,-0.0171
36178,Rao's Homemade Roasted Garlic Sauce,pasta sauce,dry goods pasta,877,0.4835,4,-0.0171
30839,Homestyle Breaded Chicken Breast Tenders,frozen appetizers sides,frozen,2014,0.5189,7,-0.0172
34,Peanut Butter Cereal,cereal,breakfast,6536,0.601,10,-0.0173
49381,Zucchini Squash,fresh vegetables,produce,2049,0.5188,7,-0.0173
11281,Double Stuf Oreo Sandwich Cookies,cookies cakes,snacks,3313,0.5288,8,-0.0173
16139,Clara,beers coolers,alcohol,746,0.4692,3,-0.0173
22359,Organic 50/50 Blend Salad,packaged vegetables fruits,produce,1525,0.5148,6,-0.0174
16168,Large Organic Omega3 Brown Eggs,eggs,dairy eggs,4593,0.5591,9,-0.0174
30696,Eggo Homestyle Waffles,frozen breakfast,frozen,8880,0.6008,10,-0.0174
17044,French Baguette,bread,bakery,4665,0.5591,9,-0.0174
17601,Peppermint Caffeine Free Herbal Tea Bags,tea,beverages,774,0.469,3,-0.0175
48179,Sweet and Tangy Barbecue Wings,frozen appetizers sides,frozen,578,0.4706,1,-0.0175
25854,Polska Kielbasa Sausage,hot dogs bacon sausage,meat seafood,977,0.4831,4,-0.0175
33816,Yellow Nectarines,fresh fruits,produce,1572,0.5146,6,-0.0175
20943,Gluten Free Apple Cinnamon Waffles,frozen breakfast,frozen,1075,0.5005,5,-0.0176
42697,Real Sweet Potato Vegetable Chips,chips pretzels,snacks,2509,0.5285,8,-0.0176
43530,Caramel Corn Rice Cakes,crackers,snacks,1141,0.5004,5,-0.0176
22384,Italian Dill Pickle Chips,pickled goods olives,pantry,557,0.4704,1,-0.0177
22227,Coconut Cream Pie,energy granola bars,snacks,4685,0.5588,9,-0.0177
11563,Premium Romaine,packaged vegetables fruits,produce,874,0.4828,4,-0.0178
24759,Club Soda,soft drinks,beverages,7528,0.6004,10,-0.0178
3800,Hampshire 100% Natural Sour Cream,other creams cheeses,dairy eggs,3269,0.5283,8,-0.0178
8379,Wild Smoked Sockeye Salmon,packaged seafood,meat seafood,604,0.4851,2,-0.0178
38159,Organic Yellow Peaches,fresh fruits,produce,21301,0.6004,10,-0.0178
8072,Donettes Powdered Mini Donuts,cookies cakes,snacks,955,0.4827,4,-0.0179
4977,Mushroom Barley Soup,prepared soups salads,deli,596,0.4849,2,-0.018
10551,Banana Bread Fruit & Nut Bar,energy granola bars,snacks,1886,0.518,7,-0.018
33100,Unsalted Sweet Butter,butter,dairy eggs,1240,0.5,5,-0.018
22447,Strawberry & Beet Super Puffs,baby food formula,babies,837,0.4683,3,-0.0181
1947,Tulips 10 Stem,more household,household,1356,0.514,6,-0.0181
15630,Organic Fat Free Refried Pinto Beans,canned meals beans,canned goods,1871,0.5179,7,-0.0181
31772,Sprouted Grain Bread Cinnamon Raisin,frozen breads doughs,frozen,912,0.4825,4,-0.0181
27428,Dairy Pure Fresh Heavy Whipping Cream,cream,dairy eggs,754,0.4682,3,-0.0183
23836,Mint Chocolate Chip,ice cream ice,frozen,1376,0.5138,6,-0.0183
45578,Dark Sweet Cherries,frozen produce,frozen,3738,0.5581,9,-0.0184
21567,Blueberry Almond Breakfast Bars,breakfast bars pastries,breakfast,1051,0.4995,5,-0.0185
20169,Annie Peely Fruit 4.5 Z,fruit vegetable snacks,snacks,3054,0.5275,8,-0.0186
18171,Natural Sunflower Spread,spreads,pantry,3128,0.5275,8,-0.0186
38240,Vegan White Cheddar Mac & Cheese,instant foods,dry goods pasta,507,0.4694,1,-0.0186
20577,Bread Rolls,buns rolls,bakery,971,0.482,4,-0.0186
21872,Organic Italian Salad,packaged vegetables fruits,produce,10388,0.5995,10,-0.0187
4595,Italian Dry Salame,lunch meat,deli,4126,0.5577,9,-0.0188
30994,Talenti Double Dark Chocolate Gelato,ice cream ice,frozen,3427,0.5273,8,-0.0188
2086,Sustainably Soft Bath Tissue,paper goods,household,18231,0.5992,10,-0.019
18487,Apples & Blueberries Stage 2 Baby Food,baby food formula,babies,1493,0.5131,6,-0.0191
29112,Organic Spicy Chili,canned meals beans,canned goods,1382,0.513,6,-0.0191
24221,Organic Red Grapes,fresh fruits,produce,9284,0.5991,10,-0.0191
44233,Multi Grain Crispbread,crackers,snacks,2159,0.5169,7,-0.0191
36640,Sprouted Grain Low Sodium Bread,bread,bakery,2564,0.5269,8,-0.0192
48183,Flour Tortillas,tortillas flat bread,bakery,3141,0.5269,8,-0.0192
27714,Gummy Bears,candy chocolate,snacks,1394,0.5129,6,-0.0192
38439,Mara Natha Organic Peanut Butter Creamy,spreads,pantry,1726,0.5168,7,-0.0192
49478,Frozen Organic Strawberries,fresh fruits,produce,6141,0.5572,9,-0.0193
7285,Mr Pita Plain Pita Bread,tortillas flat bread,bakery,610,0.4836,2,-0.0193
1215,Kidz All Natural Baked Chicken Nuggets,frozen appetizers sides,frozen,7093,0.5989,10,-0.0193
41970,Vanilla Milk Chocolate Ice Cream Bars,ice cream ice,frozen,1289,0.5128,6,-0.0193
17149,Gluten Free Chicken Breast Tenders,frozen meat seafood,frozen,3313,0.5267,8,-0.0194
19178,Vermont Maple Syrup Breakfast Sausage,hot dogs bacon sausage,meat seafood,956,0.4812,4,-0.0194
46106,Organic Sriracha Hummus,fresh dips tapenades,deli,2180,0.5165,7,-0.0195
29628,Ultra Strong Toilet Paper Double Rolls Bathroom Tissue,paper goods,household,2642,0.5265,8,-0.0196
39921,Lemon Lime Soda,soft drinks,beverages,5134,0.5569,9,-0.0196
13740,Organic Summer Strawberry Bunny Fruit Snacks,fruit vegetable snacks,snacks,12568,0.5986,10,-0.0196
7702,Macaroni & Mild Cheddar Cheese,instant foods,dry goods pasta,506,0.4684,1,-0.0197
29926,Roasted & Salted Almonds,nuts seeds dried fruit,snacks,8347,0.5985,10,-0.0197
35105,Traditional Bavarian Classic Soft Pretzels,frozen appetizers sides,frozen,551,0.4682,1,-0.0198
11807,Rustic Italian Vegetable Soup,soup broth bouillon,canned goods,679,0.4831,2,-0.0198
44354,"Cooking Sauce, La Pizza",canned jarred vegetables,canned goods,566,0.4682,1,-0.0199
22699,Steamfresh Premium Selects Broccoli Florets,frozen produce,frozen,2902,0.5262,8,-0.0199
43290,Roasted Salted Sunflower Kernels,grains rice dried goods,dry goods pasta,517,0.4681,1,-0.02
28656,Raw Sauerkraut,pickled goods olives,pantry,1680,0.5161,7,-0.02
40761,Pomegranate Seeds,packaged vegetables fruits,produce,2832,0.5261,8,-0.02
32635,Standard Size Pet Waste bags,dog food care,pets,515,0.468,1,-0.0201
14112,Organic Coconut Bliss Vanilla Island Ice Cream,ice cream ice,frozen,1496,0.512,6,-0.0201
12909,Crunchy Flamin' Hot,chips pretzels,snacks,1205,0.4979,5,-0.0201
24649,Freshmates Charmin Freshmates™,paper goods,household,545,0.4679,1,-0.0202
33647,Blue Chips Corn Tortilla Chips,chips pretzels,snacks,5154,0.5563,9,-0.0202
651,Organic Salted Butter,butter,dairy eggs,15035,0.5978,10,-0.0204
32689,Romaine Hearts,packaged vegetables fruits,produce,25974,0.5978,10,-0.0204
43889,Dark Chocolate Covered Banana,frozen dessert,frozen,4077,0.556,9,-0.0205
2974,Regular,soft drinks,beverages,2287,0.5256,8,-0.0205
26456,Italian Pizza Crust Original 12oz,tortillas flat bread,bakery,624,0.4824,2,-0.0205
18037,Organic Sprouted Wheat Sesame Bagels,breakfast bakery,bakery,1172,0.4974,5,-0.0206
9505,Organic Original Rice Pilaf,grains rice dried goods,dry goods pasta,593,0.4823,2,-0.0206
21783,Coconut Milk Vanilla Mini Sandwiches,ice cream ice,frozen,2571,0.5255,8,-0.0206
5597,"Deep Green Blends, Kale",packaged vegetables fruits,produce,649,0.4823,2,-0.0206
43758,Gluten Free French Baguettes,bread,bakery,923,0.48,4,-0.0206
22619,Cool Whipe Lite Whipped Topping,frozen dessert,frozen,844,0.4799,4,-0.0207
40763,Pumpkin Yoghurt,yogurt,dairy eggs,1108,0.4973,5,-0.0208
19612,Organic Light in Sodium Low-Fat Minestrone Soup,soup broth bouillon,canned goods,1265,0.4972,5,-0.0208
41272,Mandarin Oranges in Light Syrup,canned fruit applesauce,canned goods,799,0.4656,3,-0.0209
19086,Small Cantaloupe,fresh fruits,produce,961,0.4797,4,-0.0209
23417,Brown Rice & Vegetables Bowl,frozen meals,frozen,1052,0.4971,5,-0.0209
20658,Mega Pack Everyday Plates,plates bowls cups flatware,household,548,0.4672,1,-0.0209
23803,Jalapeno Pepper,fresh vegetables,produce,1788,0.5151,7,-0.0209
34605,Beefsteak Tomato,fresh vegetables,produce,932,0.4796,4,-0.021
13512,Organic Smoked Chicken Breast,lunch meat,deli,2062,0.515,7,-0.021
48190,Oyster Crackers,crackers,snacks,2130,0.515,7,-0.021
38739,Hass Avocado,fresh vegetables,produce,17565,0.5972,10,-0.021
22989,Smoked Sausage,hot dogs bacon sausage,meat seafood,765,0.4654,3,-0.0211
48023,Wild Alaskan Pink Salmon,canned meat seafood,canned goods,1674,0.5149,7,-0.0211
2579,Organic Freeze Dried Instant Decaf Coffee,coffee,beverages,604,0.4818,2,-0.0211
8910,Smooth Almond Butter,spreads,pantry,514,0.4669,1,-0.0211
9521,Organic Whole O's Gluten Free Cereal,cereal,breakfast,1464,0.5109,6,-0.0212
2469,Italian Salad Blend,packaged vegetables fruits,produce,1423,0.5109,6,-0.0212
44219,Organic Multigrain Tortilla Chips Sub Lime,chips pretzels,snacks,627,0.4817,2,-0.0213
45432,Brewmaster's Seasonal Sampler,beers coolers,alcohol,677,0.4815,2,-0.0214
28413,Bunny-Luv Organic Carrots,fresh vegetables,produce,3515,0.555,9,-0.0215
42342,Roasted Turkey Breast,lunch meat,deli,17332,0.5968,10,-0.0215
10005,"Potstickers, Organic, Pork & Vegetable",frozen appetizers sides,frozen,770,0.4649,3,-0.0215
32465,Sliced White Mushrooms,packaged vegetables fruits,produce,8361,0.5967,10,-0.0215
37867,Classic Variety Pack Donuts,cookies cakes,snacks,727,0.4649,3,-0.0215
32271,Original Applesauce,canned fruit applesauce,canned goods,2000,0.5145,7,-0.0215
18531,Organic Heavy Whipping Cream,cream,dairy eggs,24664,0.5966,10,-0.0217
30784,Organic Restaurant Style  Sea Salt & Lime Tortilla Chips,chips pretzels,snacks,1301,0.5104,6,-0.0218
38185,Hint of Lime Flavored Tortilla Chips,chips pretzels,snacks,4990,0.5547,9,-0.0218
31474,Dried Tart Cherries,nuts seeds dried fruit,snacks,607,0.4811,2,-0.0219
5699,Gluten Free Mushroom Risotto Bowl,frozen meals,frozen,3285,0.5242,8,-0.0219
2481,Natural Deli Style Sliced Swiss Cheese,packaged cheese,dairy eggs,2283,0.5138,7,-0.0222
11224,Organic Cashew Nondairy Blueberry Yogurt,missing,missing,620,0.4806,2,-0.0223
25556,"Cheese Alternative Shreds, Mozzarella",packaged cheese,dairy eggs,526,0.4658,1,-0.0223
42389,Vegan Cheddar Flavor Squares,chips pretzels,snacks,1672,0.5138,7,-0.0223
13641,Earl Grey  Black Tea Blend,tea,beverages,918,0.4782,4,-0.0224
14651,Tommy/Kent/Keitt/Haden Mango,fresh fruits,produce,8400,0.5958,10,-0.0224
41912,Old World Style Traditional Pasta Sauce,pasta sauce,dry goods pasta,614,0.4805,2,-0.0225
39428,Peaches Large,fresh fruits,produce,2622,0.5236,8,-0.0225
4288,Gluten Free Cafe Chicken Noodle Soup,soup broth bouillon,canned goods,1247,0.4956,5,-0.0225
13974,Reduced Fat Creamy Peanut Butter Spread,spreads,pantry,1704,0.5135,7,-0.0225
41541,Traditional Seitan,tofu meat alternatives,deli,748,0.4639,3,-0.0226
24850,Organic Super Fruit Punch Juice Drink,juice nectars,beverages,5743,0.5539,9,-0.0226
35168,Ezekiel 4:9 Sprouted Grain Tortillas,tortillas flat bread,bakery,5868,0.5539,9,-0.0227
21626,Organic Cinnamon Raisin Granola,granola,breakfast,1078,0.4954,5,-0.0227
10180,Popped Salted Caramel Granola Bars,energy granola bars,snacks,1076,0.4954,5,-0.0227
7344,Zucchini Soufflé,frozen meals,frozen,548,0.4653,1,-0.0227
36205,Peanut Butter Egg White Protein Bar,energy granola bars,snacks,2375,0.5234,8,-0.0227
9047,Premium Epsom Salt,muscles joints pain relief,personal care,4228,0.5537,9,-0.0228
3381,Vegetarian Baked Beans,canned meals beans,canned goods,652,0.4801,2,-0.0228
14335,Phish Food® Ice Cream,ice cream ice,frozen,3028,0.5231,8,-0.023
19736,Rosemary Crackers,crackers,snacks,848,0.4776,4,-0.023
46107,Whole Wheat Crackers,crackers,snacks,3744,0.5534,9,-0.0231
7835,Tomato Basil Cooking Sauce,pasta sauce,dry goods pasta,2045,0.513,7,-0.0231
7615,Pure Goat Milk Cheese Log,packaged cheese,dairy eggs,1389,0.509,6,-0.0231
15182,"Organic Turbinado, Raw Cane Sugar",baking ingredients,pantry,1016,0.4774,4,-0.0232
49622,Original Powder Coffee Creamer,cream,dairy eggs,590,0.4797,2,-0.0232
16220,Cream Soda,soft drinks,beverages,510,0.4647,1,-0.0233
5194,Organic Bunny Fruit Snacks Berry Patch,fruit vegetable snacks,snacks,13372,0.5948,10,-0.0234
20127,Organic Lentil Beans,canned meals beans,canned goods,3287,0.5227,8,-0.0234
1774,Butter Pecan Ice Cream,ice cream ice,frozen,1388,0.5086,6,-0.0235
31343,Shredded Mild Cheddar Cheese,packaged cheese,dairy eggs,26777,0.5947,10,-0.0235
26509,Hot Taco Seasoning Mix,marinades meat preparation,pantry,549,0.4645,1,-0.0236
49543,Chocolate Cheerios Cereal,cereal,breakfast,562,0.4644,1,-0.0236
14766,Sparkling Grapefruit,soft drinks,beverages,2894,0.5225,8,-0.0236
19174,Chicken Enchilada Bowl,frozen meals,frozen,1899,0.5124,7,-0.0237
43263,Crunchy Oats N' Honey Granola Bars,energy granola bars,snacks,4338,0.5528,9,-0.0237
10514,Assorted Compostable Flatware,plates bowls cups flatware,household,906,0.4768,4,-0.0238
35053,Premium Solid White Albacore Tuna in Water,canned meat seafood,canned goods,558,0.4642,1,-0.0239
32717,Baked Beans,canned meals beans,canned goods,4693,0.5525,9,-0.024
3042,S. Pellegrino Sparkling Natural Mineral Water,water seltzer sparkling water,beverages,1287,0.5082,6,-0.024
9216,"Chicken Breast Patties, 100% All Natural, Fully Cooked & Breaded",frozen meat seafood,frozen,664,0.4789,2,-0.024
21931,Grassfed Whole Milk Blueberry Yogurt,yogurt,dairy eggs,772,0.4624,3,-0.024
13563,Mushroom Baby Bella,packaged vegetables fruits,produce,1295,0.5081,6,-0.024
40770,Sweet Peas Valley Fresh Steamers,frozen produce,frozen,692,0.4624,3,-0.024
34423,Pure Organic Pineapple Juice,juice nectars,beverages,2429,0.522,8,-0.0241
5380,Organic Mint Bunch,fresh herbs,produce,3067,0.522,8,-0.0241
7515,Spinach And Ricotta Ravioli,specialty cheeses,dairy eggs,1384,0.5079,6,-0.0242
12896,Light Rye Crispbread,crackers,snacks,1205,0.4938,5,-0.0243
29722,Pasta Sauce Tomato Basil,pasta sauce,dry goods pasta,552,0.4638,1,-0.0243
31387,Natural Almonds 100 Calorie Packs,nuts seeds dried fruit,snacks,1037,0.4937,5,-0.0243
26298,Thin Crust Margherita Pizza with Fresh Mozzarella & Basil,frozen pizza,frozen,4276,0.5519,9,-0.0246
22583,Albacore Solid White Tuna In Water,canned meat seafood,canned goods,708,0.4619,3,-0.0246
31848,Mini Pretzels,chips pretzels,snacks,2420,0.5215,8,-0.0246
46692,Multigrain Tortilla Chips,chips pretzels,snacks,7340,0.5936,10,-0.0246
7559,Cinnamon Rolls with Icing,doughs gelatins bake mixes,pantry,12102,0.5935,10,-0.0247
261,Organic Southwestern Burrito,frozen meals,frozen,1417,0.5074,6,-0.0247
46206,Red Grapefruit,fresh fruits,produce,5708,0.5517,9,-0.0248
13772,Cherry Garcia Frozen Yogurt,ice cream ice,frozen,1447,0.5073,6,-0.0249
31378,"Traditional Size Corn Tortillas, 6\""",tortillas flat bread,bakery,1589,0.5072,6,-0.0249
10469,Brown Rice Pasta Shells,dry pasta,dry goods pasta,741,0.4615,3,-0.0249
13077,Pepperoni Pizza,frozen pizza,frozen,1325,0.5072,6,-0.025
258,Vegetable Pot Pie,frozen meals,frozen,2033,0.5111,7,-0.025
26756,Light CocoWhip! Coconut Whipped Topping,other,other,1536,0.5072,6,-0.025
29193,Snak-Saks Crackers,cookies cakes,snacks,902,0.4756,4,-0.025
20244,With Stainlifters Free Clear 94 Loads Laundry Detergent,laundry,household,765,0.4614,3,-0.025
21463,Vanilla Bean Light Ice Cream,ice cream ice,frozen,4813,0.5514,9,-0.0251
10151,Bolthouse Baby Carrots,packaged vegetables fruits,produce,4726,0.5514,9,-0.0251
17616,Goldfish Cheddar Baked Snack Crackers,crackers,snacks,7381,0.5931,10,-0.0251
43633,Lightly Smoked Sardines in Olive Oil,canned meat seafood,canned goods,653,0.4778,2,-0.0251
13679,Original Bacon,hot dogs bacon sausage,meat seafood,811,0.4612,3,-0.0253
14852,All Natural Marinara Sauce,pasta sauce,dry goods pasta,8548,0.5929,10,-0.0253
25246,White Cheddar Macaroni & Cheese Cups,instant foods,dry goods pasta,869,0.4753,4,-0.0253
34325,Chickpeas! Rotini Pasta,dry pasta,dry goods pasta,536,0.4627,1,-0.0254
31871,Beef Polska Kielbasa,hot dogs bacon sausage,meat seafood,536,0.4627,1,-0.0254
37538,Organic Sweet Pea,packaged vegetables fruits,produce,2303,0.5206,8,-0.0255
16198,Natural Uncured Turkey Hot Dog,hot dogs bacon sausage,meat seafood,1356,0.5066,6,-0.0255
48946,Earl Grey Tea,tea,beverages,3179,0.5206,8,-0.0255
16479,"Fruit Spread, Deluxe, Strawberry",spreads,pantry,2354,0.5204,8,-0.0257
3243,Red Onions,fresh vegetables,produce,2463,0.5201,8,-0.026
38656,Gluten Free Peanut Butter Dark Chocolate Chewy With a Crunch Granola Bars,energy granola bars,snacks,6692,0.5922,10,-0.026
21641,Mixed Nuts Lightly Salted,nuts seeds dried fruit,snacks,693,0.4603,3,-0.0261
13966,Chicken Pot Pie,frozen meals,frozen,5484,0.5503,9,-0.0262
22888,90% Lean Ground Beef,meat counter,meat seafood,6784,0.592,10,-0.0262
39699,Whole Wheat Shells & White Cheddar Macaroni and Cheese,instant foods,dry goods pasta,2772,0.5198,8,-0.0263
28968,Applewood Smoked Center Cut Uncured Bacon,hot dogs bacon sausage,meat seafood,791,0.4602,3,-0.0263
43070,Double Stuf Chocolate Sandwich Cookies Family Size,cookies cakes,snacks,791,0.4602,3,-0.0263
4066,Organic Red Heirloom Pasta Sauce,pasta sauce,dry goods pasta,2355,0.5197,8,-0.0264
38909,Gluten Free Rotini,dry pasta,dry goods pasta,548,0.4617,1,-0.0264
38255,"Gelato Squares, Key Lime Graham",ice cream ice,frozen,617,0.4765,2,-0.0264
6598,Butternut Spirals Organic,packaged vegetables fruits,produce,750,0.46,3,-0.0265
32412,Garbanzo Beans No Salt Added,latino foods,international,1902,0.5095,7,-0.0266
25985,Chicken & Apple Smoked Chicken Sausage,hot dogs bacon sausage,meat seafood,4572,0.5499,9,-0.0266
2822,Organic Creamy Raw Almond Butter,spreads,pantry,1276,0.4914,5,-0.0267
10602,Brioche Hamburger Buns,buns rolls,bakery,1158,0.4914,5,-0.0267
31555,Organic Light in Sodium Lentil Vegetable Soup,soup broth bouillon,canned goods,2838,0.5194,8,-0.0267
38452,Organic Whole Milk Washington Black Cherry Yogurt,missing,missing,1391,0.5054,6,-0.0267
26083,Baby Bella Mushrooms,packaged vegetables fruits,produce,755,0.4596,3,-0.0269
4605,Yellow Onions,fresh vegetables,produce,73167,0.5914,10,-0.0269
7930,Apples & Cinnamon Instant Oatmeal,hot cereal pancake mixes,breakfast,1455,0.5052,6,-0.027
42013,Original Thins,cookies cakes,snacks,1118,0.4911,5,-0.027
5456,Green Tea With Ginseng and Honey,lunch meat,deli,11079,0.5912,10,-0.027
47962,Fresh Ground Turkey,packaged poultry,meat seafood,3092,0.5191,8,-0.027
48246,Green Machine Juice Smoothie,refrigerated,beverages,2647,0.5191,8,-0.027
30675,Edamame Soybeans in Pods,frozen produce,frozen,984,0.4736,4,-0.027
28020,Gluten Free Broccoli & Cheese Baked Nuggets,frozen appetizers sides,frozen,683,0.4758,2,-0.0271
8021,100% Recycled Paper Towels,paper goods,household,27864,0.5912,10,-0.0271
44170,Tomato Basil Sauce,pasta sauce,dry goods pasta,2008,0.509,7,-0.0271
8903,Semi-Sweet Mini Chocolate Chips,baking ingredients,pantry,3715,0.5494,9,-0.0271
35269,Vegetable Tray With Low Fat Dressing,packaged produce,produce,2752,0.5189,8,-0.0272
31608,Minis Candy,candy chocolate,snacks,1035,0.4908,5,-0.0272
8230,100% Recycled Bathroom Tissue,paper goods,household,7264,0.591,10,-0.0272
1391,Town House Light & Buttery Original Oven Baked Crackers,crackers,snacks,510,0.4608,1,-0.0273
44753,New York Super Fudge Chunk® Ice Cream,ice cream ice,frozen,1644,0.5049,6,-0.0273
18414,Cocoa Pebbles Cereal,cereal,breakfast,656,0.4756,2,-0.0273
2661,Key Lime Pie Fruit & Nut Food Bar,energy granola bars,snacks,832,0.4591,3,-0.0273
25422,Peanut Butter Crunch Cereal,cereal,breakfast,560,0.4607,1,-0.0273
33294,"Tortillas, Wheat Free, Sprouted Corn",tortillas flat bread,bakery,3314,0.5187,8,-0.0274
33050,Family Size Lasagna With Meat & Sauce,frozen meals,frozen,612,0.4755,2,-0.0274
19805,8 Skinless Beef Franks,hot dogs bacon sausage,meat seafood,732,0.459,3,-0.0274
20697,Organic Pure Lime Juice,juice nectars,beverages,1937,0.5085,7,-0.0275
25476,Classic Recipe Chicken & Stars Condensed Soup,soup broth bouillon,canned goods,669,0.4753,2,-0.0276
17931,Reduced Fat Crackers,crackers,snacks,506,0.4605,1,-0.0276
36522,Sweet Italian Chicken Sausage,poultry counter,meat seafood,2972,0.5185,8,-0.0276
32864,Organic Baby Rainbow Carrots,packaged vegetables fruits,produce,19639,0.5906,10,-0.0277
17795,Organic Green Leaf Lettuce,fresh vegetables,produce,14016,0.5905,10,-0.0277
27683,Black Beans No Salt Added,canned meals beans,canned goods,5740,0.5488,9,-0.0277
49141,Gluten Free Rice Chex,cereal,breakfast,2178,0.5083,7,-0.0278
34451,Pesto Pasta Sauce,pasta sauce,dry goods pasta,750,0.4587,3,-0.0278
17758,Strawberry Rhubarb Yoghurt,yogurt,dairy eggs,9961,0.5904,10,-0.0278
5606,Gluten-Free Supergrain Pasta Garden Pagodas,dry pasta,dry goods pasta,809,0.4586,3,-0.0279
36431,Hardwood Smoked Bacon,hot dogs bacon sausage,meat seafood,3970,0.5486,9,-0.0279
30183,Quaker Life Cinnamon Cereal,cereal,breakfast,4579,0.5486,9,-0.0279
216,"Gluten Free Oatmeal, Variety Pack",hot cereal pancake mixes,breakfast,552,0.4601,1,-0.0279
43768,Organic Bell Pepper,fresh vegetables,produce,23388,0.5903,10,-0.0279
16855,Banana Dippers Banana Slices,frozen produce,frozen,526,0.4601,1,-0.028
35132,Cheese Square Crackers,crackers,snacks,3681,0.5485,9,-0.028
46572,Sweet Rolls,buns rolls,bakery,4779,0.5484,9,-0.0281
23234,Ultra Strong Unscented 2-Ply Bathroom Tissue,paper goods,household,965,0.4725,4,-0.0281
5383,Organic Capellini,dry pasta,dry goods pasta,2804,0.5178,8,-0.0283
10621,Organic Purple Kale,fresh vegetables,produce,7374,0.5899,10,-0.0283
17720,Hot Oatmeal Variety Pack,hot cereal pancake mixes,breakfast,1168,0.4897,5,-0.0283
4162,Organic Thai Coconut Curry Hummus,fresh dips tapenades,deli,1264,0.4897,5,-0.0283
4614,Burrata alla Panna,packaged cheese,dairy eggs,1447,0.5038,6,-0.0283
644,Organic Southwestern Vegetable Soup,soup broth bouillon,canned goods,1199,0.4896,5,-0.0285
9186,Culinary Coconut Milk,soy lactosefree,dairy eggs,1004,0.4721,4,-0.0285
25043,Instant Oatmeal Variety Pack,hot cereal pancake mixes,breakfast,4927,0.548,9,-0.0285
23291,Coconut Chia Bar,energy granola bars,snacks,4657,0.5478,9,-0.0287
45739,Gold Bears Gummi Candy,candy chocolate,snacks,743,0.4576,3,-0.0289
23192,Chocolate Whole Grain Graham Snacks Bunny Grahams,cookies cakes,snacks,2098,0.5071,7,-0.0289
3479,Classic Whipped Cream,cream,dairy eggs,3202,0.5172,8,-0.0289
37552,Sparkling Blackberry Juice,juice nectars,beverages,4799,0.5474,9,-0.0291
40623,Facial Tissues Boxes,paper goods,household,536,0.459,1,-0.0291
47225,Santa Fe Extra Lean Veggie Burger,tofu meat alternatives,deli,726,0.4573,3,-0.0292
37489,Kale Salad,packaged vegetables fruits,produce,1346,0.503,6,-0.0292
13755,Instant Oatmeal Maple & Brown Sugar,hot cereal pancake mixes,breakfast,2836,0.5169,8,-0.0292
44698,Wild Alaska Pink Salmon,canned meat seafood,canned goods,908,0.4714,4,-0.0292
31495,Margherita Crispy Thin Crust Pizza,frozen pizza,frozen,816,0.4571,3,-0.0294
31663,Vanilla Blueberry Clusters With Flax Seeds Granola,granola,breakfast,6122,0.547,9,-0.0295
8460,Hearty Thick Cut Bacon,hot dogs bacon sausage,meat seafood,3202,0.5166,8,-0.0296
35883,Solid White Albacore Tuna In Spring Water,canned meat seafood,canned goods,1377,0.5025,6,-0.0296
36650,Cinnamon Sugar Pita Chips,chips pretzels,snacks,753,0.4568,3,-0.0296
19154,Coconut Fruit Bars,ice cream ice,frozen,2862,0.5164,8,-0.0297
7349,"Bread, Sliced, Extra Sourdough",bread,bakery,705,0.4567,3,-0.0297
23407,100% Natural Sweetener Zero Calorie Packets,baking ingredients,pantry,762,0.4567,3,-0.0298
33871,Smarty Dish Pink Grapefruit Dishwasher Detergent Tabs,dish detergents,household,563,0.4583,1,-0.0298
42987,Krinkle Cut Salt & Fresh Ground Pepper Potato Chips,chips pretzels,snacks,2130,0.5061,7,-0.0299
27156,Organic Black Beans,canned meals beans,canned goods,38001,0.5882,10,-0.03
13014,Organic Gluten Free Spaghetti,dry pasta,dry goods pasta,1498,0.502,6,-0.0301
10371,Wild Pink Salmon,canned meat seafood,canned goods,624,0.4728,2,-0.0302
16290,Sparkling Clementine Juice,soft drinks,beverages,6301,0.5463,9,-0.0302
49326,Cereal Variety Fun Pack,cereal,breakfast,1249,0.4876,5,-0.0305
42834,Organic Mini Peeled Carrots,packaged vegetables fruits,produce,1800,0.5056,7,-0.0305
24983,Plus A Touch of Downy April Fresh Liquid Laundry Detergent,laundry,household,577,0.4575,1,-0.0305
12858,Pecan Pie Fruit & Nut Food Bar,energy granola bars,snacks,1818,0.5055,7,-0.0305
33245,Cole Slaw,packaged vegetables fruits,produce,1278,0.5016,6,-0.0306
34358,Garlic,fresh vegetables,produce,36617,0.5874,10,-0.0308
6271,Original Havarti Cheese,packaged cheese,dairy eggs,514,0.4572,1,-0.0309
28242,Drinkable Blueberry Non-Fat Yogurt,yogurt,dairy eggs,608,0.472,2,-0.0309
44961,Ginger Snap Cookies,cookies cakes,snacks,2231,0.5052,7,-0.0309
32650,White Giant Paper Towel Rolls,paper goods,household,5878,0.5456,9,-0.0309
3970,Organic Shiitake Sesame Dressing,salad dressing toppings,pantry,501,0.4571,1,-0.031
39890,"Stock, Roasted Chicken",soup broth bouillon,canned goods,691,0.4718,2,-0.0311
46738,Microwave in Bag Green Beans,packaged vegetables fruits,produce,2439,0.515,8,-0.0311
38226,Dark Chocolate Chips,candy chocolate,snacks,1999,0.5048,7,-0.0313
8744,Mixed Vegetables,frozen produce,frozen,2908,0.5148,8,-0.0313
28248,Baby Spinach & Arugula,packaged vegetables fruits,produce,893,0.4692,4,-0.0314
35752,Hardwood SmokedCenter Cut Original Bacon,hot dogs bacon sausage,meat seafood,5124,0.5451,9,-0.0314
49007,Provolone Cheese Slices,packaged cheese,dairy eggs,789,0.455,3,-0.0315
19101,"Quinoa, Kale & Red Lentil Soup",prepared soups salads,deli,517,0.4565,1,-0.0316
16868,Sonoma Yellow Corn Organic Tortillas,tortillas flat bread,bakery,936,0.469,4,-0.0316
46227,Organic Pita Bread,tortillas flat bread,bakery,645,0.4713,2,-0.0316
46069,Supergreens!,packaged vegetables fruits,produce,9240,0.5866,10,-0.0316
13396,Chicken Corn Chowder Soup,soup broth bouillon,canned goods,539,0.4564,1,-0.0317
45842,Natural Sour Cream,other creams cheeses,dairy eggs,2848,0.5144,8,-0.0317
13194,Chewy Granola Bars Variety Pack,energy granola bars,snacks,2209,0.5043,7,-0.0317
30563,Strained Non-Fat Strawberry Icelandic Style Skyr Yogurt,missing,missing,750,0.4547,3,-0.0318
25584,Yellow Corn Tortillas,tortillas flat bread,bakery,1469,0.5003,6,-0.0318
7862,Raw Shrimp,frozen meat seafood,frozen,3960,0.5447,9,-0.0318
10580,Pepperoni,lunch meat,deli,1549,0.5003,6,-0.0318
9020,Boneless Skinless Chicken Thighs,poultry counter,meat seafood,10550,0.5864,10,-0.0319
43715,40% Less Sodium Taco Seasoning Mix,spices seasonings,pantry,500,0.456,1,-0.0321
17830,Premium Organic Strawberry Spread,spreads,pantry,2014,0.504,7,-0.0321
16221,Golden Oreo Sandwich Cookies,cookies cakes,snacks,832,0.4543,3,-0.0321
38063,Cocoa Puffs Cereal,cereal,breakfast,1360,0.5,6,-0.0321
36956,Stringless Sugar Snap Peas,packaged vegetables fruits,produce,5410,0.5444,9,-0.0321
44870,Franks,hot dogs bacon sausage,meat seafood,933,0.4684,4,-0.0322
10476,Organic Deep Greens Kale Blend,packaged vegetables fruits,produce,631,0.4707,2,-0.0322
29429,Crunch Berries Cereal,cereal,breakfast,1553,0.4997,6,-0.0325
13640,Asian Pears,fresh fruits,produce,2238,0.5036,7,-0.0325
12149,Grade AA Extra Large Eggs,eggs,dairy eggs,1141,0.4855,5,-0.0325
23094,Organic Lentil Soup,soup broth bouillon,canned goods,3991,0.544,9,-0.0325
11933,Grated Parmigiano Reggiano,specialty cheeses,dairy eggs,1788,0.5034,7,-0.0327
33959,Chocolate Chip Gelato,ice cream ice,frozen,734,0.4537,3,-0.0328
9133,Original Long Grain & Wild Rice Mix,instant foods,dry goods pasta,831,0.4537,3,-0.0328
20919,Baby Spinach Salad,packaged vegetables fruits,produce,5571,0.5437,9,-0.0328
18353,Traditional Chicken Burrito,frozen meals,frozen,547,0.4552,1,-0.0328
22053,Fruity Pebbles Rice Cereal,cereal,breakfast,732,0.4536,3,-0.0329
26133,Classic Macaroni & Mild Cheddar Cheese,instant foods,dry goods pasta,1773,0.5031,7,-0.0329
5746,Heavy Cream,cream,dairy eggs,4927,0.5435,9,-0.033
48600,Organic Cinnamon Apple Chips,nuts seeds dried fruit,snacks,2553,0.5131,8,-0.033
12817,Original Baked Whole Grain Wheat Crackers,crackers,snacks,4344,0.5435,9,-0.033
23181,Buffalo Chicken Wings,poultry counter,meat seafood,783,0.4534,3,-0.0331
42606,Phish Food Frozen Yogurt,ice cream ice,frozen,877,0.4675,4,-0.0331
34827,Rich & Hearty New England Clam Chowder Soup,soup broth bouillon,canned goods,543,0.4549,1,-0.0332
37462,Brown Rice Pasta Spirals,dry pasta,dry goods pasta,1427,0.4989,6,-0.0332
39132,Plastic Cup Squared Base - 30 CT,plates bowls cups flatware,household,1780,0.5028,7,-0.0332
26128,Organic Mango Chunks,frozen produce,frozen,7477,0.585,10,-0.0332
32052,Organic Brown Rice Cake Salt-Free,crackers,snacks,4346,0.5433,9,-0.0332
1405,Kids Soft and Chewy Candy,candy chocolate,snacks,980,0.4673,4,-0.0333
12782,Bun Length Beef Franks,hot dogs bacon sausage,meat seafood,1806,0.5028,7,-0.0333
40254,Protein Oats & Honey Cheerios,cereal,breakfast,508,0.4547,1,-0.0333
17017,Organico Bello Marinara Pasta Sauce,pasta sauce,dry goods pasta,541,0.4547,1,-0.0333
31196,Half Dozen Grade A White Eggs Large,eggs,dairy eggs,1044,0.4847,5,-0.0334
22512,Organic Refined Sunflower Oil,oils vinegars,pantry,882,0.4671,4,-0.0335
23413,Chunky Monkey® Ice Cream,ice cream ice,frozen,583,0.4545,1,-0.0335
43192,Dark with 70% Cacao Content Organic Chocolate Bar,candy chocolate,snacks,5201,0.543,9,-0.0335
14627,Organic Chewy Oatmeal Raisin Granola Bars,energy granola bars,snacks,837,0.4528,3,-0.0337
27959,Premium Indian Tonic Water,soft drinks,beverages,1690,0.5024,7,-0.0337
31040,Sea Salt Pita Chips,chips pretzels,snacks,16626,0.5844,10,-0.0338
20281,Scoops! Corn Snacks,chips pretzels,snacks,535,0.4542,1,-0.0338
7877,Chicken Thighs,packaged poultry,meat seafood,2948,0.5122,8,-0.0339
30661,Lower Sugar Maple & Brown Sugar Instant Oatmeal,hot cereal pancake mixes,breakfast,1395,0.4982,6,-0.0339
45194,Unsalted Sweet Cream Butter,butter,dairy eggs,840,0.4667,4,-0.0339
46654,Organic Grade A Large Brown Eggs,eggs,dairy eggs,15703,0.5843,10,-0.0339
7249,Crunchy Rice Rollers,crackers,snacks,1705,0.5021,7,-0.034
36675,"Kale Krunch, Organic, Southwest Ranch",chips pretzels,snacks,1060,0.484,5,-0.0341
35665,Nutter Butter Cookies,cookies cakes,snacks,787,0.4524,3,-0.0341
14927,Blueberry,fresh fruits,produce,1275,0.4839,5,-0.0341
7911,Organic Fruitful Os Cereal,cereal,breakfast,1504,0.498,6,-0.0341
32019,Chicken Carbonara,frozen meals,frozen,564,0.4539,1,-0.0342
3188,Chayote,fresh vegetables,produce,531,0.4539,1,-0.0342
22178,Sweet Italian Sausage,hot dogs bacon sausage,meat seafood,1382,0.4978,6,-0.0343
20580,Original Real Vegetable Chips,chips pretzels,snacks,7746,0.5839,10,-0.0343
10145,Simple Favorites Chicken Enchilada Suiza,frozen meals,frozen,1376,0.4978,6,-0.0343
14780,Jalapeno Cilantro Salsa,preserved dips spreads,pantry,2419,0.5118,8,-0.0343
32727,Reduced Fat 4 Cheese Mexican Shredded Cheese,packaged cheese,dairy eggs,1350,0.4978,6,-0.0344
7898,Ginger Beer,soft drinks,beverages,2083,0.5017,7,-0.0344
12144,Gluten-Free Chicken Nuggets,frozen meat seafood,frozen,5377,0.5421,9,-0.0344
47800,Natural Medium Cheddar Cheese Block,packaged cheese,dairy eggs,507,0.4536,1,-0.0344
7414,Wheat Hamburger Buns,buns rolls,bakery,761,0.452,3,-0.0344
12403,Original Mashed Potatoes,instant foods,dry goods pasta,1158,0.4836,5,-0.0345
10117,Sausalito Milk Chocolate Macadamia Cookies,cookies cakes,snacks,739,0.452,3,-0.0345
9434,Bag of Large Lemons,frozen meat seafood,frozen,2678,0.5116,8,-0.0345
41966,Cored Pineapple,packaged vegetables fruits,produce,1210,0.4835,5,-0.0346
5770,97% Fat Free Beef Franks,hot dogs bacon sausage,meat seafood,1262,0.4834,5,-0.0347
28380,Organic Grass-Fed Real Aged Cheddar & Macaroni Shells,instant foods,dry goods pasta,1357,0.4974,6,-0.0347
9213,Cauliflower Crumbles,packaged vegetables fruits,produce,1528,0.4974,6,-0.0348
9210,Fresh Whole Chicken,packaged poultry,meat seafood,3773,0.5417,9,-0.0348
43488,Cheese Pizza Rolls,frozen appetizers sides,frozen,994,0.4658,4,-0.0348
365,Cheerios Cereal,cereal,breakfast,7830,0.5834,10,-0.0348
34269,Oriental Flavor Ramen Noodle Soup,instant foods,dry goods pasta,534,0.4532,1,-0.0349
32467,Organic Living Butter Lettuce,fresh vegetables,produce,3658,0.5416,9,-0.0349
33716,Apple Pie Fruit & Nut Food Bar,energy granola bars,snacks,7476,0.5832,10,-0.035
26283,White Corn,fresh vegetables,produce,18906,0.5831,10,-0.0351
37951,Sweet Italian Pork Sausage,packaged meat,meat seafood,510,0.4529,1,-0.0351
13385,Italian Style Smoked Chicken Sausage With Mozzarella Cheese,hot dogs bacon sausage,meat seafood,791,0.4513,3,-0.0351
39911,Sensible Foods Kale Veggie Burgers - 4 CT,frozen vegan vegetarian,frozen,2617,0.5109,8,-0.0352
48175,Organic Butternut Squash Ravioli,frozen meals,frozen,550,0.4527,1,-0.0353
4986,Light Butter with Canola,butter,dairy eggs,1383,0.4967,6,-0.0354
14992,Green Beans,fresh vegetables,produce,29069,0.5828,10,-0.0354
33745,Oats and Honey Protein Crunchy Granola,granola,breakfast,948,0.4652,4,-0.0354
48790,Oral Electrolyte Solution Mixed Fruit,baby food formula,babies,629,0.4674,2,-0.0355
4350,Mushroom And Ricotta Ravioli,specialty cheeses,dairy eggs,974,0.4651,4,-0.0355
9076,Blueberries,frozen produce,frozen,55946,0.5826,10,-0.0357
40380,Light and Lean Meatless Swedish Meatballs With Broccoli And Pasta,frozen meals,frozen,504,0.4524,1,-0.0357
35976,Sweet Cream Whipped Butter Salted,butter,dairy eggs,854,0.4649,4,-0.0357
34321,Original Pepperoni,lunch meat,deli,2157,0.5002,7,-0.0358
20955,Cereal,cereal,breakfast,12184,0.5822,10,-0.036
11014,Cool Ranch Tortilla Chips,chips pretzels,snacks,1253,0.482,5,-0.036
29826,Salty Date Raincoast Crisps,crackers,snacks,1415,0.4961,6,-0.036
14464,Dulce de Leche Caramel Ice Cream,ice cream ice,frozen,1708,0.5,7,-0.036
22695,Steamfresh Super Sweet Corn,frozen produce,frozen,2092,0.5,7,-0.036
34854,"Steamfresh Selects Frozen Broccoli, Cauliflower & Carrots",frozen produce,frozen,1193,0.482,5,-0.0361
3992,California Diced Peaches Packed in Water No Sugar Added,canned fruit applesauce,canned goods,677,0.4668,2,-0.0361
28535,Cucumber & Garlic  Tzatziki,preserved dips spreads,pantry,7112,0.582,10,-0.0363
15872,Celery Hearts,fresh vegetables,produce,13039,0.5819,10,-0.0363
18498,Broccoli Florets Steamers,frozen produce,frozen,702,0.4501,3,-0.0363
35619,Corn Chex Cereal,cereal,breakfast,868,0.4643,4,-0.0363
40063,Gluten Free Chocolate Chip Cookies,cookies cakes,snacks,9279,0.5819,10,-0.0364
41642,Santa Cruz OG Sdls Red Raspberry Fruit Spread,spreads,pantry,950,0.4642,4,-0.0364
6244,Club Soda Lower Sodium,soft drinks,beverages,1169,0.4816,5,-0.0364
7079,Organic Alfalfa Sprouts,fresh vegetables,produce,1626,0.4957,6,-0.0364
40354,California Clementines,fresh fruits,produce,2588,0.5097,8,-0.0364
49608,"Certified Organic Spanish Style Rice With Quinoa, Red Bell Peppers & Corn",instant foods,dry goods pasta,780,0.45,3,-0.0365
12986,Cinnamon Multigrain Cereal,cereal,breakfast,1388,0.4957,6,-0.0365
32519,Honey Maid Fresh Stack Honey Grahams,cookies cakes,snacks,1004,0.4641,4,-0.0365
42936,Nacho Cheese Chips,chips pretzels,snacks,2152,0.4995,7,-0.0365
18923,Organic Minestrone Soup,prepared soups salads,deli,1028,0.4815,5,-0.0365
8523,Scoops,chips pretzels,snacks,827,0.4498,3,-0.0366
14143,Hot Roasted Habanero Salsa,preserved dips spreads,pantry,576,0.4514,1,-0.0367
837,California Merlot,red wines,alcohol,514,0.4514,1,-0.0367
26695,Garlic Marinara Pasta Sauce,pasta sauce,dry goods pasta,756,0.4497,3,-0.0367
20114,Jalapeno Peppers,fresh vegetables,produce,42561,0.5813,10,-0.0369
35919,"Raspberries, Organic, Freeze-Dried",nuts seeds dried fruit,snacks,629,0.4658,2,-0.0371
43509,Ultra Thin Roast Beef,lunch meat,deli,614,0.4658,2,-0.0371
13889,Cashew Milk Salted Caramel Cluster Non-Dairy Frozen Dessert,ice cream ice,frozen,1281,0.4949,6,-0.0372
30695,Milk Chocolate Bar,candy chocolate,snacks,1627,0.4948,6,-0.0374
38890,No Pulp Calcium & Vitamin D Pure Premium 100% Pure Orange Juice,juice nectars,beverages,7501,0.5809,10,-0.0374
17731,Gluten Free Matzo-Style Squares,kosher foods,international,911,0.4632,4,-0.0374
21194,Chickpeas! Pasta Shells,dry pasta,dry goods pasta,775,0.449,3,-0.0374
44053,Sweetened Light Whipped Cream,cream,dairy eggs,1512,0.4947,6,-0.0374
26246,Mini Double Caramel Ice Cream Bars,ice cream ice,frozen,651,0.4654,2,-0.0375
48742,Quick 1 Minute Whole Grain Oats,hot cereal pancake mixes,breakfast,1723,0.4985,7,-0.0375
47325,100% Pomegranate Juice,juice nectars,beverages,2509,0.5086,8,-0.0375
21543,Organic Quick Oats,hot cereal pancake mixes,breakfast,9893,0.5806,10,-0.0376
17867,Ultimates Chocolate Chip Lovers Cookie Dough,doughs gelatins bake mixes,pantry,1147,0.4804,5,-0.0377
5710,Fresh Care* Flushable Cleansing Cloths Refill,paper goods,household,524,0.4504,1,-0.0377
28459,Golden Grahams Cereal,cereal,breakfast,1043,0.4803,5,-0.0377
42741,Red Velvet Ice Cream,ice cream ice,frozen,722,0.4488,3,-0.0377
30227,Bag of Dutch Yellow Fingerling Potatoes,fresh vegetables,produce,740,0.4486,3,-0.0378
2750,Savory Turkey Breakfast Sausage Patties,frozen breakfast,frozen,1319,0.4943,6,-0.0378
30309,Sour Brite Crawlers Gummi Candy,candy chocolate,snacks,673,0.4651,2,-0.0378
32175,Root Beer Soda,soft drinks,beverages,886,0.4628,4,-0.0379
15134,Strawberry Gelatin,refrigerated pudding desserts,dairy eggs,2208,0.4982,7,-0.0379
28849,No Salt Added Black Beans,canned meals beans,canned goods,27924,0.5803,10,-0.0379
7088,Organic Cheddar Bunnies,crackers,snacks,3823,0.5386,9,-0.0379
39134,All Natural Red Tomato Mild Salsa Mexican with Green Chile & Cilantro,preserved dips spreads,pantry,843,0.4626,4,-0.038
8076,Euro Classic Brioche Hot Dog Buns,buns rolls,bakery,1623,0.4941,6,-0.038
121,Sharp Cheddar,packaged cheese,dairy eggs,1202,0.48,5,-0.038
28228,Mesquite Smoked Turkey Breast,lunch meat,deli,1050,0.48,5,-0.038
3999,Bosc Pear,fresh fruits,produce,5711,0.5384,9,-0.0381
25504,Toasted Caramel Coconut Chips,nuts seeds dried fruit,snacks,707,0.4484,3,-0.0381
27335,Earl Grey Black Tea,tea,beverages,682,0.4648,2,-0.0381
13544,3 Color Deli Coleslaw,packaged vegetables fruits,produce,1593,0.494,6,-0.0381
7952,Chicken & Apple Breakfast Sausage,hot dogs bacon sausage,meat seafood,5730,0.5384,9,-0.0381
9766,Avocado Oil Himalayan Salt Chips,chips pretzels,snacks,1269,0.4799,5,-0.0381
4137,Whole Grain Oat Cereal,cereal,breakfast,6132,0.5383,9,-0.0382
27642,Chicken-Free Strips Seasoned,frozen vegan vegetarian,frozen,680,0.4647,2,-0.0382
48845,Roasted Brussels Sprouts,prepared meals,deli,1553,0.4939,6,-0.0383
46749,Crunchy Cheese Flavored Snacks,chips pretzels,snacks,902,0.4623,4,-0.0383
25779,"Herbal Tea, Organic, Turmeric Ginger, Caffeine-Free, Bags",tea,beverages,547,0.4497,1,-0.0383
19190,Curved Panty Liners,feminine care,personal care,536,0.4496,1,-0.0384
9963,Ultra Thin Pepper Jack Cheese Slices,packaged cheese,dairy eggs,516,0.4496,1,-0.0384
8805,Vanilla Frozen Yogurt,ice cream ice,frozen,516,0.4496,1,-0.0384
8057,Organic Chicken & Mozzarella Ravioli,fresh pasta,dry goods pasta,1017,0.4621,4,-0.0385
27045,All Natural Sour Cream,other creams cheeses,dairy eggs,788,0.448,3,-0.0385
16759,Organic Carrot Bunch,fresh vegetables,produce,35820,0.5796,10,-0.0386
46785,Shredded Red Cabbage,packaged vegetables fruits,produce,1912,0.4974,7,-0.0387
18234,Organic Spinach Bunch,fresh vegetables,produce,11843,0.5795,10,-0.0387
47044,Organic Soups Low Fat Split Pea,soup broth bouillon,canned goods,1133,0.4793,5,-0.0388
11262,Extra Thick Whole Grain Rolled Oats,hot cereal pancake mixes,breakfast,864,0.4618,4,-0.0388
41277,French Bread,bread,bakery,1200,0.4792,5,-0.0389
12023,Toasted Coconut Chips Original Recipe,nuts seeds dried fruit,snacks,3488,0.5376,9,-0.0389
44923,Zesty Lemon Sorbet,ice cream ice,frozen,724,0.4475,3,-0.0389
38984,Kale & Spinach Superfood Puffs,baby food formula,babies,3423,0.5072,8,-0.0389
47630,Medium Navel Orange,fresh fruits,produce,9959,0.5793,10,-0.039
40568,Paleo Pancake & Waffle Mix,hot cereal pancake mixes,breakfast,977,0.4616,4,-0.039
22667,Original Sweet Dinner Rolls,buns rolls,bakery,1371,0.4931,6,-0.0391
10,Sparkling Orange Juice & Prickly Pear Beverage,water seltzer sparkling water,beverages,2572,0.507,8,-0.0391
43194,Natural Cellulose Scrub Sponge,cleaning products,household,1562,0.493,6,-0.0392
11067,100% Whole Wheat Hot Dog Buns,buns rolls,bakery,880,0.4614,4,-0.0392
18019,Macaroni & Cheese Dinner Original Flavor,instant foods,dry goods pasta,6081,0.5372,9,-0.0393
49630,Cut Leaf Spinach,frozen produce,frozen,537,0.4488,1,-0.0393
41387,Plastic Spoons,plates bowls cups flatware,household,1850,0.4968,7,-0.0393
24035,Coconut  Chocolate Bar,energy granola bars,snacks,3045,0.5067,8,-0.0394
11629,Classic Meatless Meatballs,tofu meat alternatives,deli,2755,0.5067,8,-0.0394
31528,Natural Emmentaler Swiss Cheese,packaged cheese,dairy eggs,1929,0.4966,7,-0.0394
18908,Pizza Dough,frozen breads doughs,frozen,2840,0.5067,8,-0.0394
36253,Parmesan Cheese Grated from the block,packaged cheese,dairy eggs,1496,0.4926,6,-0.0395
7173,Organic Ville Organic Pasta Sauce Marinara,pasta sauce,dry goods pasta,615,0.4634,2,-0.0395
4374,Ultra Soft Bathroom Tissue Double Rolls,paper goods,household,1702,0.4965,7,-0.0396
47965,TLC Cherry Dark Chocolate Chewy Granola,energy granola bars,snacks,2602,0.5065,8,-0.0396
15689,Crispy Gluten Free Baked Multigrain Crackers,crackers,snacks,522,0.4483,1,-0.0398
28883,Organic Yellow Corn Taco Shells 12 Count,latino foods,international,637,0.4631,2,-0.0398
14462,Sliced Black Olives,pickled goods olives,pantry,10816,0.5784,10,-0.0398
21372,Lotion With Aloe & E Upright Facial Tissue,paper goods,household,1487,0.4923,6,-0.0399
20460,Organic Quick Cooking Rolled Oats,hot cereal pancake mixes,breakfast,1469,0.4922,6,-0.04
41720,Fresh Mozzarella,packaged cheese,dairy eggs,1094,0.4781,5,-0.04
13877,Smoked Salmon,packaged seafood,meat seafood,4054,0.5365,9,-0.04
6638,Organic Brown Rice Crisps Cereal,cereal,breakfast,2149,0.496,7,-0.04
16019,All-In-One French Vanilla Nutritional Shake Sachet,protein meal replacements,personal care,674,0.4629,2,-0.04
37311,Whole Frozen Strawberries,frozen produce,frozen,500,0.448,1,-0.0401
7058,Vidalia Onions,fresh vegetables,produce,1514,0.4921,6,-0.0401
32492,Heath Candy Flavored Ice Cream Bars,ice cream ice,frozen,820,0.4463,3,-0.0401
47788,Honeydew Melon,fresh fruits,produce,8291,0.5781,10,-0.0401
28601,Collard Greens,fresh vegetables,produce,10455,0.5781,10,-0.0401
2562,Quick & Easy Steel Cut Irish Oatmeal,hot cereal pancake mixes,breakfast,923,0.4605,4,-0.0402
44048,Original HE Liquid Laundry Detergent,laundry,household,527,0.4478,1,-0.0402
16882,Baby Spring Mix,packaged vegetables fruits,produce,3806,0.5363,9,-0.0402
20536,Organic 100% Whole Wheat No. 4 Spaghetti,dry pasta,dry goods pasta,869,0.4603,4,-0.0403
33368,Green Skinned Avocado,fresh vegetables,produce,1283,0.4918,6,-0.0403
35413,Freshly made pasta layered between a rich meat sauce and topped with Real Mozzarella cheese Lasagna with Meat & Sauce,frozen meals,frozen,867,0.4602,4,-0.0404
7485,Garlic Hummus,fresh dips tapenades,deli,8179,0.5778,10,-0.0404
32293,Organic Bunny Fruit Tropical Treat Fruit Snacks,fruit vegetable snacks,snacks,4311,0.5361,9,-0.0404
46656,Butter Microwave Popcorn,popcorn jerky,snacks,1160,0.4776,5,-0.0405
12339,Traditional Pasta Sauce,pasta sauce,dry goods pasta,928,0.4601,4,-0.0405
28698,Asian Noodle Salad,prepared soups salads,deli,1047,0.4776,5,-0.0405
44491,All Natural Fresh Buttermilk Ranch Dressing Marinade,salad dressing toppings,pantry,740,0.4459,3,-0.0405
8555,Sweet Potato Tortilla Chips,chips pretzels,snacks,7920,0.5777,10,-0.0406
39990,Vegetable Fried Rice,frozen meals,frozen,1857,0.4954,7,-0.0406
36685,50/50 Spring Mix & Baby Spinach,packaged vegetables fruits,produce,3033,0.5054,8,-0.0407
44349,Dry Roasted Pumpkin Seeds,nuts seeds dried fruit,snacks,747,0.4458,3,-0.0407
49605,Classic Hummus Family Size,fresh dips tapenades,deli,5873,0.5355,9,-0.041
20828,Original Medium Picante Sauce,preserved dips spreads,pantry,890,0.4596,4,-0.0411
25506,Tall Compostable Kitchen Bags,trash bags liners,household,1511,0.4911,6,-0.0411
40910,Root Beer,soft drinks,beverages,7642,0.5771,10,-0.0412
47759,Mandarin Oranges,fresh fruits,produce,11238,0.5771,10,-0.0412
23586,Vanilla Non Dairy Frozen Dessert Minis,ice cream ice,frozen,1078,0.4768,5,-0.0412
34497,"Prosciutto, Americano",lunch meat,deli,4346,0.5352,9,-0.0413
6849,Bone In Beef Rib Steak,meat counter,meat seafood,689,0.4615,2,-0.0414
36651,Pizza Poppers Uncured Pepperoni,frozen meals,frozen,2758,0.5047,8,-0.0414
48219,Organic Mild Vinegar Beets,canned jarred vegetables,canned goods,719,0.4451,3,-0.0414
36506,Extra Cheesy Cheddar Bunnies Crackers,crackers,snacks,553,0.4467,1,-0.0414
3330,White Cheddar Snack Crackers Cheddar Bunnies,crackers,snacks,2238,0.4946,7,-0.0414
48568,Beer 'n Bratwurst,hot dogs bacon sausage,meat seafood,773,0.445,3,-0.0414
21711,Gouda,specialty cheeses,dairy eggs,524,0.4466,1,-0.0415
46782,Yellow Corn Taco Shells - 12 CT,latino foods,international,1108,0.4765,5,-0.0415
27189,Turkey Smoked Sausage,hot dogs bacon sausage,meat seafood,798,0.4449,3,-0.0416
45104,ALMONDBREEZE UNSWEETENED,soy lactosefree,dairy eggs,9541,0.5766,10,-0.0417
1700,White Cheddar Popcorn,popcorn jerky,snacks,7788,0.5765,10,-0.0417
18079,"Veggie Burger, Quarter Pound",frozen vegan vegetarian,frozen,861,0.4588,4,-0.0418
10699,Rosemary & Sea Salt Fries,frozen appetizers sides,frozen,970,0.4588,4,-0.0418
10992,Ultimate Flora Critical Care 50 Billion,digestion,personal care,576,0.4462,1,-0.0419
15923,Supremely Spicy Hummus,fresh dips tapenades,deli,2723,0.5042,8,-0.0419
29864,Organic Pumpkin Seeds,nuts seeds dried fruit,snacks,520,0.4462,1,-0.0419
30849,Blueberries Pint,fresh fruits,produce,4529,0.5346,9,-0.0419
41047,Tropical Tango Punch Organic Juice Drink,juice nectars,beverages,1084,0.476,5,-0.042
79,Wild Albacore Tuna No Salt Added,canned meat seafood,canned goods,3585,0.5344,9,-0.0421
33847,Cookies And Cream Ice Cream,ice cream ice,frozen,868,0.4585,4,-0.0421
5969,Black Bean Tortilla Chips,chips pretzels,snacks,916,0.4585,4,-0.0421
16237,Finely Shredded Mozzarella Cheese,packaged cheese,dairy eggs,903,0.4585,4,-0.0421
24631,Light & Lean Spinach Lasagna,frozen meals,frozen,3812,0.5344,9,-0.0421
20631,Organic Spring Vegetables & Pasta Stage 3 Baby Food,baby food formula,babies,599,0.4608,2,-0.0421
43320,Garlic & Wine Sopressata Salami,lunch meat,deli,743,0.4441,3,-0.0423
36070,"Super Spinach! Baby Spinach, Baby Bok Choy, Sweet Baby Kale",packaged vegetables fruits,produce,14572,0.5759,10,-0.0423
21293,Dry Roasted Lightly Salted Peanuts,nuts seeds dried fruit,snacks,2222,0.4937,7,-0.0423
28570,Sundried Tomato Organic,fruit vegetable snacks,snacks,813,0.444,3,-0.0424
15057,Fresh Care Flushable Cleansing Cloths Refills,paper goods,household,1144,0.4755,5,-0.0425
17334,Coffee Ice Cream,ice cream ice,frozen,3770,0.534,9,-0.0425
49075,Organic Brown Rice,frozen meals,frozen,14276,0.5756,10,-0.0426
42469,Pacific Cod Fillet,seafood counter,meat seafood,1096,0.4754,5,-0.0427
14579,Watermelon Lemonade,tea,beverages,1073,0.4753,5,-0.0427
31134,Mediterranean Apricots,nuts seeds dried fruit,snacks,944,0.4576,4,-0.043
45581,Prunes,nuts seeds dried fruit,snacks,564,0.445,1,-0.043
36962,Dill Pickle Spears,pickled goods olives,pantry,1838,0.4929,7,-0.0431
40556,Cornbread,bread,bakery,1173,0.4749,5,-0.0432
13997,Braeburn Apple,fresh fruits,produce,1798,0.4928,7,-0.0433
5994,Traditional Refried Beans,canned meals beans,canned goods,4925,0.5332,9,-0.0433
48485,Soups Mushroom Bisque with Porcini,soup broth bouillon,canned goods,1108,0.4747,5,-0.0433
18090,Organic Large White Flesh Peach,fresh fruits,produce,4925,0.5328,9,-0.0437
19333,Select 100% Whole Wheat Sandwich Rolls,buns rolls,bakery,625,0.4592,2,-0.0437
35535,Organic Red Chard Greens,fresh vegetables,produce,11029,0.5745,10,-0.0437
38635,Steamed Baby Beets,packaged vegetables fruits,produce,612,0.4592,2,-0.0438
34927,Beef Taquitos,frozen appetizers sides,frozen,1244,0.4743,5,-0.0438
25552,Organic Steel Cut Oats,hot cereal pancake mixes,breakfast,1628,0.4883,6,-0.0438
26396,Bold Party Blend Snack Mix,trail mix snack mix,snacks,511,0.4442,1,-0.0438
18988,Ultra Soft & Strong® Toilet Paper Double Rolls,paper goods,household,1782,0.4921,7,-0.0439
18488,Pure Cane Individual Packets Sugar,baking ingredients,pantry,554,0.444,1,-0.044
41540,Organic Whole White Mushrooms,fresh vegetables,produce,6515,0.5742,10,-0.044
13627,English Breakfast Tea Bags,tea,beverages,1001,0.4565,4,-0.0441
63,Banana & Sweet Potato Organic Teething Wafers,baby food formula,babies,1129,0.4739,5,-0.0442
7925,Extra Lean Ground Turkey Breast,packaged poultry,meat seafood,1453,0.488,6,-0.0442
40348,Large Burrito Flour Tortillas,tortillas flat bread,bakery,6023,0.5323,9,-0.0442
39005,100% Whole Wheat Farfalle No. 87,dry pasta,dry goods pasta,787,0.4422,3,-0.0443
1117,Turkey Bacon,hot dogs bacon sausage,meat seafood,5132,0.5322,9,-0.0444
19202,Giant Roll Paper Towels,paper goods,household,1083,0.4737,5,-0.0444
45511,Extra Beer Bottles,beers coolers,alcohol,1043,0.4736,5,-0.0444
38838,Purely O's Organic Cereal,cereal,breakfast,2667,0.5017,8,-0.0444
17562,Olive Tapenade Hummus,fresh dips tapenades,deli,749,0.4419,3,-0.0445
41844,Honey Nut Cheerios,cereal,breakfast,26741,0.5737,10,-0.0446
39190,Vanilla Unsweetened Almond Milk,soy lactosefree,dairy eggs,10972,0.5736,10,-0.0446
36772,Bunny Pasta with Yummy Cheese Macaroni & Cheese,instant foods,dry goods pasta,8103,0.5736,10,-0.0446
30599,Homemade Vodka Sauce,pasta sauce,dry goods pasta,1860,0.4914,7,-0.0446
40621,Broccoli & Cauliflower,frozen produce,frozen,1128,0.4734,5,-0.0446
36259,Whole Natural Value Pack Almonds,nuts seeds dried fruit,snacks,2184,0.4913,7,-0.0447
38340,Everyday Plates 8.5 in,plates bowls cups flatware,household,928,0.4558,4,-0.0448
8680,Natural Choice Smoked Sliced Deli Turkey,lunch meat,deli,546,0.4432,1,-0.0448
12658,Cashew Milk Snickerdoodle Non-Dairy Frozen Dessert,ice cream ice,frozen,1044,0.4732,5,-0.0449
19084,Organic Grapefruit,fresh fruits,produce,690,0.458,2,-0.0449
14858,Multigrain Pita Chips,chips pretzels,snacks,5307,0.5316,9,-0.0449
46802,Pineapple Chunks,frozen produce,frozen,24950,0.5731,10,-0.0451
40021,Kix Crispy Corn Puffs Cereal,cereal,breakfast,750,0.4413,3,-0.0451
1003,Organic Turkey Bone Broth,marinades meat preparation,pantry,627,0.4577,2,-0.0452
46667,Organic Ginger Root,fresh vegetables,produce,52087,0.573,10,-0.0452
10998,Yellow Corn Organic Tortillas,tortillas flat bread,bakery,2771,0.5009,8,-0.0452
34968,Enriched Poppyseed Hot Dog Buns,buns rolls,bakery,662,0.4577,2,-0.0452
24928,Cocoa & Vanilla Bunny Cookies Gluten Free Bunny Cookies Gluten Free,cookies cakes,snacks,1030,0.4728,5,-0.0452
14355,Organic Beef Bone Broth,soup broth bouillon,canned goods,2052,0.4907,7,-0.0453
10732,Sensitive Skin Experts Cleansing Facial Wipes,facial care,personal care,739,0.4411,3,-0.0453
14505,Old World Style Organic Traditional Pasta Sauce,pasta sauce,dry goods pasta,705,0.4411,3,-0.0453
12980,Large Greenhouse Tomato,fresh vegetables,produce,10405,0.5729,10,-0.0453
30820,"Cheese Alternative, Mozzarella",soy lactosefree,dairy eggs,567,0.4427,1,-0.0454
4983,Sweets Medley Sea Salt Sweet Potato Chips,chips pretzels,snacks,1319,0.4867,6,-0.0454
32277,Cashew Milk Dark Chocolate Truffle Ice Cream,ice cream ice,frozen,857,0.4551,4,-0.0455
40545,Berry Medley,frozen produce,frozen,14227,0.5726,10,-0.0457
48123,Organic Silken Tofu,tofu meat alternatives,deli,1663,0.4865,6,-0.0457
38154,Original Sour Cream,other creams cheeses,dairy eggs,2072,0.4903,7,-0.0457
40969,Pure Clover Honey,honeys syrups nectars,pantry,1932,0.4902,7,-0.0459
32151,Gluten Free Wraps,tortillas flat bread,bakery,871,0.4546,4,-0.046
25952,Original Potato Chips,chips pretzels,snacks,3900,0.5305,9,-0.046
18327,Deli-Sliced Tamed Jalapeno Peppers,pickled goods olives,pantry,552,0.442,1,-0.046
40330,Corn Dogs,frozen appetizers sides,frozen,516,0.4419,1,-0.0462
30532,Chunky New England Clam Chowder,soup broth bouillon,canned goods,589,0.4567,2,-0.0462
46194,Burrata,packaged cheese,dairy eggs,1819,0.4898,7,-0.0462
30482,Calrose Rice,grains rice dried goods,dry goods pasta,1453,0.4859,6,-0.0462
30336,Organic Beans And Cheese Burrito,frozen meals,frozen,1628,0.4859,6,-0.0463
25072,Organic Cheddar Snack Mix,trail mix snack mix,snacks,4761,0.5301,9,-0.0464
38802,Country Potato Hamburger Buns,buns rolls,bakery,690,0.4565,2,-0.0464
42557,Crunchy Almond Butter,spreads,pantry,8324,0.5717,10,-0.0465
27681,Lower Sugar Instant Oatmeal  Variety,hot cereal pancake mixes,breakfast,1953,0.4895,7,-0.0465
25623,Real Guacamole,fresh dips tapenades,deli,3527,0.5299,9,-0.0466
31714,Feta Cheese In Brine,packaged cheese,dairy eggs,1411,0.4855,6,-0.0467
22920,Roasted & Salted Shelled Pistachios,nuts seeds dried fruit,snacks,1878,0.4894,7,-0.0467
21791,Mini Whole Wheat Pita Bread,tortillas flat bread,bakery,1626,0.4852,6,-0.0469
33015,Gluten Free Organic Soyrizo,tofu meat alternatives,deli,853,0.4537,4,-0.0469
17666,Fettuccine,fresh pasta,dry goods pasta,560,0.4411,1,-0.047
35721,Irish Aged Cheddar Cheese,specialty cheeses,dairy eggs,1172,0.471,5,-0.0471
15485,Green Tea Bags,tea,beverages,742,0.4394,3,-0.0471
38789,Peanut Butter Cups Minis,candy chocolate,snacks,733,0.4393,3,-0.0472
28473,Wavy Original Potato Chips,chips pretzels,snacks,1479,0.4848,6,-0.0474
22031,Zucchini Noodles,packaged vegetables fruits,produce,2120,0.4887,7,-0.0474
26475,Sensitive Facial Cleansing Towelettes,skin care,personal care,738,0.439,3,-0.0474
22120,Minis Mix Variety Bag,candy chocolate,snacks,918,0.4532,4,-0.0474
45957,Peach Mango Salsa,preserved dips spreads,pantry,2317,0.4985,8,-0.0476
6873,Organic Iceberg Lettuce,fresh vegetables,produce,14476,0.5706,10,-0.0476
44375,Canned Aranciata Orange,soft drinks,beverages,6257,0.5288,9,-0.0477
36130,Natural Choice Deli Oven Roasted Turkey,lunch meat,deli,1212,0.4703,5,-0.0478
36149,Beast Burger,frozen vegan vegetarian,frozen,2171,0.4883,7,-0.0478
19240,Organic Fuji Red Apple Chips,chips pretzels,snacks,3817,0.5287,9,-0.0478
40660,Almond Butter Smooth,spreads,pantry,782,0.4386,3,-0.0478
38050,All Natural Boneless Skinless Chicken Breasts,frozen meat seafood,frozen,837,0.4385,3,-0.048
28384,Sweet Peas,frozen produce,frozen,1446,0.4841,6,-0.048
42535,Assorted Chocolate Miniatures Chocolate Candy Bars,candy chocolate,snacks,884,0.4525,4,-0.0481
1468,Organic Peeled & Cooked Beets,packaged vegetables fruits,produce,5512,0.5283,9,-0.0482
26300,Spaghetti Protein Plus Pasta,dry pasta,dry goods pasta,753,0.4382,3,-0.0482
43568,Traditional Italian Sauce,pasta sauce,dry goods pasta,2776,0.4978,8,-0.0483
14419,Fresh Scent Laundry Detergent,laundry,household,1548,0.4839,6,-0.0483
4855,Diced Butternut Squash,packaged vegetables fruits,produce,1790,0.4877,7,-0.0483
8173,Boneless Ham Steak,lunch meat,deli,824,0.4381,3,-0.0484
39041,Original Wheat Thins,crackers,snacks,4605,0.5281,9,-0.0484
32429,Red Mango,fresh fruits,produce,8259,0.5698,10,-0.0484
26939,Penne Rigate Pasta,dry pasta,dry goods pasta,856,0.4521,4,-0.0485
23854,Wild Wonders Gourmet Medley Tomatoes,packaged vegetables fruits,produce,2246,0.4875,7,-0.0485
38726,Dill Sandwich Pickle Slices,pickled goods olives,pantry,1231,0.4695,5,-0.0485
48785,"Power Blend Superfood Brussels Sprouts, Napa Cabbage, Kohlrabi, Broccoli, Carrots & Kale",packaged vegetables fruits,produce,717,0.4379,3,-0.0485
18609,Organic Radicchio Castelfranco,fresh vegetables,produce,1842,0.4875,7,-0.0485
43726,Mixed Grapes,fresh fruits,produce,2298,0.4974,8,-0.0487
32020,Classic Ranch Yogurt Dressing,salad dressing toppings,pantry,1125,0.4693,5,-0.0487
184,Kisses Milk Chocolate Candy,candy chocolate,snacks,1040,0.4692,5,-0.0488
6218,Organic Avocados,fresh vegetables,produce,3276,0.4973,8,-0.0489
6606,Gluten Free Garden Vegetable Lasagna,frozen meals,frozen,1005,0.4517,4,-0.0489
32642,Roasted Chicken Breast,lunch meat,deli,2024,0.4872,7,-0.0489
16959,Toilet Paper Double Rolls - 24 CT,paper goods,household,567,0.4392,1,-0.0489
21333,Original Whipped Cream Cheese,other creams cheeses,dairy eggs,11179,0.5693,10,-0.0489
14955,Organic Prune Juice,juice nectars,beverages,597,0.4539,2,-0.049
31605,Cheese Curls,chips pretzels,snacks,1358,0.4831,6,-0.0491
3990,Natural Sharp Cheddar Sliced Cheese,packaged cheese,dairy eggs,7508,0.5691,10,-0.0491
48309,Kelp Noodles,asian foods,international,1325,0.483,6,-0.0491
28553,Whole Strawberries,frozen produce,frozen,8822,0.569,10,-0.0492
12381,Bowls Tortilla Casserole & Black Beans,frozen vegan vegetarian,frozen,1574,0.4828,6,-0.0493
17168,Organic Marinara Sauce,pasta sauce,dry goods pasta,819,0.4371,3,-0.0493
11571,Lemon Lime Soda Caffeine Free,soft drinks,beverages,522,0.4387,1,-0.0494
2495,Original Liquid Laundry Detergent,laundry,household,771,0.4371,3,-0.0494
21461,Triple Creme Goat Brie,packaged cheese,dairy eggs,3032,0.4967,8,-0.0494
26096,"Organic Gala Apples, Bag",fresh fruits,produce,3306,0.4967,8,-0.0494
37795,Dairy Pure 2% Reduced Fat Milk,milk,dairy eggs,600,0.4533,2,-0.0496
7641,Gluten Free Extra Crispy Fast Food French Fried Potatoes,frozen appetizers sides,frozen,918,0.451,4,-0.0496
5068,Cauliflower Florets,packaged produce,produce,8135,0.5685,10,-0.0497
29363,Cinnamon Cereal,cereal,breakfast,3109,0.4963,8,-0.0498
28842,Bunched Cilantro,fresh herbs,produce,45530,0.5684,10,-0.0499
29778,Pop Up Bowl Movie Theater Butter Popcorn,popcorn jerky,snacks,566,0.4382,1,-0.0499
27179,Rising Crust Pepperoni Pizza,frozen pizza,frozen,3648,0.5266,9,-0.0499
16869,Automatic Dishwasher Tablets Citrus - 25 CT,dish detergents,household,1014,0.4507,4,-0.0499
1086,Jack's Special Salsa Medium Hot,preserved dips spreads,pantry,881,0.4506,4,-0.05
36763,Pretzels Original Thins,chips pretzels,snacks,870,0.4506,4,-0.05
45249,Gluten Free Chocolate Chunk Cookies,doughs gelatins bake mixes,pantry,2284,0.486,7,-0.0501
42059,Boneless Beef Top Sirloin Steak,meat counter,meat seafood,500,0.438,1,-0.0501
46188,Pasta Angel Hair,dry pasta,dry goods pasta,625,0.4528,2,-0.0501
20406,Roasted Unsalted Almonds,other,other,564,0.4379,1,-0.0501
5552,Toasted Almond Gelato,ice cream ice,frozen,926,0.4503,4,-0.0503
43148,Organic Hummus Roasted Red Pepper,fresh dips tapenades,deli,612,0.4526,2,-0.0503
43713,Organic Creamy Peanut Butter,spreads,pantry,18040,0.5679,10,-0.0503
17559,Stand 'N Stuff Taco Dinner,latino foods,international,562,0.4377,1,-0.0503
35845,Yukon Gold Potato,packaged vegetables fruits,produce,1046,0.4675,5,-0.0506
46666,Rocky Road Ice Cream,ice cream ice,frozen,1518,0.4816,6,-0.0506
43945,Table Water Crackers with Cracked Pepper,crackers,snacks,1354,0.4815,6,-0.0506
30027,Organic Chard Green,fresh vegetables,produce,2083,0.4854,7,-0.0507
25745,Oreo  Ice Cream Sandwiches,ice cream ice,frozen,1912,0.4854,7,-0.0507
42240,Ultra Soft Facial Tissues,paper goods,household,6394,0.5258,9,-0.0507
17596,Fruity Cheerios Cereal,cereal,breakfast,648,0.4522,2,-0.0507
42110,Organic Macaroni Shells & Real Aged Cheddar,instant foods,dry goods pasta,10907,0.5673,10,-0.051
10668,Organic Mixed Herbs,fresh herbs,produce,515,0.4369,1,-0.0512
1543,Sliced Ripe Olives,pickled goods olives,pantry,642,0.4517,2,-0.0512
26848,Swiss Cheese Block,packaged cheese,dairy eggs,1597,0.4809,6,-0.0512
42471,Organic Lowfat Chocolate Milk,milk,dairy eggs,629,0.4515,2,-0.0514
35400,Gluten Free Baking & Packing Mix,hot cereal pancake mixes,breakfast,731,0.435,3,-0.0514
5103,Blueberry & Purple Sweet Potato  Super Puffs,baby food formula,babies,973,0.4491,4,-0.0515
41437,Hearty Minestrone with Vegetables Soup,soup broth bouillon,canned goods,1256,0.4666,5,-0.0515
10866,Organic Bunny-Luv Fresh Carrots,fresh vegetables,produce,830,0.4349,3,-0.0515
30450,Creamy Almond Butter,spreads,pantry,21490,0.5667,10,-0.0515
22451,Crinkle Cut French Fries,frozen appetizers sides,frozen,3694,0.5249,9,-0.0516
33443,Passion Fruit,fresh fruits,produce,1986,0.4844,7,-0.0517
20734,Organic Medjool Dates,nuts seeds dried fruit,snacks,10360,0.5665,10,-0.0517
45125,Boil-In-Bag Whole Grain Brown Rice,grains rice dried goods,dry goods pasta,518,0.4363,1,-0.0518
1035,Chamomile Citrus Caffeine Free Herbal Tea Artisan Whole Leaf Pouches,tea,beverages,918,0.4488,4,-0.0518
8800,Cheddar Jack Fine Cut,packaged cheese,dairy eggs,603,0.4511,2,-0.0518
12397,Earl Grey Tea Bags,tea,beverages,623,0.451,2,-0.0519
5923,Traditional Favorites Four Cheese Pasta Sauce,pasta sauce,dry goods pasta,1255,0.4661,5,-0.0519
23565,Jamon Serrano Dry Cured Ham,lunch meat,deli,874,0.4485,4,-0.0521
41065,Organic Yellow Squash,fresh vegetables,produce,11223,0.5661,10,-0.0522
22081,Rooibos Chai Herbal Tea Bags,tea,beverages,979,0.4484,4,-0.0522
12541,Organic Jazz Apple,fresh fruits,produce,514,0.4358,1,-0.0523
15017,Organic Ketchup Gluten Free,condiments,pantry,948,0.4483,4,-0.0523
23339,Sweet Corn On The Cob,fresh vegetables,produce,5355,0.5242,9,-0.0523
16349,Organic Yams,fresh vegetables,produce,20217,0.5659,10,-0.0523
43692,Shredded Mozzarella Cheese,packaged cheese,dairy eggs,4547,0.5241,9,-0.0524
15969,Solid White Albacore Premium Tuna in Water,canned meat seafood,canned goods,839,0.4482,4,-0.0525
34004,Mixed Berries Wildly Nutritious Signature Blends,frozen produce,frozen,765,0.434,3,-0.0525
11154,Corn Pops Cereal,cereal,breakfast,848,0.4481,4,-0.0525
10388,Classic Mixed Vegetables,frozen produce,frozen,1074,0.4655,5,-0.0525
21591,Premium Golden Seeded Hamburger Buns,buns rolls,bakery,615,0.4504,2,-0.0525
35939,Organic Jalapeno Pepper,fresh vegetables,produce,20262,0.5657,10,-0.0525
23139,Fresh Goat Cheese Classic,specialty cheeses,dairy eggs,924,0.4481,4,-0.0526
22105,Ultra Thin Sliced Provolone Cheese,packaged cheese,dairy eggs,1843,0.4835,7,-0.0526
37966,French Baguette Bread,bread,bakery,2537,0.4935,8,-0.0526
37119,Uncured Pepperoni,lunch meat,deli,8010,0.5655,10,-0.0527
38374,Milk and Cookies Ice Cream,ice cream ice,frozen,5003,0.5237,9,-0.0528
20042,Homemade Pizza Sauce,pasta sauce,dry goods pasta,1300,0.4792,6,-0.0529
31990,Unscented Pure Castile Soap,baby bath body care,babies,524,0.4351,1,-0.0529
25232,Lucky Charms Cereal,cereal,breakfast,2159,0.4831,7,-0.0529
939,Annie's Bunny Fruit Snacks Variety,fruit vegetable snacks,snacks,2170,0.4829,7,-0.0531
39557,Organic Premium Raspberry Spread,spreads,pantry,1288,0.479,6,-0.0531
46916,Organic Really Peely Bendy Berry Fruit Tape,fruit vegetable snacks,snacks,1263,0.4648,5,-0.0533
5973,Spicy Avocado Hummus,fresh dips tapenades,deli,3373,0.4927,8,-0.0534
32605,Glory's Sweet Cherry Tomatoes,fresh vegetables,produce,3134,0.4927,8,-0.0534
37011,Artichokes,fresh vegetables,produce,6536,0.5647,10,-0.0535
29311,Organic California White Basmati Rice,grains rice dried goods,dry goods pasta,3240,0.4926,8,-0.0535
38563,Mint Chocolate Chip Ice Cream,ice cream ice,frozen,3433,0.4926,8,-0.0535
36534,Epsom Salt,muscles joints pain relief,personal care,1791,0.4824,7,-0.0536
38289,Pomegranate Italian Soda,juice nectars,beverages,1208,0.4644,5,-0.0536
15063,Organic Cashew Nondairy Vanilla Yogurt,missing,missing,781,0.4328,3,-0.0537
12720,Light Spread Butter Substitute,butter,dairy eggs,942,0.4469,4,-0.0537
1643,French Feta,packaged cheese,dairy eggs,610,0.4492,2,-0.0537
1006,Philadelphia Cream Cheese,other creams cheeses,dairy eggs,3767,0.5227,9,-0.0538
29824,Gluten Free Margherita Pizza,frozen pizza,frozen,949,0.4468,4,-0.0538
1819,All Natural No Stir Creamy Almond Butter,spreads,pantry,2424,0.4922,8,-0.0539
15892,Veggie Dogs,tofu meat alternatives,deli,1395,0.4781,6,-0.054
42442,Blueberry Protein Bar,energy granola bars,snacks,1393,0.4781,6,-0.054
12285,Chunk Light Tuna in Water Pouch,canned meat seafood,canned goods,747,0.4324,3,-0.0541
15143,Blueberry Pint,fresh fruits,produce,3447,0.492,8,-0.0541
24699,Candy,candy chocolate,snacks,694,0.4323,3,-0.0542
11023,Wildflower Honey,honeys syrups nectars,pantry,775,0.4323,3,-0.0542
44614,Makeup Remover Cleansing Towelettes Refill,facial care,personal care,701,0.4322,3,-0.0542
19650,Toasted Almond Rice Pilaf Mix,instant foods,dry goods pasta,613,0.4486,2,-0.0543
18340,Organic Macaroni & Cheese,instant foods,dry goods pasta,796,0.4322,3,-0.0543
43252,Italian Style Chicken Meatballs with Mozarella Cheese,packaged meat,meat seafood,722,0.4321,3,-0.0543
31789,Garden Spinach Herb 6 Ct Wraps,tortillas flat bread,bakery,1352,0.4778,6,-0.0543
33249,Organic Cooked Beets,fresh vegetables,produce,1199,0.4637,5,-0.0543
29346,Mild Italian Sausage,hot dogs bacon sausage,meat seafood,1694,0.4817,7,-0.0543
38772,Provolone,packaged cheese,dairy eggs,8337,0.5639,10,-0.0544
2124,Cheese Ravioli,fresh pasta,dry goods pasta,1798,0.4816,7,-0.0544
43483,Souper 6-Pack Chicken Flavor Ramen Noodle Soup,instant foods,dry goods pasta,1195,0.4636,5,-0.0545
39844,Mini Sweet Peppers,fresh vegetables,produce,3399,0.4916,8,-0.0545
23304,Organic Fire Roasted Red Pepper Dinner Sausage,hot dogs bacon sausage,meat seafood,1165,0.4635,5,-0.0545
44570,Kale Greens,fresh vegetables,produce,12141,0.5636,10,-0.0546
41960,"Organic Daikon Root, Bunch",fresh vegetables,produce,3058,0.4915,8,-0.0546
35510,Organic Yukon Gold Potato,fresh vegetables,produce,4718,0.5218,9,-0.0547
25861,Freshly Shaved Parmesan Cheese,packaged cheese,dairy eggs,1330,0.4774,6,-0.0547
44098,Appley Ever After Organic Juice Drink,juice nectars,beverages,3580,0.5218,9,-0.0547
42248,"Coconut Milk, Classic",soy lactosefree,dairy eggs,510,0.4333,1,-0.0547
6655,Almond Milk Vanilla Frozen Dessert Sandwich,ice cream ice,frozen,951,0.4458,4,-0.0548
29898,Organic Spaghetti Pasta,dry pasta,dry goods pasta,6310,0.5217,9,-0.0548
2726,"Ice Cream, Super Premium, Mint Chocolate Chip",ice cream ice,frozen,1433,0.4773,6,-0.0548
7948,Organic Unsalted Butter,butter,dairy eggs,21509,0.5633,10,-0.0549
12121,Chewy Peanut Peanut Butter Granola Bars,energy granola bars,snacks,902,0.4457,4,-0.0549
14678,Organic Frozen Peas,frozen produce,frozen,20228,0.5633,10,-0.055
18994,Spicy Kimchi,asian foods,international,538,0.4331,1,-0.055
11292,The Original Irish Creme Liquer,spirits,alcohol,538,0.4331,1,-0.055
18418,Ginger Ale Soda,soft drinks,beverages,4121,0.5215,9,-0.055
36591,100% Whole Wheat Medium Soft Taco Flour Tortillas,tortillas flat bread,bakery,2739,0.4911,8,-0.055
37876,Grated Reggiano Parmigiano,packaged cheese,dairy eggs,1067,0.463,5,-0.0551
25686,Super Soft Flour Tortillas Fajita Size 20 ct,tortillas flat bread,bakery,1994,0.4809,7,-0.0551
8193,Russet Potato,fresh vegetables,produce,29313,0.5631,10,-0.0551
35761,Ultra Thin Slices Sharp Cheddar Cheese,packaged cheese,dairy eggs,2444,0.491,8,-0.0551
11874,"Italian Ground Turkey, Lean",packaged poultry,meat seafood,844,0.4455,4,-0.0551
12036,Gluten-Free Supergrain Pasta Organic Corn & Quinoa Blend Penne,dry pasta,dry goods pasta,2607,0.491,8,-0.0551
24768,All Natural Honey Almond Butter,spreads,pantry,1367,0.477,6,-0.0552
39966,Rice Pasta & Cheddar Gluten Free Macaroni & Cheese,instant foods,dry goods pasta,679,0.4477,2,-0.0552
17634,Chick Peas,canned meals beans,canned goods,3235,0.4909,8,-0.0552
3880,Corn Maize Tortillas,tortillas flat bread,bakery,3655,0.5212,9,-0.0553
19385,Channa Masala Indian Cuisine,indian foods,international,905,0.4453,4,-0.0553
35633,Chocolate Peanut Butter,energy granola bars,snacks,4657,0.5212,9,-0.0554
16618,Classic Potato Salad,prepared soups salads,deli,520,0.4327,1,-0.0554
39550,Berry Vanilla Puffs,cereal,breakfast,666,0.4474,2,-0.0555
10915,Organic Short Brown Sprouted Rice,bulk grains rice dried goods,bulk,826,0.431,3,-0.0555
14951,Steamers Antioxidant Vegetable Blend,frozen produce,frozen,856,0.4451,4,-0.0555
34640,Steamfresh Premium Selects Frozen Whole Green Beans,frozen produce,frozen,1282,0.4766,6,-0.0555
44717,Organic Mini Sweet Peppers,packaged vegetables fruits,produce,1053,0.4625,5,-0.0556
9741,Cheese Pizza,frozen pizza,frozen,7010,0.5626,10,-0.0556
36658,Sliced Yellow Cling Peach Slices in 100% Real Fruit Juice,canned fruit applesauce,canned goods,555,0.4324,1,-0.0556
44146,Gluten Free Paleo Gnocchi,frozen meals,frozen,1131,0.4624,5,-0.0556
14634,Original Spread,butter,dairy eggs,1940,0.4804,7,-0.0556
41351,Family Size Naturally Flavored Whole Grain Oats Cereal,cereal,breakfast,3982,0.5208,9,-0.0557
3262,French Style Fresh Cut Green Beans,canned jarred vegetables,canned goods,673,0.4473,2,-0.0557
11773,Classic Roast Medium Ground Coffee,coffee,beverages,1023,0.4624,5,-0.0557
37731,Chocolate Bars Minis Mix Variety Pack,candy chocolate,snacks,715,0.4308,3,-0.0557
12638,Organic Potato Russet,fresh vegetables,produce,1142,0.4623,5,-0.0557
43205,Low Sodium Black Beans,canned meals beans,canned goods,2263,0.4803,7,-0.0557
29471,Combination Pizza Rolls,frozen appetizers sides,frozen,989,0.4449,4,-0.0557
8214,Easy Mac Original Flavor Macaroni & Cheese Dinner,instant foods,dry goods pasta,933,0.4448,4,-0.0558
22534,Kashmiri Curry Mild Indian Simmer Sauce,indian foods,international,642,0.447,2,-0.0559
36533,Reduced Fat Crescent Rolls,doughs gelatins bake mixes,pantry,734,0.4305,3,-0.0559
37208,Salted Caramel Iced Coffee With Almond Milk,refrigerated,beverages,1294,0.476,6,-0.0561
26002,Mini Farfalle Pasta,dry pasta,dry goods pasta,753,0.4303,3,-0.0562
12686,Organic Jalapeno Cilantro Hummus,fresh dips tapenades,deli,1288,0.4759,6,-0.0562
10255,Clean Care Mega Rolls Toilet Paper,paper goods,household,3162,0.4899,8,-0.0562
48784,Lightly Breaded Fish Sticks,kosher foods,international,1368,0.4759,6,-0.0563
9725,All One Hemp Lavender Castile Soap Bar,soap,personal care,1046,0.4618,5,-0.0563
45177,Organic Chicken Noodles Soup,soup broth bouillon,canned goods,823,0.4301,3,-0.0563
38618,Organic Chunky Vegetable Soup,soup broth bouillon,canned goods,1897,0.4797,7,-0.0563
15364,Thick 'N Creamy Macaroni & Cheese,instant foods,dry goods pasta,549,0.4317,1,-0.0564
46031,Taco Spices and Seasonings,marinades meat preparation,pantry,941,0.4442,4,-0.0564
42891,Almonds & Sea Salt Dark Chocolate,candy chocolate,snacks,519,0.4316,1,-0.0565
43421,"Little Yums Spinach, Apple, and Kale Teething Wafers",baby food formula,babies,2275,0.4796,7,-0.0565
25562,Clover Premium Honey,honeys syrups nectars,pantry,876,0.4441,4,-0.0565
47790,Organic Lemon Garlic Dressing,salad dressing toppings,pantry,547,0.4314,1,-0.0566
39993,Vine Ripe Tomatoes,fresh vegetables,produce,15367,0.5616,10,-0.0566
39168,Gluten-Free Double Chocolate Chip Cookies,cookies cakes,snacks,874,0.4439,4,-0.0567
1158,Mango Chunks,frozen produce,frozen,17699,0.5616,10,-0.0567
22008,Pepperjack Style Shreds,packaged cheese,dairy eggs,1125,0.4613,5,-0.0567
33709,All Natural Medium Fire-Roasted Tomato & Jalapeno Salsa,preserved dips spreads,pantry,1034,0.4613,5,-0.0567
32538,Chunk Light Tuna,canned meat seafood,canned goods,1926,0.4792,7,-0.0568
3459,Guacamole Dips,fresh dips tapenades,deli,985,0.4437,4,-0.057
10403,Honey Low Fat Grahams,crackers,snacks,794,0.4295,3,-0.057
5484,Hibiscus Mint Frozen Pops,ice cream ice,frozen,1039,0.461,5,-0.057
26201,Chicken Taquitos,frozen appetizers sides,frozen,4124,0.5194,9,-0.0571
12115,French Onion Chips,chips pretzels,snacks,662,0.4456,2,-0.0573
20431,Organic Ranch Dressing,salad dressing toppings,pantry,2392,0.4887,8,-0.0574
38049,Crispy Rounds Tortilla Chips,chips pretzels,snacks,624,0.4455,2,-0.0574
43749,Organic Ice Cream Vanilla Bean,ice cream ice,frozen,2906,0.4886,8,-0.0575
28299,Mexican Style Four Cheese Shredded Cheese,packaged cheese,dairy eggs,3293,0.4886,8,-0.0575
35871,Organic Low Sodium Chunky Tomato Bisque Soup,soup broth bouillon,canned goods,1701,0.4785,7,-0.0575
17449,Chewy Fudge Brownie Mix,doughs gelatins bake mixes,pantry,622,0.4453,2,-0.0576
37570,"Ice Cream, Super Premium, Dutch Chocolate",ice cream ice,frozen,912,0.443,4,-0.0576
8638,Vanilla Milk Chocolate Almond Ice Cream Bars,ice cream ice,frozen,4136,0.5189,9,-0.0576
49396,Honey Snack Packs Bunny Grahams,cookies cakes,snacks,744,0.4288,3,-0.0577
38456,Large Grapefruit,fresh fruits,produce,21451,0.5605,10,-0.0577
4562,English Seedless Cucumber,fresh vegetables,produce,13034,0.5605,10,-0.0578
35622,50% Less Sodium Black Beans,canned meals beans,canned goods,960,0.4427,4,-0.0579
7035,Peanut Butter Ice Cream Cup,missing,missing,1933,0.478,7,-0.058
29675,Organic Bagged Carrots,fresh vegetables,produce,8165,0.5602,10,-0.058
23594,Medium Salsa,preserved dips spreads,pantry,4161,0.5184,9,-0.0581
2713,Fresh Frozen Chopped Spinach,frozen produce,frozen,836,0.4282,3,-0.0582
2081,Crispy Seasoned Potato Puffs with Roasted Garlic & Cracked Pepper,frozen appetizers sides,frozen,1416,0.4739,6,-0.0583
47526,Goat Cheese Log,packaged cheese,dairy eggs,5942,0.5182,9,-0.0583
37229,"Bathroom Tissue Softness & Strength, Double Rolls",paper goods,household,3145,0.4878,8,-0.0583
41999,Cut Tulips (Choose Color),fresh vegetables,produce,2467,0.4876,8,-0.0585
23549,Chili With Beans,canned meals beans,canned goods,715,0.428,3,-0.0585
28156,Total 0% Nonfat Plain Greek Yogurt,yogurt,dairy eggs,14549,0.5596,10,-0.0586
28829,Kellogg's Pop-Tarts Frosted Strawberry Pastries,breakfast bars pastries,breakfast,1398,0.4735,6,-0.0586
1244,Organic Orange Bell Pepper,fresh vegetables,produce,10518,0.5596,10,-0.0586
27958,Chicken Drumsticks,poultry counter,meat seafood,2055,0.4774,7,-0.0587
39886,Gin Gins Original Chewy Ginger Candy,candy chocolate,snacks,1848,0.4773,7,-0.0588
11516,"Hot Italian, Lean Turkey Sausage",packaged poultry,meat seafood,626,0.4441,2,-0.0588
33465,Broth Free Range Chicken Organic,soup broth bouillon,canned goods,1291,0.4733,6,-0.0589
32857,Organic Chunky Tomato Bisque Soup,soup broth bouillon,canned goods,2213,0.4772,7,-0.0589
45615,Organic Apple Sauce,canned fruit applesauce,canned goods,2190,0.4772,7,-0.0589
49023,Breakfast Burrito,frozen breakfast,frozen,1012,0.4417,4,-0.0589
24571,Tomato and Basil Pasta Sauce,pasta sauce,dry goods pasta,1148,0.4591,5,-0.059
34931,Reduced Fat Sour Cream,other creams cheeses,dairy eggs,595,0.4437,2,-0.0592
35264,Cut Okra,frozen produce,frozen,3204,0.4869,8,-0.0592
35267,Organic Granny Smith Apples,fresh fruits,produce,1251,0.4588,5,-0.0592
2087,"Crunchy Kale, Naked",chips pretzels,snacks,569,0.4288,1,-0.0592
48933,Free and Gentle Liquid Laundry Detergent,laundry,household,1527,0.4728,6,-0.0593
8465,Free and Clear Baby Wipes,diapers wipes,babies,693,0.4271,3,-0.0593
6740,Organic Braeburn Apple,fresh fruits,produce,9720,0.5588,10,-0.0594
45795,Super Puffs Spinach & Apple Fruit & Veggie Grain Puffs,baby food formula,babies,511,0.4286,1,-0.0595
28454,Sweetened Corn & Oat Cereal,cereal,breakfast,975,0.441,4,-0.0596
5337,Monterey Jack Cheese,packaged cheese,dairy eggs,6543,0.5586,10,-0.0596
40604,Feta Cheese Crumbles,packaged cheese,dairy eggs,32351,0.5585,10,-0.0597
28432,Baby Back Pork Ribs,meat counter,meat seafood,1427,0.4723,6,-0.0598
23216,Fancy Shredded Cheese Italian Blend,packaged cheese,dairy eggs,1118,0.458,5,-0.0601
31328,Whole Grain Crispbread,crackers,snacks,594,0.4428,2,-0.0601
35688,Cocoa Bunnies Whole Grain Cereal,cereal,breakfast,1498,0.472,6,-0.0602
2154,Homestyle Savory Chicken Bone Broth,soup broth bouillon,canned goods,1426,0.4719,6,-0.0602
8929,Organic Chicken Pot Pie,frozen meals,frozen,3468,0.5161,9,-0.0604
44097,Organic Original Hummus,fresh dips tapenades,deli,1844,0.4756,7,-0.0604
29871,Organic Roast Beef,lunch meat,deli,3552,0.516,9,-0.0605
36103,Extra Light Olive Oil,oils vinegars,pantry,763,0.426,3,-0.0605
24372,Organic Free Range Chicken with White & Wild Rice Soup,soup broth bouillon,canned goods,1478,0.4716,6,-0.0606
14147,Sweet Cream Salted Butter,butter,dairy eggs,5276,0.5157,9,-0.0608
5101,Lean Sweet Italian Turkey Sausage,hot dogs bacon sausage,meat seafood,780,0.4256,3,-0.0608
40663,Ricotta Original Cheese,packaged cheese,dairy eggs,529,0.4272,1,-0.0608
26282,"Organic Snack Mix Bunnies Snack Mix, Organic",trail mix snack mix,snacks,3702,0.5157,9,-0.0608
26800,Organic Baby Kale Mix,packaged vegetables fruits,produce,10725,0.5574,10,-0.0608
38553,"Bean, Rice and Cheddar Burrito",frozen meals,frozen,1284,0.4712,6,-0.061
19767,Old Fashioned Oatmeal,hot cereal pancake mixes,breakfast,1966,0.4751,7,-0.061
14901,Raisins,nuts seeds dried fruit,snacks,7821,0.5572,10,-0.061
23819,Carrot,packaged vegetables fruits,produce,731,0.4254,3,-0.061
21050,"Bathroom Tissue, 1‑Ply, 1000 Sheet Rolls",paper goods,household,2313,0.4851,8,-0.061
44883,Fudge Brownie Gluten Free Cookie Dough,doughs gelatins bake mixes,pantry,983,0.4395,4,-0.0611
42768,Organic Garbanzo Beans,canned meals beans,canned goods,30055,0.557,10,-0.0612
20448,Organic Raisins,nuts seeds dried fruit,snacks,1376,0.4709,6,-0.0612
311,Naturals Savory Turkey Breakfast Sausage,frozen breakfast,frozen,8212,0.557,10,-0.0612
5251,Shaved Brussel Sprouts,packaged vegetables fruits,produce,1357,0.4709,6,-0.0612
4091,Kosher Whole Dill Pickles,pickled goods olives,pantry,865,0.4393,4,-0.0613
24810,Organic Lightly Salted Brown Rice Cakes,crackers,snacks,8357,0.5569,10,-0.0613
1217,"Select-A-Size Paper Towels, White, 2 Huge Rolls = 5 Regular Rolls  Towels/Napkins",paper goods,household,4196,0.515,9,-0.0615
7976,One Plant-Based Chocolate Flavor Nutritional Shake Drink Mix,protein meal replacements,personal care,565,0.4265,1,-0.0615
22414,Chocolate Mint Creme Sandwich Cookies,cookies cakes,snacks,530,0.4264,1,-0.0616
40646,Jicama Sticks,packaged vegetables fruits,produce,577,0.4263,1,-0.0617
48423,Organic Sweet Peas,frozen produce,frozen,1887,0.4743,7,-0.0617
15785,Sticks The Pounder Pretzels,chips pretzels,snacks,662,0.4411,2,-0.0618
42701,Organic Sour Cream,other creams cheeses,dairy eggs,26691,0.5564,10,-0.0618
859,2-Ply Everyday Napkins,paper goods,household,1479,0.4699,6,-0.0622
42736,Unsalted Butter,butter,dairy eggs,35667,0.556,10,-0.0623
45582,Cavatappi No. 87 Macaroni,dry pasta,dry goods pasta,2079,0.4738,7,-0.0623
19106,Red Pear,fresh fruits,produce,566,0.4258,1,-0.0623
31523,Southwest Taco Seasoning Mix,latino foods,international,738,0.4241,3,-0.0623
37606,White Quilted Napkins,paper goods,household,1668,0.4736,7,-0.0624
22893,Hard & Soft Taco Dinner Kit,latino foods,international,531,0.4256,1,-0.0624
3358,"Rising Crust Supreme (Sausage, Pepperoni, Red Peppers, Green Peppers, Onions, Black Olives) Frozen Pizza",frozen pizza,frozen,1833,0.4735,7,-0.0625
39013,Smoked Fresh Turkey Kielbasa,hot dogs bacon sausage,meat seafood,1757,0.4735,7,-0.0625
41385,Original Club Crackers,crackers,snacks,1681,0.4735,7,-0.0625
13196,Sheep's Milk Halloumi Cheese,packaged cheese,dairy eggs,1056,0.4555,5,-0.0626
7955,Karamel Sutra Core Ice Cream,ice cream ice,frozen,1329,0.4695,6,-0.0626
35750,Organic Garbanzo Beans No Salt Added,canned meals beans,canned goods,4645,0.5139,9,-0.0626
10193,Shredded Carrots,packaged vegetables fruits,produce,3405,0.4834,8,-0.0627
7147,Classic Baby Creamers Potatoes,fresh vegetables,produce,1164,0.4553,5,-0.0627
15333,Organic Grapes Galore Bunny Snacks,fruit vegetable snacks,snacks,529,0.4253,1,-0.0627
25872,Salted Caramel & Chocolate Non Dairy Frozen Dessert,ice cream ice,frozen,1061,0.4552,5,-0.0628
13409,Dubliner Wedge Pre Cut Cheese,specialty cheeses,dairy eggs,2988,0.4833,8,-0.0628
3481,Pineapple,fresh fruits,produce,7350,0.5554,10,-0.0629
6193,Organic Fancy Shredded Mozzarella Cheese,packaged cheese,dairy eggs,4819,0.5136,9,-0.0629
3740,Gluten Free Fire-Roasted Vegetable Pizza,frozen vegan vegetarian,frozen,1092,0.4551,5,-0.0629
48802,Organic Whole Wheat Fusilli Pasta,dry pasta,dry goods pasta,1924,0.473,7,-0.0631
22548,Coldbrew Coffee Pops,ice cream ice,frozen,1255,0.455,5,-0.0631
11301,Free Range Organic Chicken Broth,soup broth bouillon,canned goods,648,0.4398,2,-0.0631
30290,100% Recycled Bath Tissue Rolls,paper goods,household,4930,0.5134,9,-0.0631
24764,Crushed Garlic,frozen produce,frozen,2584,0.483,8,-0.0631
14267,Organic Refried Black Beans,canned meals beans,canned goods,4905,0.5134,9,-0.0631
16874,Chocolate Fudge Brownie Ice Cream,ice cream ice,frozen,2346,0.4829,8,-0.0632
33741,Gluten Free Classic Hamburger Buns,buns rolls,bakery,2315,0.4829,8,-0.0632
5716,Original Buttery Spread,butter,dairy eggs,1335,0.4689,6,-0.0632
32537,Parsley,fresh herbs,produce,5362,0.5132,9,-0.0633
29952,Paleo English Muffins,breakfast bakery,bakery,544,0.4246,1,-0.0634
24118,Vegan Big Cup Pad Thai Noodle Soup,soup broth bouillon,canned goods,759,0.4229,3,-0.0635
12659,Double Chocolate Chip Cookies with Dirty Mint Chip Ice Cream,ice cream ice,frozen,610,0.4393,2,-0.0636
35123,Grilled & Ready Chicken Breast Strips,frozen meat seafood,frozen,1797,0.4725,7,-0.0636
36315,Low Fat Split Pea Soup,soup broth bouillon,canned goods,2475,0.4824,8,-0.0637
31264,Foaming Hand Wash Sweet Water,body lotions soap,personal care,592,0.4392,2,-0.0637
5649,La Vodka Cooking Sauce,pasta sauce,dry goods pasta,1215,0.4543,5,-0.0637
23719,Chicken Tortilla Soup,prepared soups salads,deli,2747,0.4823,8,-0.0638
40261,Extra Crunchy Peanut Butter,spreads,pantry,3104,0.4823,8,-0.0638
21174,I Heart Baby Kale,packaged vegetables fruits,produce,12361,0.5543,10,-0.0639
34249,Strawberry Puffs,baby food formula,babies,2769,0.4821,8,-0.064
6245,Baby Vegetable Medley Steamers,frozen produce,frozen,519,0.4239,1,-0.0642
6975,World Cuisine Certified Halal Chicken Tikka Masala With Basmati Rice,frozen meals,frozen,2961,0.4819,8,-0.0642
26842,Boneless Beef Sirloin Steak,meat counter,meat seafood,3067,0.4819,8,-0.0642
17858,Everyday 2 Ply Premium Napkins,paper goods,household,2677,0.4819,8,-0.0642
5748,Free and Gentle High Efficiency Liquid Laundry Detergent,laundry,household,2358,0.4818,8,-0.0643
5358,Lemongrass Basil Chicken With Jasmine Rice,frozen meals,frozen,796,0.4221,3,-0.0643
36994,Organic Graham Crunch Cereal,cereal,breakfast,2952,0.4817,8,-0.0644
30683,Puffins Peanut Butter & Chocolate Cereal,cereal,breakfast,618,0.4385,2,-0.0644
32652,Organic Broccoli Slaw,packaged vegetables fruits,produce,2396,0.4816,8,-0.0645
20410,Tofu Shirataki Fettuccine Noodle Substitute,asian foods,international,711,0.4219,3,-0.0645
7503,Whole Almonds,nuts seeds dried fruit,snacks,12474,0.5536,10,-0.0647
6210,Kitchen Scrubber Sponge,cleaning products,household,2616,0.4813,8,-0.0648
23716,Cashew Cookie,energy granola bars,snacks,1498,0.4673,6,-0.0648
44819,Pepper Jack Cheese,packaged cheese,dairy eggs,1513,0.4673,6,-0.0649
47993,Cherry Garcia Ice Cream,ice cream ice,frozen,4283,0.5116,9,-0.0649
30584,Sharp Cheddar Shredded Cheese,packaged cheese,dairy eggs,1243,0.4529,5,-0.0651
25407,Mashed Potatoes,prepared meals,deli,1856,0.4709,7,-0.0651
13654,Savory Butter Rolls,buns rolls,bakery,1013,0.4353,4,-0.0653
12891,Ground Pork,packaged meat,meat seafood,688,0.4375,2,-0.0654
13802,Salted Sweet Cream Butter,butter,dairy eggs,6240,0.5111,9,-0.0654
30727,Vanilla Almond Fit Granola,granola,breakfast,2740,0.4807,8,-0.0654
17284,Organic Sugar Snap Peas,fresh vegetables,produce,8423,0.5527,10,-0.0656
34608,1% Milkfat Low Fat Buttermilk,milk,dairy eggs,2687,0.4805,8,-0.0656
26723,Comice Pear,fresh fruits,produce,4056,0.5108,9,-0.0657
30995,Creme Fraiche French Cultured Cream,cream,dairy eggs,1720,0.4703,7,-0.0657
43343,Seaweed Ramen,asian foods,international,713,0.4208,3,-0.0657
23801,Fusilli No. 34,dry pasta,dry goods pasta,6773,0.5525,10,-0.0657
40449,Blueberry & Purple Carrot Teething Wafers,baby food formula,babies,1046,0.4522,5,-0.0659
8928,Buttery Homestyle Mashed Potatoes,instant foods,dry goods pasta,533,0.4221,1,-0.0659
48278,Tonic Water Contains Quinine,soft drinks,beverages,552,0.4221,1,-0.066
28431,Light Sodium Mexican Casserole Bowl,frozen meals,frozen,879,0.4346,4,-0.066
26115,Beef Dinner Franks,hot dogs bacon sausage,meat seafood,576,0.4219,1,-0.0662
23625,Cranberry Raincoast Oat Crisps,crackers,snacks,576,0.4219,1,-0.0662
9199,Original Corn Chips,chips pretzels,snacks,1257,0.4519,5,-0.0662
28326,Organic Gotta Have Vanilla Nonfat Frozen Yogurt,ice cream ice,frozen,1138,0.4517,5,-0.0664
26717,Ginger Yuzu Scented Dish Soap,dish detergents,household,2153,0.4696,7,-0.0665
49131,Smoked Turkey Breast Slices,lunch meat,deli,9746,0.5517,10,-0.0665
35068,Taco Mild Seasoning Mix,marinades meat preparation,pantry,1123,0.4515,5,-0.0666
47357,Original Restaurant Style Tortilla Chips,chips pretzels,snacks,6243,0.5099,9,-0.0667
48440,Pepperoni Pizza Rolls,frozen appetizers sides,frozen,2254,0.4694,7,-0.0667
45698,One Ply Choose A Size Big Roll Paper Towel Rolls,paper goods,household,1984,0.4693,7,-0.0668
43005,Organic Rooibos Tea,tea,beverages,1197,0.4511,5,-0.0669
48043,Sugar Free Maple Flavor Syrup,honeys syrups nectars,pantry,656,0.436,2,-0.0669
6139,Original Restaurant Style Party Size Tortilla Chips,chips pretzels,snacks,904,0.4336,4,-0.067
35669,Paper Towels Pick-A-Size,paper goods,household,751,0.4194,3,-0.067
14867,Honey Bunny Grahams,cookies cakes,snacks,2672,0.479,8,-0.0671
18286,"Ramen, Vegan, Miso",soup broth bouillon,canned goods,1546,0.4651,6,-0.0671
812,Healthy Grains Oats & Honey Clusters with Toasted Coconut Gluten Free,granola,breakfast,3842,0.5094,9,-0.0671
17328,Reduced Fat Feta Cheese,packaged cheese,dairy eggs,694,0.4193,3,-0.0672
45613,Pad Thai,frozen meals,frozen,5321,0.5093,9,-0.0672
12162,Miso Soup Bowl,asian foods,international,792,0.4192,3,-0.0673
30148,Organic Stage 2 Chicken Brown Rice Baby Food,baby food formula,babies,921,0.4332,4,-0.0674
5189,Jack's Special Mild Salsa,fresh dips tapenades,deli,666,0.4354,2,-0.0675
4557,Mango Peach Salsa,fresh dips tapenades,deli,814,0.4189,3,-0.0675
18659,Flour Tortilla,tortillas flat bread,bakery,993,0.433,4,-0.0676
37,Noodle Soup Mix With Chicken Broth,soup broth bouillon,canned goods,769,0.4187,3,-0.0677
21019,Roasted Red Pepper Hummus,fresh dips tapenades,deli,17038,0.5504,10,-0.0678
5818,White Onion,fresh vegetables,produce,16155,0.5504,10,-0.0679
5460,Butter,butter,dairy eggs,7503,0.5503,10,-0.0679
36085,Berry Berry Good Lemonade Organic Juice Drink,juice nectars,beverages,4081,0.5085,9,-0.068
6615,Mozzarella Cheese,packaged cheese,dairy eggs,6558,0.5502,10,-0.0681
26177,Organic Honey Nut O's Cereal,cereal,breakfast,5216,0.5084,9,-0.0681
34466,Sweet Potatoes,frozen produce,frozen,8229,0.5501,10,-0.0681
44319,Colby And Monterey Jack Cheeses Finely Shredded,packaged cheese,dairy eggs,562,0.4199,1,-0.0681
34582,Natural Creamy Peanut Butter Spread,spreads,pantry,2425,0.4779,8,-0.0682
9155,Spinach Dip,fresh dips tapenades,deli,628,0.4347,2,-0.0682
27196,Pure & Natural Light Sour Cream,other creams cheeses,dairy eggs,4096,0.5083,9,-0.0682
34862,Tiny Twists Pretzels,chips pretzels,snacks,4460,0.5083,9,-0.0682
38847,Organic Whole Kernel Unrefined Coconut Oil,oils vinegars,pantry,1056,0.4498,5,-0.0682
7175,Organic Whipped Naturally Buttery Spread,soy lactosefree,dairy eggs,12648,0.5499,10,-0.0683
2228,Organic Frozen Mango Chunks,frozen produce,frozen,10584,0.5499,10,-0.0683
46868,Organic Ancient Grains Granola,granola,breakfast,893,0.4323,4,-0.0684
17568,Pitted Prunes,nuts seeds dried fruit,snacks,4269,0.5081,9,-0.0684
21925,50/50 Mix Spring Mix and Baby Spinach Salad Blend,packaged vegetables fruits,produce,2665,0.4777,8,-0.0684
18159,Organic Biologique Limes,packaged vegetables fruits,produce,4464,0.5081,9,-0.0684
18296,Natural Applesauce,canned fruit applesauce,canned goods,1061,0.4496,5,-0.0685
33957,Mexican Casserole Bowl,frozen meals,frozen,3515,0.5078,9,-0.0687
13380,Organic Blue Corn Tortilla Chips,chips pretzels,snacks,13040,0.5495,10,-0.0688
33401,Goat Cheese Crumbles,packaged cheese,dairy eggs,13450,0.5494,10,-0.0688
26940,Organic Large Green Asparagus,fresh vegetables,produce,19286,0.5494,10,-0.0688
46394,Fancy Whole Artichoke Hearts,canned jarred vegetables,canned goods,692,0.4176,3,-0.0688
6889,Whole Natural Almonds,nuts seeds dried fruit,snacks,1010,0.4317,4,-0.0689
16973,Organic Pitted Green Olives,pickled goods olives,pantry,3303,0.4771,8,-0.069
31060,Dinner Plates,plates bowls cups flatware,household,781,0.4174,3,-0.069
30505,Gluten Free Class French Dinner Rolls,frozen breads doughs,frozen,793,0.4174,3,-0.0691
37250,Cut Green Beans,frozen produce,frozen,4777,0.5074,9,-0.0691
11250,Organic Hot Salsa,preserved dips spreads,pantry,3002,0.477,8,-0.0691
1396,Sweet Potato (Yam),fresh vegetables,produce,798,0.4173,3,-0.0692
40519,Jasmati Long Grain American Jasmine Rice,grains rice dried goods,dry goods pasta,530,0.4189,1,-0.0692
23662,All Natural White Vinegar,oils vinegars,pantry,1605,0.4629,6,-0.0692
38400,Asparation/Broccolini/Baby Broccoli,fresh vegetables,produce,16535,0.549,10,-0.0693
44142,Red Onion,fresh vegetables,produce,43009,0.5489,10,-0.0693
35923,Taco 25% Less Sodium Seasoning Mix,marinades meat preparation,pantry,784,0.4171,3,-0.0694
28769,Organic Apple Chicken Sausage,hot dogs bacon sausage,meat seafood,3224,0.4767,8,-0.0694
17462,Freeze Dried Blueberries,nuts seeds dried fruit,snacks,669,0.4335,2,-0.0694
23695,California Veggie Burger,frozen vegan vegetarian,frozen,2154,0.4666,7,-0.0695
33168,Everyday Paper Plates,plates bowls cups flatware,household,1224,0.4485,5,-0.0695
23,Organic Turkey Burgers,packaged poultry,meat seafood,1068,0.4485,5,-0.0695
10599,Premium English Breakfast Black Tea Bags,tea,beverages,782,0.4169,3,-0.0696
39692,"Creamy Potato Leek Organic Soup,",soup broth bouillon,canned goods,637,0.4333,2,-0.0696
31727,"Organic Tomato Paste, No Salt Added",canned jarred vegetables,canned goods,4063,0.5068,9,-0.0697
33388,Gluten Free Baking and Pancake Mix,hot cereal pancake mixes,breakfast,882,0.4308,4,-0.0698
27122,Part Skim Mozzarella Cheese,packaged cheese,dairy eggs,1365,0.4623,6,-0.0699
28906,Kale Blazer Juice,refrigerated,beverages,833,0.4166,3,-0.0699
18434,Organic Whole Crimini Mushrooms,fresh vegetables,produce,6757,0.5483,10,-0.0699
32784,Natural Shredded Mexican Style Four Cheese,packaged cheese,dairy eggs,2300,0.4761,8,-0.07
44100,Drumstick Variety Pack Frozen Dairy Dessert Cones,ice cream ice,frozen,871,0.4305,4,-0.0701
1516,Organic Acai Berry Smoothie Packs,frozen produce,frozen,4771,0.5064,9,-0.0701
12271,Smoked Pulled Pork,lunch meat,deli,1006,0.4304,4,-0.0702
5989,Sliced Tamed Jalapeno Peppers,pickled goods olives,pantry,1615,0.4619,6,-0.0702
19895,Sliced Prosciutto,lunch meat,deli,5051,0.5062,9,-0.0703
4421,Organic Beef Uncured Hot Dogs,hot dogs bacon sausage,meat seafood,12230,0.5479,10,-0.0703
16897,Trail Mix Chewy Granola,energy granola bars,snacks,923,0.4301,4,-0.0705
23198,Organic Chicken Drumsticks,packaged poultry,meat seafood,1378,0.4615,6,-0.0706
4305,Black Tea Variety Pack,tea,beverages,784,0.4158,3,-0.0706
20382,Natural Honey Peanut Butter,spreads,pantry,1762,0.4654,7,-0.0707
49215,Kids Sensible Foods Broccoli Littles,baby food formula,babies,5700,0.5058,9,-0.0707
28207,Organic Stevia Sweetener,honeys syrups nectars,pantry,671,0.4322,2,-0.0707
14502,Tri-Color Rotini Pasta,dry pasta,dry goods pasta,1294,0.4614,6,-0.0708
35887,Organic Mixed Vegetables,frozen produce,frozen,9877,0.5474,10,-0.0708
8727,"Peperoncini, Greek, Sliced Golden",pickled goods olives,pantry,861,0.4297,4,-0.0709
42964,Gluten Free Spaghetti Pasta,dry pasta,dry goods pasta,1076,0.447,5,-0.071
48595,Organic Wheat Square Crackers,crackers,snacks,6814,0.5471,10,-0.0711
8809,Organic Carrots,fresh vegetables,produce,1460,0.461,6,-0.0712
4306,Simply Naked Pita Chips,chips pretzels,snacks,1747,0.4648,7,-0.0712
40905,Tequila Silver,spirits,alcohol,628,0.4315,2,-0.0714
43765,"Laundry Detergent, HE, 2X Ultra, with Fabric Softener, Lavender",laundry,household,836,0.4151,3,-0.0714
13984,Organic Mint,fresh herbs,produce,19745,0.5468,10,-0.0714
3172,Organic California Veggie Burger,frozen vegan vegetarian,frozen,874,0.4291,4,-0.0715
9648,Tomato and Basil Bombolina Pasta Sauce,pasta sauce,dry goods pasta,2024,0.4644,7,-0.0716
10199,Watermelon Agave Frozen Pops,ice cream ice,frozen,4207,0.5049,9,-0.0716
36322,Thin Spaghetti No 11,dry pasta,dry goods pasta,2812,0.4744,8,-0.0717
39729,Organic Apple Cider,juice nectars,beverages,661,0.4312,2,-0.0717
47986,Bittersweet Chocolate Chips,baking ingredients,pantry,519,0.4162,1,-0.0719
35055,Just Cranberry Unsweetened Juice,juice nectars,beverages,1244,0.4461,5,-0.0719
5259,Condensed Chicken Noodle Soup,soup broth bouillon,canned goods,994,0.4286,4,-0.072
28918,Marcona Almonds,nuts seeds dried fruit,snacks,3139,0.474,8,-0.0721
28993,Iceberg Lettuce,fresh vegetables,produce,12698,0.5461,10,-0.0721
32200,Big Stick Cherry Pineapple Swirl Ice Pops,ice cream ice,frozen,529,0.4159,1,-0.0722
15455,Organic Extra Virgin Oil Olive,oils vinegars,pantry,1889,0.4637,7,-0.0723
28215,Nutter Butter Peanut Butter Bites Sandwich Cookies,cookies cakes,snacks,556,0.4155,1,-0.0726
22819,Organic Medium Chili,canned meals beans,canned goods,1817,0.4634,7,-0.0726
34940,Chicken Flavor Top Ramen Noodles,asian foods,international,1515,0.4594,6,-0.0727
14553,Oats & Honey Granola,granola,breakfast,3510,0.5037,9,-0.0728
48205,Spinach,packaged vegetables fruits,produce,16829,0.5452,10,-0.073
17154,Berry Veggie Juice Smoothie,refrigerated,beverages,571,0.4151,1,-0.073
4138,Arancita Rossa,soft drinks,beverages,6986,0.5452,10,-0.073
2361,Mint Chip,ice cream ice,frozen,5502,0.5035,9,-0.073
480,Slow Churned Mint Chocolate Chip Ice Cream,ice cream ice,frozen,837,0.4134,3,-0.0731
9804,Four Cheese Pizza,frozen pizza,frozen,591,0.4298,2,-0.0731
12544,Mezze Penne Pasta,dry pasta,dry goods pasta,612,0.4297,2,-0.0732
10490,Organic Broccoli and Cauliflower,fresh vegetables,produce,847,0.4274,4,-0.0732
32387,Roasted Garlic & Sweet Basil Sauce,pasta sauce,dry goods pasta,1004,0.4273,4,-0.0733
32029,Low Sodium Organic Medium Chili,canned meals beans,canned goods,1228,0.4446,5,-0.0734
3094,Kale & Pinto Bean Pupusas,frozen vegan vegetarian,frozen,562,0.4146,1,-0.0735
31564,Crackers,crackers,snacks,4149,0.503,9,-0.0735
4193,"Ravioli, Spinach & Cheese",fresh pasta,dry goods pasta,2662,0.4726,8,-0.0735
47197,Steamers Baby Brussel Sprouts & Butter Sauce,frozen produce,frozen,579,0.4145,1,-0.0735
39558,Gold Potato,fresh vegetables,produce,8677,0.5447,10,-0.0736
34530,Organic Chicken Thighs,packaged meat,meat seafood,7917,0.5447,10,-0.0736
38044,Bocconcini Bite Sized Fresh Mozzarella,packaged cheese,dairy eggs,526,0.4144,1,-0.0736
32768,"Carrots, Bag",packaged vegetables fruits,produce,502,0.4143,1,-0.0737
6680,Potato Gnocchi,instant foods,dry goods pasta,1431,0.4584,6,-0.0737
32611,Honey Almond Butter Single,spreads,pantry,1586,0.4584,6,-0.0738
19505,Sliced Mushrooms,fresh vegetables,produce,2530,0.4723,8,-0.0738
24946,Garlic Marinara Cooking Sauce,pasta sauce,dry goods pasta,1056,0.4441,5,-0.0739
41836,Rainbow Crisps Fig And Olive Crackers,crackers,snacks,2764,0.4721,8,-0.074
6721,Organic Mushroom Broth,soup broth bouillon,canned goods,810,0.4123,3,-0.0741
44761,Salsa Verde,preserved dips spreads,pantry,875,0.4263,4,-0.0743
44843,Traditional Chicken Noodle Soup,soup broth bouillon,canned goods,3019,0.4717,8,-0.0744
40233,Organic Kosher Dill Pickles,pickled goods olives,pantry,4414,0.502,9,-0.0745
31075,Dark Chocolate Morsels,baking ingredients,pantry,1453,0.4577,6,-0.0745
21621,Thicker Style Barbecue Sauce,marinades meat preparation,pantry,818,0.412,3,-0.0745
13255,Family Size Cookie Pack,cookies cakes,snacks,974,0.4261,4,-0.0745
2537,Tomato Basil Marinara Sauce,pasta sauce,dry goods pasta,3590,0.5019,9,-0.0746
5438,Prosciutto,lunch meat,deli,5135,0.5019,9,-0.0747
46630,Brat & Sausage Rolls,buns rolls,bakery,535,0.4131,1,-0.075
28051,Double Chocolate Cake,bakery desserts,bakery,659,0.4279,2,-0.075
27105,Gluten Free Quinoa Rotelle Pasta,dry pasta,dry goods pasta,1720,0.461,7,-0.075
40208,Sliced California Olives,pickled goods olives,pantry,1070,0.443,5,-0.0751
3233,"Organic Turkey with Rosemary, Sage & Thyme Bone Broth",soup broth bouillon,canned goods,846,0.4255,4,-0.0751
26301,Fresh Whole Milk Ricotta,other creams cheeses,dairy eggs,886,0.4255,4,-0.0751
2969,Gluten Free Plain Tortillas,tortillas flat bread,bakery,615,0.4276,2,-0.0753
18891,Classic Almond Butter All Natural,spreads,pantry,3394,0.4708,8,-0.0753
33279,Low Sodium Bacon,hot dogs bacon sausage,meat seafood,5116,0.5012,9,-0.0753
32942,Frontier Whole Wheat Oat & Honey Flapjack and Waffle Mix,hot cereal pancake mixes,breakfast,567,0.4127,1,-0.0754
31471,Semisweet Chocolate Chips,baking ingredients,pantry,2765,0.4705,8,-0.0756
47492,Organic Berry Blend,frozen produce,frozen,6500,0.5426,10,-0.0756
9486,Olive Oil & Garlic Pasta Sauce,pasta sauce,dry goods pasta,706,0.4108,3,-0.0757
19436,Bone Organic Chicken with Ginger Broth,soup broth bouillon,canned goods,1315,0.4563,6,-0.0759
45311,Protein Bar Maple Sea Salt,missing,missing,609,0.4269,2,-0.076
40203,Mint Chip Ice Cream,ice cream ice,frozen,1739,0.46,7,-0.076
4487,Vegetarian Organic Golden Corn,canned jarred vegetables,canned goods,2789,0.4701,8,-0.076
27555,Organic Dried Granny Apple Chips,chips pretzels,snacks,1829,0.4598,7,-0.0762
40992,Chopped Tomatoes,canned jarred vegetables,canned goods,4238,0.5002,9,-0.0763
47601,Unsalted Cultured Butter,butter,dairy eggs,6890,0.5419,10,-0.0763
11678,Kosher Dill Pickle Spears,pickled goods olives,pantry,1481,0.4558,6,-0.0764
27570,Beef Flavor Ramen Noodle Soup,instant foods,dry goods pasta,929,0.4241,4,-0.0765
26405,XL Pick-A-Size Paper Towel Rolls,paper goods,household,1214,0.4415,5,-0.0765
22866,Sharp Cheddar Cheese Shredded,packaged cheese,dairy eggs,1741,0.4595,7,-0.0765
32971,Sliced Peaches,frozen produce,frozen,1317,0.4556,6,-0.0766
4478,Chocolate Fudge Brownie Frozen Yogurt,ice cream ice,frozen,631,0.4263,2,-0.0766
27356,French Onion Dip,fresh dips tapenades,deli,3344,0.4695,8,-0.0766
38028,White Sliced Mushrooms,packaged vegetables fruits,produce,7004,0.5415,10,-0.0767
24615,Natural Sharp Cheddar Cheese Chunk,packaged cheese,dairy eggs,698,0.4097,3,-0.0767
27216,Macaroni Salad,prepared soups salads,deli,703,0.4097,3,-0.0768
48642,2-Ply Right Size 100% Recycled Paper Towels,paper goods,household,3448,0.4997,9,-0.0768
283,Organic Whole Wheat Elbows,dry pasta,dry goods pasta,3030,0.4693,8,-0.0768
45955,Truffle Tremor Cheese,specialty cheeses,dairy eggs,747,0.4096,3,-0.0768
33231,Mild Lean Turkey Breakfast Sausage,hot dogs bacon sausage,meat seafood,859,0.4237,4,-0.0769
23892,Original High Efficiency Liquid Laundry Detergent,laundry,household,1960,0.4592,7,-0.0769
9177,"Friends Honey, Chocolate & Chocolate Chip Bunny Grahams Whole Grain Snacks",cookies cakes,snacks,1762,0.4591,7,-0.0769
9871,Beef Loin New York Strip Steak,meat counter,meat seafood,2432,0.4692,8,-0.0769
27012,Organic Baby Spring Mix,packaged vegetables fruits,produce,4471,0.4994,9,-0.0771
2295,Yellow Bell Pepper,fresh vegetables,produce,25459,0.5411,10,-0.0771
31248,White Potato,fresh vegetables,produce,1177,0.441,5,-0.0771
5022,Apricot,fresh fruits,produce,1512,0.455,6,-0.0771
40229,Organic Whole Wheat Penne Rigate,dry pasta,dry goods pasta,5519,0.4994,9,-0.0771
41625,Organic Half Spring Mix,packaged vegetables fruits,produce,1225,0.4408,5,-0.0772
11152,Eggplant Large,fresh vegetables,produce,867,0.4233,4,-0.0773
34584,Organic Sliced Peaches,frozen produce,frozen,9922,0.5409,10,-0.0773
18460,Brussel Sprouts,packaged vegetables fruits,produce,1515,0.4548,6,-0.0774
47573,Ginger Snap Sprouted Cookies,fruit vegetable snacks,snacks,775,0.409,3,-0.0774
35233,Peach,fresh fruits,produce,6274,0.499,9,-0.0775
46041,Beef Franks,hot dogs bacon sausage,meat seafood,6409,0.499,9,-0.0775
46941,Provolone Slices,packaged cheese,dairy eggs,3940,0.499,9,-0.0775
25256,Cultured Low Fat Buttermilk,milk,dairy eggs,5504,0.4989,9,-0.0776
18594,Emmentaler Swiss Slices,packaged cheese,dairy eggs,8215,0.5406,10,-0.0776
28733,Chicken Nuggets,frozen appetizers sides,frozen,2408,0.4684,8,-0.0777
44172,Movie Theater Butter Microwave Popcorn,popcorn jerky,snacks,1824,0.4583,7,-0.0777
21574,Whole Castelvetrano Olives,pickled goods olives,pantry,953,0.4229,4,-0.0777
11819,Laundry Detergent Free & Clear,laundry,household,1774,0.4583,7,-0.0778
21653,Compostable Forks,plates bowls cups flatware,household,1543,0.4543,6,-0.0778
14131,Traditional Hearty Chicken and Rotini Soup,soup broth bouillon,canned goods,614,0.4251,2,-0.0778
42063,Organic Tomato Juice No Sugar Added,juice nectars,beverages,958,0.4228,4,-0.0778
29934,Creamy Tomato Soup,soup broth bouillon,canned goods,918,0.4227,4,-0.0779
44422,Organic Old Fashioned Rolled Oats,hot cereal pancake mixes,breakfast,20140,0.5403,10,-0.078
42475,Unsalted Butter Quarters,butter,dairy eggs,3386,0.4681,8,-0.078
35708,Chocolate Coconut Chew Flavored Bar,energy granola bars,snacks,2190,0.458,7,-0.0781
11782,Bing Cherries,fresh fruits,produce,14618,0.5401,10,-0.0781
2116,Organic Maple & Onion Baked Beans,canned meals beans,canned goods,598,0.4247,2,-0.0782
49264,Organic Earl Grey Noir Tea Bags 20 Count,tea,beverages,598,0.4247,2,-0.0782
24908,Alfredo Sauce With Aged Parmesan Cheese,pasta sauce,dry goods pasta,631,0.4247,2,-0.0782
37576,Chunk Light Tuna in Water,canned meat seafood,canned goods,527,0.4099,1,-0.0782
6224,Simply Clean Fragrance Free Wipes,diapers wipes,babies,629,0.4245,2,-0.0784
30960,Regular Pork Sausage Tube,hot dogs bacon sausage,meat seafood,2166,0.4575,7,-0.0785
19478,Organic Marinara Pasta Sauce,pasta sauce,dry goods pasta,6436,0.4978,9,-0.0787
25464,Unscented 2-Ply Double Roll Bathroom Tissue,paper goods,household,557,0.4093,1,-0.0787
47145,Spring Mix,packaged vegetables fruits,produce,3094,0.4674,8,-0.0787
8952,Multigrain Pancake & Waffle Mix,hot cereal pancake mixes,breakfast,870,0.4218,4,-0.0788
35473,Everyday 2-Ply White Facial Tissues,paper goods,household,1243,0.4393,5,-0.0788
30486,Organic Sweet Cherries,frozen produce,frozen,1086,0.4392,5,-0.0788
13852,Organic Broccoli Crown,fresh vegetables,produce,5902,0.4975,9,-0.079
32839,Dry Rubbed Thick Sliced Pork Bacon,hot dogs bacon sausage,meat seafood,3385,0.4671,8,-0.079
49267,Vegetable Broth Low Sodium,soup broth bouillon,canned goods,2046,0.457,7,-0.0791
16281,Solid White Albacore Tuna,canned meat seafood,canned goods,1632,0.4528,6,-0.0793
3025,Cacao Sweet Raw Chocolate Nibs,baking ingredients,pantry,575,0.4087,1,-0.0794
35824,Boneless Chicken Breast,poultry counter,meat seafood,2556,0.4667,8,-0.0794
21026,Bakery Classics Soft White Hamburger Buns,buns rolls,bakery,818,0.4071,3,-0.0794
2450,Taco Seasoning,latino foods,international,8992,0.5386,10,-0.0796
46611,Baby Swiss Cheese,packaged cheese,dairy eggs,676,0.4231,2,-0.0798
16965,Chocolate Ice Cream,ice cream ice,frozen,13273,0.5384,10,-0.0798
44368,Fresh Mozzarella Cheese,packaged cheese,dairy eggs,3097,0.4663,8,-0.0798
23991,"Organic Spinach & Potatoes 2, 6 Months+",baby food formula,babies,669,0.423,2,-0.0799
994,Shake n Pour Buttermilk Pancake Mix,hot cereal pancake mixes,breakfast,566,0.4081,1,-0.0799
35352,Garlic & Herb Rice Pilaf Mix,instant foods,dry goods pasta,977,0.4207,4,-0.0799
5085,Organic Stage 1 First Peas Baby Food,baby food formula,babies,1358,0.4521,6,-0.08
3512,Black Beans Reduced Sodium,canned meals beans,canned goods,2103,0.456,7,-0.08
7361,Herb Crackers,crackers,snacks,3970,0.4965,9,-0.08
22438,Low-Moisture Part-Skim Shredded Mozzarella Cheese,packaged cheese,dairy eggs,500,0.408,1,-0.0801
11421,Moroccan Mint Herbal Tea,tea,beverages,2147,0.456,7,-0.0801
13829,Mild Salsa,preserved dips spreads,pantry,14664,0.5381,10,-0.0802
6131,Fresh Cut Sweet Peas,canned jarred vegetables,canned goods,854,0.4204,4,-0.0802
44683,Brussels Sprouts,fresh vegetables,produce,22275,0.5379,10,-0.0804
14575,Organic Cello Lettuce,fresh vegetables,produce,959,0.4202,4,-0.0804
29668,"Watercress, Bunch",fresh vegetables,produce,2418,0.4657,8,-0.0804
14897,Sweet Potato Yam,fresh vegetables,produce,6262,0.496,9,-0.0805
43428,Pure Green Tea,tea,beverages,1241,0.4376,5,-0.0805
2205,3D White Arctic Fresh Toothpaste,baking ingredients,pantry,1109,0.4373,5,-0.0807
44943,Life Cereal,cereal,breakfast,732,0.4057,3,-0.0807
48745,Globe Eggplant,fresh vegetables,produce,17257,0.5375,10,-0.0808
34622,Vanilla Cupcakes,bakery desserts,bakery,1203,0.4372,5,-0.0808
26665,Tandoor Baked Naan,tortillas flat bread,bakery,1376,0.4513,6,-0.0808
28682,Chocolate Peanut Butter Cup Gelato,ice cream ice,frozen,4324,0.4956,9,-0.0809
40397,Organic Royal Rainbow Quinoa,bulk grains rice dried goods,bulk,1249,0.4371,5,-0.0809
24236,Organic  Dried & Unsulfured Orchard Select Apricots,nuts seeds dried fruit,snacks,2423,0.4651,8,-0.081
11891,Kidz Baked Chicken Nuggets,frozen appetizers sides,frozen,1288,0.4511,6,-0.0811
12703,Organic Mung-Bean Sprouts,packaged vegetables fruits,produce,4057,0.4954,9,-0.0811
31730,Chewy Granola Bar Chocolate Chip Granola,energy granola bars,snacks,1796,0.4549,7,-0.0811
37460,No Sugar Added Variety Fruit Bars,ice cream ice,frozen,1816,0.4548,7,-0.0812
18135,Organic Zucchini Squash,fresh vegetables,produce,1067,0.4367,5,-0.0813
4317,Solid White Albacore Tuna In Water,canned meat seafood,canned goods,3152,0.4648,8,-0.0813
18435,50% Less Sodium Garbanzo Beans,canned meals beans,canned goods,536,0.4067,1,-0.0813
1969,Plain Cream Cheese,other creams cheeses,dairy eggs,669,0.4215,2,-0.0814
45321,Mini Corn Dogs,frozen appetizers sides,frozen,711,0.4051,3,-0.0814
9955,Unsweetened Organic Coconut Milk,soy lactosefree,dairy eggs,4365,0.4951,9,-0.0814
49156,Organic Whole Grain Sprouted Quinoa,grains rice dried goods,dry goods pasta,1040,0.4365,5,-0.0815
34956,English Breakfast Black Tea Bags,tea,beverages,1690,0.4544,7,-0.0816
11069,Organic Kale Pesto Hummus,fresh dips tapenades,deli,1323,0.4505,6,-0.0816
2151,Classic Vanilla Ice Cream Sandwiches,ice cream ice,frozen,1123,0.4363,5,-0.0817
30806,Olive Oil Rosemary and Garlic Oven Fries,frozen appetizers sides,frozen,729,0.4047,3,-0.0818
46341,Spa Cuisine Butternut Squash Ravioli,frozen meals,frozen,1153,0.4363,5,-0.0818
48290,Creamy Swiss Garlic & Herb Spreadable Cheese Wedges,packaged cheese,dairy eggs,1379,0.4503,6,-0.0818
33706,Pomegranate Juice,juice nectars,beverages,1137,0.4362,5,-0.0818
6999,Organic Fresh Pressed Pure Lemon Juice,juice nectars,beverages,1140,0.436,5,-0.0821
33855,Icelandic Style Cream-Skyr 2% Milkfat Strained Low-Fat Yogurt Vanilla & Cardamon,yogurt,dairy eggs,779,0.4044,3,-0.0821
15404,Fresh Sliced Mozzarella,packaged cheese,dairy eggs,1069,0.4359,5,-0.0821
33056,Stacy's Multigrain Pita Chips,chips pretzels,snacks,932,0.4185,4,-0.0822
22950,Natural Free & Clear Dishwasher Detergent Packs,dish detergents,household,3382,0.4639,8,-0.0822
30721,No Beans Chili,canned meals beans,canned goods,894,0.4183,4,-0.0823
27801,Philadelphia Cream Cheese Spread,other creams cheeses,dairy eggs,5115,0.4942,9,-0.0823
18413,European-Style Cultured Butter,butter,dairy eggs,1296,0.4498,6,-0.0823
11574,Light & Lean Black Bean and Cheese Enchilada,frozen meals,frozen,1523,0.4498,6,-0.0824
5886,Cinnamon Toast Organic Rice Cakes,crackers,snacks,1512,0.4497,6,-0.0824
9224,Gluten-Free Supergrain Pasta Elbows,dry pasta,dry goods pasta,1808,0.4535,7,-0.0825
32000,Italian Style Meatballs,frozen meat seafood,frozen,555,0.4054,1,-0.0826
31557,White Nectarine,fresh fruits,produce,4111,0.4938,9,-0.0827
3522,Signature Recipes Fire Roasted Tomato & Garlic Pasta Sauce,pasta sauce,dry goods pasta,528,0.4053,1,-0.0828
40587,Light & Lean Sweet & Sour Asian Noodle Pasta,frozen meals,frozen,1717,0.4531,7,-0.0829
46306,100% Pure Avocado Oil,oils vinegars,pantry,1094,0.4351,5,-0.0829
27286,Organic Mustard Greens,fresh fruits,produce,756,0.4034,3,-0.083
3682,Organic Roasted Red Pepper & Tomato Soup,soup broth bouillon,canned goods,2987,0.463,8,-0.0831
49260,Organic Purely Peppermint Tea Bags 16 Count,tea,beverages,1182,0.4349,5,-0.0832
4932,Vanilla Bean Ice Cream,ice cream ice,frozen,4474,0.4933,9,-0.0832
39623,Organic Medium Chili With Vegetables,canned meals beans,canned goods,692,0.4032,3,-0.0833
7010,Organic White Basmati Rice,grains rice dried goods,dry goods pasta,4264,0.4932,9,-0.0833
12872,Penne Rigate,dry pasta,dry goods pasta,9097,0.5349,10,-0.0833
663,Pico De Gallo,fresh dips tapenades,deli,836,0.4031,3,-0.0833
47098,Original Canned Diced Tomatoes & Green Chilies,canned jarred vegetables,canned goods,514,0.4047,1,-0.0834
1458,Ice Pops Sugar Free Orange Cherry Grape,ice cream ice,frozen,544,0.4044,1,-0.0836
30480,"Tomatoes, Whole Peeled",canned jarred vegetables,canned goods,6213,0.4928,9,-0.0837
4136,Living Herbs Potted Living Basil,fresh herbs,produce,1149,0.4343,5,-0.0838
40078,Strawberry Lemonade Frozen Pops,ice cream ice,frozen,3573,0.4926,9,-0.0839
32712,The Smurfs Gummi Candy,candy chocolate,snacks,753,0.4024,3,-0.0841
6475,Limonata Sparkling Lemon Beverage,soft drinks,beverages,1319,0.4481,6,-0.0841
35584,Pizza Four Cheese,frozen pizza,frozen,768,0.4023,3,-0.0841
33089,"Goji Berries, Sun-Dried",nuts seeds dried fruit,snacks,1277,0.4479,6,-0.0842
48806,Premium Organic Whole Kernel Sweet Corn,frozen produce,frozen,645,0.4186,2,-0.0843
49158,Butter Masala Mild Indian Simmer Sauce,condiments,pantry,555,0.4036,1,-0.0845
31486,Zero Calorie Sweetener,baking ingredients,pantry,2148,0.4516,7,-0.0845
10312,Zen Tea,tea,beverages,4811,0.492,9,-0.0845
20824,Lemon & Lime Blossom Scent Disinfecting Wipes,cleaning products,household,565,0.4035,1,-0.0845
5228,All Natural Sea Fresh Antiplaque & Strengthening Toothpaste Deep Sea Spearmint,oral hygiene,personal care,565,0.4035,1,-0.0845
10181,Classic Guacamole,fresh dips tapenades,deli,863,0.416,4,-0.0846
36389,Organic Rainbow Chard Vegetable,fresh vegetables,produce,7292,0.5336,10,-0.0846
31433,Organic Cinnamon Crunch Cereal,cereal,breakfast,8073,0.5335,10,-0.0847
48900,Coffee Chocolate Bar,energy granola bars,snacks,1449,0.4472,6,-0.0849
45063,Organic Baby Bella Mushrooms,packaged vegetables fruits,produce,7118,0.5333,10,-0.0849
43073,Whole Wheat Pita Bread,tortillas flat bread,bakery,1284,0.447,6,-0.0851
2449,"Tri Fun Pack Fruit Loops, Cocoa Krispies; Apple Jacks",cereal,breakfast,644,0.4177,2,-0.0852
8940,Organic Pizza Snack Mix Crackers,trail mix snack mix,snacks,571,0.4028,1,-0.0853
44636,Organic Cameo Apple,fresh fruits,produce,1257,0.4328,5,-0.0853
37892,Loose White Button Mushrooms,fresh vegetables,produce,2306,0.4605,8,-0.0856
45681,Americone Dream® Ice Cream,ice cream ice,frozen,6155,0.4907,9,-0.0858
21413,Organic Soba,asian foods,international,2478,0.46,8,-0.0861
49655,Apple Cider,juice nectars,beverages,936,0.4145,4,-0.0861
45364,California Veggie Burgers - 4 CT,frozen vegan vegetarian,frozen,4647,0.4904,9,-0.0861
6972,Mayo Made With Avocado Oil,condiments,pantry,1518,0.446,6,-0.0862
49174,Raincoast Crisps Cranberry And Hazelnut Crackers,crackers,snacks,1705,0.4499,7,-0.0862
5670,Broccoli Pancakes,frozen breakfast,frozen,752,0.4003,3,-0.0862
22144,Original Cooking Chicken Stock,soup broth bouillon,canned goods,782,0.4003,3,-0.0862
14199,Black Cherry Gelato,ice cream ice,frozen,975,0.4144,4,-0.0862
20512,Original Cereal,cereal,breakfast,4769,0.4902,9,-0.0863
3177,Thick Spaghetti Pasta,dry pasta,dry goods pasta,922,0.4143,4,-0.0863
23734,Sour Cream,other creams cheeses,dairy eggs,21540,0.5319,10,-0.0863
30855,Chocolate Hazelnut Butter Blend,spreads,pantry,2077,0.4497,7,-0.0864
43442,Veggie Tray,packaged vegetables fruits,produce,927,0.4142,4,-0.0864
23385,Parmesan Cheese Shreds,packaged cheese,dairy eggs,891,0.4141,4,-0.0865
34878,Stackers Kosher Dill Pickles,pickled goods olives,pantry,1315,0.4456,6,-0.0865
27277,Organic Stage 1 First Sweet Potatoes,baby food formula,babies,1333,0.4456,6,-0.0865
11247,Shortbread Cookies,cookies cakes,snacks,651,0.4163,2,-0.0866
38666,Wheat Hot Dog Rolls,buns rolls,bakery,627,0.4163,2,-0.0866
41328,Stevia Extract Packets,baking ingredients,pantry,889,0.4139,4,-0.0867
26861,Whole Kernel Sweet Corn,canned jarred vegetables,canned goods,1293,0.4455,6,-0.0867
34216,Chocolate Chip Bunny Grahams Whole Grain Graham Snacks Bunny Grahams,cookies cakes,snacks,793,0.3997,3,-0.0867
2545,Gluten Free Chocolate Chunk Cookie Dough,doughs gelatins bake mixes,pantry,763,0.3997,3,-0.0867
25659,Organic Coconut Milk,soy lactosefree,dairy eggs,27255,0.5315,10,-0.0867
24985,Organic Low Fat Black Bean Vegetable Soup,soup broth bouillon,canned goods,1471,0.4453,6,-0.0869
35430,Nilla Wafers,cookies cakes,snacks,1913,0.449,7,-0.087
45656,Whole Grain Brown Rice,grains rice dried goods,dry goods pasta,1744,0.449,7,-0.0871
6213,Kellogg's Corn Flakes Cereal,cereal,breakfast,754,0.3992,3,-0.0873
2433,Meyer Lemons,fresh fruits,produce,2594,0.4588,8,-0.0874
48093,Sliced Halves Whole Wheat Pita Pockets,tortillas flat bread,bakery,609,0.4154,2,-0.0875
9065,Mint Chocolate Cookie Ice Cream,ice cream ice,frozen,1944,0.4486,7,-0.0875
9634,Light Butter Microwave Popcorn,popcorn jerky,snacks,585,0.4154,2,-0.0875
49176,Cinnamon Roll Dough With Icing,doughs gelatins bake mixes,pantry,1898,0.4484,7,-0.0877
6809,Berry Bunnies Cereal Organic,cereal,breakfast,577,0.4003,1,-0.0877
6101,Farfalle No. 93,dry pasta,dry goods pasta,3279,0.4584,8,-0.0877
15028,"Polenta, Organic, Traditional Italian",grains rice dried goods,dry goods pasta,1943,0.4483,7,-0.0878
42205,Organic Sweet Potato Fries,frozen appetizers sides,frozen,2175,0.4483,7,-0.0878
20670,Organic Lentil Vegetable Soup,soup broth bouillon,canned goods,3821,0.4886,9,-0.0879
19972,Semi-Sweet Chocolate Morsels,baking ingredients,pantry,1317,0.4442,6,-0.0879
37509,Light Chicken Noodle Soup,soup broth bouillon,canned goods,798,0.3985,3,-0.088
19982,Part Skim Ricotta,other creams cheeses,dairy eggs,1403,0.444,6,-0.0881
48364,Sweet Onion,fresh vegetables,produce,19501,0.5301,10,-0.0881
22827,Organic Black Mission Figs,bulk dried fruits vegetables,bulk,2793,0.4579,8,-0.0882
3274,Black Tea Pyramids,tea,beverages,2566,0.4579,8,-0.0882
22474,Cheddar Bunnies Snack Crackers,crackers,snacks,10557,0.53,10,-0.0882
27429,4 Cheese Mexican Fine Cut Shredded Cheese,packaged cheese,dairy eggs,2289,0.4578,8,-0.0883
23313,Mac & Cheese,instant foods,dry goods pasta,1166,0.4297,5,-0.0884
9852,Bakery Classics 100% Whole Wheat Hamburger Buns,buns rolls,bakery,573,0.3997,1,-0.0884
43876,Crumbled Goat Cheese,packaged cheese,dairy eggs,871,0.4122,4,-0.0884
43857,Traditional Chicken & Wild Rice Soup,soup broth bouillon,canned goods,922,0.4121,4,-0.0885
13500,Mild Sliced Cheddar Cheese,packaged cheese,dairy eggs,2557,0.4576,8,-0.0885
18232,Beef Skirt Steak,meat counter,meat seafood,3609,0.4879,9,-0.0886
18708,Organic Turmeric Ginger & Beet Superfoods Bar,energy granola bars,snacks,932,0.412,4,-0.0886
49383,Organic Bunch Beets,fresh vegetables,produce,14433,0.5296,10,-0.0887
33796,Sweet Orange Vanilla Honest Shampoo + Body Wash,soap,personal care,1083,0.4294,5,-0.0887
49588,Honey,honeys syrups nectars,pantry,647,0.4142,2,-0.0887
40054,Organic Tagliatelle Traditional Egg Pasta,dry pasta,dry goods pasta,1333,0.4434,6,-0.0888
26504,Creamy & Raw Almond Butter,spreads,pantry,541,0.3993,1,-0.0888
9390,Frozen Peaches,frozen produce,frozen,5260,0.4876,9,-0.0889
37019,Dairy Free Gluten Free Cookie Dough Coconut Milk Frozen Dessert,ice cream ice,frozen,974,0.4117,4,-0.0889
25666,Madras Curry Spicy Indian Simmer Sauce,condiments,pantry,702,0.3974,3,-0.089
26314,"Buttermilk, Cultured Low Fat",milk,dairy eggs,1187,0.4288,5,-0.0892
38371,Plus Lotion Facial Tissues,paper goods,household,2747,0.4569,8,-0.0892
42929,Shredded Asiago Cheese,packaged cheese,dairy eggs,1038,0.4287,5,-0.0893
21037,Grass Fed Beef Stew Meat,meat counter,meat seafood,929,0.4112,4,-0.0894
15200,Organic Green Beans,fresh vegetables,produce,6704,0.5288,10,-0.0894
31225,Gluten Free Classic Hotdog Buns,buns rolls,bakery,1448,0.4427,6,-0.0895
41480,Lentils,grains rice dried goods,dry goods pasta,1211,0.4286,5,-0.0895
41329,Carrot And Celery Sticks,packaged vegetables fruits,produce,3462,0.487,9,-0.0895
14129,Organic Chicken Bone Broth,soup broth bouillon,canned goods,8479,0.5286,10,-0.0896
24654,Potato Hot Dog Buns,buns rolls,bakery,3615,0.4869,9,-0.0896
46129,Versatile Stain Remover,laundry,household,1478,0.4425,6,-0.0896
39619,Organic Tomato Basil Pasta Sauce,pasta sauce,dry goods pasta,16824,0.5285,10,-0.0897
22788,Singles American Cheese Slices,packaged cheese,dairy eggs,4306,0.4868,9,-0.0897
14161,Kiwi,fresh fruits,produce,10872,0.5284,10,-0.0898
49098,Golden Sweet Potato,fresh vegetables,produce,3555,0.4866,9,-0.0899
38679,Peanut Butter Fudge Core Ice Cream,ice cream ice,frozen,1112,0.4281,5,-0.09
12015,Asparagus Spears,fresh vegetables,produce,2368,0.4561,8,-0.09
29941,Red Plums,fresh fruits,produce,8869,0.5281,10,-0.0901
40821,Organic Mayonnaise with Olive Oil,condiments,pantry,994,0.4105,4,-0.0901
25885,"Grapefruit, Bag",fresh fruits,produce,1031,0.4277,5,-0.0903
48395,Original Rice Pilaf Mix,grains rice dried goods,dry goods pasta,8329,0.5278,10,-0.0904
33129,Classic Hummus,fresh dips tapenades,deli,12196,0.5277,10,-0.0905
6292,Organic Fire Roasted Corn,frozen produce,frozen,2708,0.4553,8,-0.0908
8025,Uncured Beef Hot Dogs,hot dogs bacon sausage,meat seafood,4865,0.4855,9,-0.091
45541,The Tonight Dough™ Ice Cream,ice cream ice,frozen,2973,0.4551,8,-0.091
27288,Chocolate Chip Cookie Dough,doughs gelatins bake mixes,pantry,4149,0.4854,9,-0.0911
28278,Organic Penne Rigate,dry pasta,dry goods pasta,7545,0.5271,10,-0.0911
2425,Light Tuna Chunk In Water,canned meat seafood,canned goods,926,0.4093,4,-0.0913
4564,Pasilla Pepper,fresh vegetables,produce,909,0.4092,4,-0.0914
7762,Vodka Pasta Sauce,pasta sauce,dry goods pasta,1652,0.4407,6,-0.0915
1313,Tortilla Strips Restaurant Style,chips pretzels,snacks,2346,0.4544,8,-0.0917
25814,Butter Buns Hotdog,buns rolls,bakery,608,0.4112,2,-0.0917
18918,Organic Chopped Spinach,frozen produce,frozen,11925,0.5265,10,-0.0918
39891,Steamers Broccoli & Cheese Sauce,frozen produce,frozen,1044,0.4262,5,-0.0918
48239,Cocoa Spread with Hazelnuts,spreads,pantry,959,0.4088,4,-0.0918
13768,"Ground Pork, Extra Lean, 4% Fat",packaged meat,meat seafood,601,0.411,2,-0.0919
12551,Natural Stain Remover,laundry,household,515,0.3961,1,-0.0919
29327,Tomato Basil Garlic Italian Sauce,pasta sauce,dry goods pasta,947,0.4087,4,-0.0919
25640,White Peach,fresh fruits,produce,8856,0.5262,10,-0.092
37825,Organic Whole Wheat Fusilli,dry pasta,dry goods pasta,6948,0.5262,10,-0.092
16260,Organic Olive Oil Cooking Spray,oils vinegars,pantry,715,0.3944,3,-0.0921
39430,New Mexico Taco Skillet Sauce For Chicken,latino foods,international,4680,0.4844,9,-0.0921
21198,Coconut Milk Non Dairy Frozen Dessert No Sugar Added Mint Chip,ice cream ice,frozen,1221,0.4259,5,-0.0922
24336,Ditalini Pasta,dry pasta,dry goods pasta,581,0.3959,1,-0.0922
23938,Chocolate Sorbet,ice cream ice,frozen,643,0.4106,2,-0.0923
22475,Jicama,fresh vegetables,produce,2766,0.4537,8,-0.0924
990,Diced Pancetta,lunch meat,deli,551,0.3956,1,-0.0924
45488,Classic Hot Dog Buns,buns rolls,bakery,882,0.4082,4,-0.0924
48865,Organic Ground Chicken,missing,missing,802,0.394,3,-0.0924
21955,All Natural Marinara Pasta Sauce,pasta sauce,dry goods pasta,4202,0.4841,9,-0.0924
10305,Black Plum,fresh fruits,produce,9270,0.5257,10,-0.0926
14720,Gluten Free Mushroom Risotto Veggie Burgers,frozen vegan vegetarian,frozen,619,0.4103,2,-0.0926
37288,Organic Black Plum,fresh vegetables,produce,5341,0.4838,9,-0.0927
35004,Macaroni Shells & White Cheddar Cheese,instant foods,dry goods pasta,8200,0.5255,10,-0.0927
581,Garnet Sweet Potato (Yam),fresh vegetables,produce,6735,0.5255,10,-0.0928
47253,Disinfecting Wet Wipes - Lemongrass Citrus,cleaning products,household,1037,0.4253,5,-0.0928
15202,White Premium Chunk Chicken Breast With Rib Meat in Water,canned meat seafood,canned goods,544,0.3952,1,-0.0928
28999,Flank Steak,meat counter,meat seafood,2209,0.4432,7,-0.0929
44661,Bicolor Sweet Corn,fresh vegetables,produce,9399,0.5254,10,-0.0929
30668,Half Baked Frozen Yogurt,ice cream ice,frozen,2844,0.4532,8,-0.0929
17986,"Caesar Salad Croutons, Restaurant Style",salad dressing toppings,pantry,808,0.3936,3,-0.0929
8615,Sparkling Pomegranate,soft drinks,beverages,3534,0.4836,9,-0.0929
37886,Extra Creamy Dairy Whipped Topping,cream,dairy eggs,1664,0.4429,7,-0.0931
45149,Chunk Light Tuna In Water,canned meat seafood,canned goods,2828,0.453,8,-0.0931
6343,"Pizza Poppers, Three Cheese",frozen appetizers sides,frozen,3279,0.4529,8,-0.0932
20383,Pepper Greens,packaged vegetables fruits,produce,1897,0.4428,7,-0.0932
29127,Dairy Free Unsweetened Coconut Milk,soy lactosefree,dairy eggs,8076,0.5249,10,-0.0933
45296,Tostitos  Scoops,chips pretzels,snacks,2006,0.4427,7,-0.0934
30953,Sliced Beets No Salt Added,canned jarred vegetables,canned goods,2326,0.4527,8,-0.0934
37357,"Natural Laundry Detergent, Free & Clear 33",laundry,household,2386,0.4526,8,-0.0935
31263,Breaded Fish Sticks,frozen meat seafood,frozen,2145,0.4424,7,-0.0936
10246,Organic Celery Hearts,fresh vegetables,produce,23826,0.5246,10,-0.0937
40775,Organic Linguine,dry pasta,dry goods pasta,650,0.4092,2,-0.0937
46513,All Natural Classic Guacamole,fresh dips tapenades,deli,1332,0.4384,6,-0.0937
3339,Organic Russet Potato Bag,packaged vegetables fruits,produce,5448,0.4827,9,-0.0938
13076,Crimini Delight Mushrooms,packaged vegetables fruits,produce,2128,0.4422,7,-0.0938
33043,Crescent Rolls,doughs gelatins bake mixes,pantry,8150,0.5243,10,-0.0939
16953,Creamy Peanut Butter,spreads,pantry,20033,0.5243,10,-0.0939
6985,Alfredo Sauce,pasta sauce,dry goods pasta,846,0.4066,4,-0.094
36953,Free & Clear Automatic Dishwasher Detergent,dish detergents,household,1461,0.4381,6,-0.0941
30133,Cooked Spicy Italian Sausage,hot dogs bacon sausage,meat seafood,528,0.3939,1,-0.0941
35821,Soba Pasta Wheat And Buckwheat,asian foods,international,724,0.3923,3,-0.0942
219,Totz Toothbrush Extra Soft 18+ Months,baby accessories,babies,624,0.4087,2,-0.0943
3988,Roasted Salted Peanuts,nuts seeds dried fruit,snacks,3492,0.4822,9,-0.0943
8631,Family Size Bag of French Green Beans,fresh vegetables,produce,859,0.4063,4,-0.0943
32707,Platinum™ ActionPacs™ Fresh Scent Dishwasher Detergent,dish detergents,household,1199,0.4237,5,-0.0944
33671,100% Pineapple Juice,juice nectars,beverages,2599,0.4517,8,-0.0944
6142,Roasted Garlic Family Size Hummus,fresh dips tapenades,deli,847,0.4061,4,-0.0945
37215,100% Cranberry Juice,juice nectars,beverages,4672,0.482,9,-0.0945
2604,Lemon Zest Sorbetto,ice cream ice,frozen,1027,0.4236,5,-0.0945
44795,Minneola Tangelo,fresh fruits,produce,2635,0.4516,8,-0.0945
38273,Marinara Pasta Sauce,pasta sauce,dry goods pasta,11066,0.5237,10,-0.0946
26172,Light Sour Cream,other creams cheeses,dairy eggs,5528,0.4817,9,-0.0948
34005,Black Seedless Grapes,fresh fruits,produce,3938,0.4817,9,-0.0948
12204,Vegetable Medley,frozen produce,frozen,2484,0.4513,8,-0.0948
34320,Organic Apples Pommes,fresh fruits,produce,1241,0.423,5,-0.095
10402,Pronamel Gentle Whitening Toothpaste,oral hygiene,personal care,613,0.4078,2,-0.0951
40342,Tikka Masala Mild Indian Simmer Sauce,indian foods,international,1837,0.4409,7,-0.0951
3213,Spicy Black Bean & Kale Organic Soup,soup broth bouillon,canned goods,828,0.3913,3,-0.0952
41178,Natural Finely Shredded Triple Cheddar Cheese,packaged cheese,dairy eggs,1817,0.4408,7,-0.0952
18565,Dry Roasted Lightly Salted Edamame,nuts seeds dried fruit,snacks,623,0.4077,2,-0.0952
41909,Bread & Butter Pickle Chips,pickled goods olives,pantry,2380,0.4508,8,-0.0953
12145,Tofu Miso Ramen,asian foods,international,1747,0.4408,7,-0.0953
4367,Garlic & Fine Herbs Gournay Cheese,packaged cheese,dairy eggs,8082,0.5229,10,-0.0953
723,Movie Theater Butter Pop Corn,popcorn jerky,snacks,706,0.3909,3,-0.0955
16772,Organic Ginger Herbal Tea,tea,beverages,1115,0.4224,5,-0.0956
49491,Garlic & Butter  Texas Toast Croutons,salad dressing toppings,pantry,525,0.3924,1,-0.0957
32782,Organic Unbleached Bread Flour,baking ingredients,pantry,1030,0.4223,5,-0.0957
28990,Curly Parsley Bunch,fresh herbs,produce,2880,0.4503,8,-0.0958
31893,Ice Cream Chocolate Mocha Chip,ice cream ice,frozen,2151,0.4403,7,-0.0958
22062,The Original Thick Slice with Real Garlic Texas Toast,frozen appetizers sides,frozen,510,0.3922,1,-0.0959
39794,Red Plum,fresh fruits,produce,4871,0.4806,9,-0.0959
790,Garbanzo Beans,canned meals beans,canned goods,3700,0.4805,9,-0.096
4853,Broccoli Rabe,fresh vegetables,produce,3253,0.45,8,-0.0961
31653,Organic Unsalted Chicken Bone Stock,soup broth bouillon,canned goods,692,0.3902,3,-0.0963
31423,Vegetable Classics Tomato Basil,soup broth bouillon,canned goods,1019,0.4043,4,-0.0963
1483,Pimento Martini Olives,pickled goods olives,pantry,705,0.3901,3,-0.0964
37625,Guacamole Authentic,fresh dips tapenades,deli,1501,0.4357,6,-0.0964
33104,Organic Unsweetened Ketchup,condiments,pantry,695,0.3899,3,-0.0965
17170,Little Yums Pumpkin and Banana Teething Wafers,baby food formula,babies,1612,0.4355,6,-0.0967
42629,Original Dried Cranberries,nuts seeds dried fruit,snacks,1424,0.4354,6,-0.0967
22795,100% Whole Wheat Hamburger Buns,buns rolls,bakery,757,0.3897,3,-0.0968
27903,CleanCare 1-Ply Double Rolls Toilet Paper,paper goods,household,2486,0.4493,8,-0.0968
46812,Natural Buttermilk Pancake & Waffle Mix,hot cereal pancake mixes,breakfast,1942,0.4392,7,-0.0968
39678,Free & Clear Natural Dishwasher Detergent,dish detergents,household,1758,0.4391,7,-0.0969
33897,Chicken Wings,packaged poultry,meat seafood,872,0.4037,4,-0.0969
1446,Organic Olive Oil  Spray,oils vinegars,pantry,1185,0.4211,5,-0.097
8382,Organic Tomato Bisque,prepared soups salads,deli,1235,0.4211,5,-0.097
12916,Ginger Ale,soft drinks,beverages,12536,0.5212,10,-0.097
34407,Taco Seasoning Mix,spices seasonings,pantry,1779,0.439,7,-0.097
13516,Laundry Stain Remover Spray,laundry,household,832,0.3894,3,-0.097
36266,Chicken Rice Mix,instant foods,dry goods pasta,850,0.4035,4,-0.0971
41063,Chia Protein Bar Dark Chocolate Coconut Sea Salt,energy granola bars,snacks,504,0.3909,1,-0.0972
45594,Goats Milk Feta,packaged cheese,dairy eggs,594,0.4057,2,-0.0972
47631,Original Vegetable Oil Spread,butter,dairy eggs,631,0.4057,2,-0.0972
46558,100% Whole Wheat Burger Buns,buns rolls,bakery,1048,0.4208,5,-0.0972
42327,Free & Gentle Fabric Softener Dryer Sheets,laundry,household,522,0.3908,1,-0.0973
186,Fresh Scent Dishwasher Detergent with Dawn,dish detergents,household,581,0.3907,1,-0.0973
4261,All Natural Whole Strawberries,frozen produce,frozen,863,0.4032,4,-0.0974
26922,"Freshly Grated Cheese, Parmesan",packaged cheese,dairy eggs,930,0.4032,4,-0.0974
41527,Organic Mild Salsa,preserved dips spreads,pantry,873,0.4032,4,-0.0974
37220,Organic Strawberry Fruit Spread,spreads,pantry,11238,0.5208,10,-0.0974
34893,Chai Rooibos Herbal Tea Bags,tea,beverages,666,0.4054,2,-0.0975
46361,Tortilla Triangles Restaurant Style Chips,chips pretzels,snacks,1082,0.4205,5,-0.0975
21802,Salame,lunch meat,deli,520,0.3904,1,-0.0977
39037,Quick & Easy Fresh Green Beans,packaged vegetables fruits,produce,649,0.4052,2,-0.0977
28511,Whipping Cream Ultra Pasteurized,cream,dairy eggs,692,0.3887,3,-0.0977
10111,Organic Smooth Move Herb Tea Bags,tea,beverages,515,0.3903,1,-0.0978
31481,Sleepytime Extra Herbal Tea Bags,tea,beverages,510,0.3902,1,-0.0979
32303,Red Seedless Grapes,fresh fruits,produce,9182,0.5201,10,-0.0981
23910,100% Pure Canola Oil,oils vinegars,pantry,667,0.4048,2,-0.0981
26486,Organic Shiitaki Mushrooms,frozen produce,frozen,1288,0.434,6,-0.0981
25821,Organic Raspberry Fruit Spread,spreads,pantry,770,0.3883,3,-0.0981
18573,Spinach & Artichoke Ravioli,frozen meals,frozen,650,0.4046,2,-0.0983
23165,Organic Leek,fresh vegetables,produce,19671,0.5199,10,-0.0983
605,Natural Liquid Laundry Detergent - Blue Eucalyptus and Lavender,laundry,household,4258,0.4782,9,-0.0983
20168,Organic Sunflower Seed Spread,spreads,pantry,1894,0.4377,7,-0.0983
17008,Shredded Sharp Cheddar Cheese,packaged cheese,dairy eggs,7117,0.5199,10,-0.0983
18889,Greek Extra Virgin Olive Oil,oils vinegars,pantry,1089,0.4197,5,-0.0984
29460,Hemp Seeds,nuts seeds dried fruit,snacks,1151,0.4196,5,-0.0984
5151,Lemon Ginger Caffeine Free Herbal Tea Bags,tea,beverages,643,0.4044,2,-0.0986
39832,Rise Krisipies Toasted Rice Cereal,cereal,breakfast,2005,0.4374,7,-0.0986
5025,Green Onions,fresh vegetables,produce,26536,0.5196,10,-0.0987
30751,All-Purpose Flour,baking ingredients,pantry,626,0.4042,2,-0.0988
2832,Organic Quinoa Hot Cereal Flakes,cereal,breakfast,514,0.3891,1,-0.0989
2519,Rice Krispies Cereal,cereal,breakfast,2751,0.4471,8,-0.099
20977,The Natural Whipped Topping,other creams cheeses,dairy eggs,879,0.4016,4,-0.099
2350,60% Cacao Bittersweet Premium Baking Chips,baking ingredients,pantry,3636,0.4774,9,-0.0991
5690,Organic Tangellos,fresh fruits,produce,746,0.3874,3,-0.0991
39621,Organic Artichoke,fresh vegetables,produce,1358,0.433,6,-0.0991
17264,Stand 'n Stuff Taco Shells,latino foods,international,2147,0.4369,7,-0.0992
5603,Organic Green Peas,frozen produce,frozen,2940,0.4469,8,-0.0992
16350,Variety Snack Pack,fruit vegetable snacks,snacks,1187,0.4187,5,-0.0993
18987,Hot Dog Buns,buns rolls,bakery,6742,0.5188,10,-0.0994
15591,Gluten Free Steel Cut Oats,hot cereal pancake mixes,breakfast,997,0.4012,4,-0.0994
1148,Oxy Power Degreaser Ultra Concentrated Dish Liquid,dish detergents,household,689,0.4035,2,-0.0994
16133,Bombay Spice Crunchy Chickpeas,indian foods,international,662,0.4033,2,-0.0996
47734,Organic Green Cabbage,fresh vegetables,produce,21352,0.5186,10,-0.0996
44867,Soft & Chewy Candy,candy chocolate,snacks,672,0.4033,2,-0.0996
6274,Squeeze Pouch Sour Cream,cream,dairy eggs,1698,0.4364,7,-0.0996
41238,Parmesan Couscous Mix,instant foods,dry goods pasta,3677,0.4767,9,-0.0998
4071,Organic Lemongrass Ginger Ramen,asian foods,international,781,0.3867,3,-0.0998
24933,Turmeric Root,fresh vegetables,produce,3453,0.4767,9,-0.0998
20588,Vegan Buttery Sticks,soy lactosefree,dairy eggs,2848,0.4463,8,-0.0998
22750,Finely Shredded Mild Cheddar Cheese,packaged cheese,dairy eggs,1321,0.4322,6,-0.0999
12163,Organic Coconut Bliss Frozen Dessert,ice cream ice,frozen,675,0.403,2,-0.0999
20896,C&W Frozen Petite Sweet Corn,frozen produce,frozen,554,0.3881,1,-0.1
13049,Nonfat Plain Greek Yogurt,yogurt,dairy eggs,685,0.4029,2,-0.1
47034,"Fruit Spread, Strawberry",spreads,pantry,1354,0.4321,6,-0.1001
45584,Farmhouse Waffle & Pancake Mix,hot cereal pancake mixes,breakfast,531,0.3879,1,-0.1001
1360,Crunchy Peanut Butter,spreads,pantry,5139,0.4764,9,-0.1001
26030,Mozzarella Traditional Cut Shredded Cheese,packaged cheese,dairy eggs,1029,0.4179,5,-0.1002
22141,Vegan Ramen Chicken Flavor,soup broth bouillon,canned goods,1433,0.432,6,-0.1002
39113,Baby Sugar Snap Peas,packaged vegetables fruits,produce,944,0.4004,4,-0.1002
32573,Pretzel Sticks,chips pretzels,snacks,3319,0.4459,8,-0.1002
13457,Pad Thai Brown Rice Noodles,asian foods,international,1932,0.4358,7,-0.1002
6841,Kids Berry Probiotic Chewables,digestion,personal care,575,0.3878,1,-0.1002
12087,Chicken Flavor Ramen Noodle Soup,instant foods,dry goods pasta,3235,0.4457,8,-0.1004
4921,Organic Roasted Garlic Mushroom Lentil Soup,soup broth bouillon,canned goods,565,0.3876,1,-0.1004
7411,Chicken & Dumplings Organic Soup,soup broth bouillon,canned goods,661,0.4024,2,-0.1005
2099,Natural Cane Turbinado Sugar,baking ingredients,pantry,3606,0.4759,9,-0.1006
30756,Mandarin Clementine  Bag,fresh fruits,produce,3309,0.4455,8,-0.1007
7461,Pinto Beans No Salt Added,canned meals beans,canned goods,4170,0.4758,9,-0.1007
37257,Organic Sweetened Cranberries,nuts seeds dried fruit,snacks,2610,0.4452,8,-0.1009
4960,Three Cheese Mini Pizza Bagels Frozen Snacks,frozen pizza,frozen,1816,0.435,7,-0.101
37609,Extra Crispy Tator Tots,frozen appetizers sides,frozen,662,0.4018,2,-0.1011
32369,Uncured Diced Pancetta,lunch meat,deli,3025,0.445,8,-0.1011
14704,Organic Bagged Valencia Oranges,fresh fruits,produce,2823,0.4449,8,-0.1012
1639,Green Machine,refrigerated,beverages,766,0.3851,3,-0.1013
17550,Oatneal Cookie Ice Cream,missing,missing,650,0.4015,2,-0.1014
30062,White Select-A-Size Paper Towels,paper goods,household,660,0.4015,2,-0.1014
3855,White Hot Dog Rolls,buns rolls,bakery,1277,0.4166,5,-0.1014
7014,Dishwasher Gel Free & Clear,dish detergents,household,4244,0.475,9,-0.1015
26728,Compostable Tall Trash Bags 13 gallon,trash bags liners,household,892,0.3991,4,-0.1015
37524,Fresh Mozzarella Ball,specialty cheeses,dairy eggs,10101,0.5167,10,-0.1015
9561,Persimmon Sharon Fruit Cv,fresh fruits,produce,1654,0.4305,6,-0.1017
29987,Shredded Mozzarella,packaged cheese,dairy eggs,21999,0.5165,10,-0.1018
11827,Chunky Medium Salsa,preserved dips spreads,pantry,3420,0.4442,8,-0.102
43512,Stage 1 First Pears,baby food formula,babies,518,0.3861,1,-0.102
33672,Shredded Monterey Jack Cheese,packaged cheese,dairy eggs,1144,0.4161,5,-0.102
35833,Andouille  Chicken & Turkey Sausage,hot dogs bacon sausage,meat seafood,770,0.3844,3,-0.102
24834,Organic Sweet Potato Puffs,baby food formula,babies,2847,0.444,8,-0.1021
23554,Organic Vanilla Bean Ice Cream,ice cream ice,frozen,5892,0.4744,9,-0.1021
49273,Light and Lean Quinoa Black Beans with Butternut Squash and Chard,frozen meals,frozen,3624,0.4743,9,-0.1022
35365,Naturally Hickory Smoked Hometown Original Bacon,hot dogs bacon sausage,meat seafood,584,0.4007,2,-0.1022
43999,"Bucatini, No. 15",dry pasta,dry goods pasta,669,0.4006,2,-0.1023
4125,Grapefruit Sparkling Juice Beverage,refrigerated,beverages,684,0.4006,2,-0.1023
204,Free & Clear Natural Laundry Detergent For Sensitive Skin,laundry,household,4931,0.4741,9,-0.1024
4620,Ginger Root,fresh herbs,produce,1078,0.4156,5,-0.1025
18337,Classic Mild Cheddar Macaroni & Cheese,instant foods,dry goods pasta,3108,0.4434,8,-0.1027
9493,Seasoned Croutons,salad dressing toppings,pantry,808,0.3837,3,-0.1028
11190,Hardwood Floor Cleaner,cleaning products,household,640,0.4,2,-0.1029
47229,Bag of Organic Fuji Apples,packaged vegetables fruits,produce,4330,0.4734,9,-0.1031
19076,Rich & Hearty Chicken & Homestyle Noodles Soup,soup broth bouillon,canned goods,2081,0.433,7,-0.1031
1176,Garlic Texas Toast,frozen breads doughs,frozen,881,0.3973,4,-0.1033
38003,Sicilian Pistachio,ice cream ice,frozen,3029,0.4427,8,-0.1034
43908,Butternut Squash Ravioli,frozen meals,frozen,4472,0.4729,9,-0.1036
34824,Organic Sweet Onion,fresh vegetables,produce,3515,0.4728,9,-0.1037
36082,Organic Mango,fresh fruits,produce,9382,0.5145,10,-0.1037
38483,Antibacterial Concentrated Dish Soap,dish detergents,household,1055,0.4142,5,-0.1038
30720,Sugar Snap Peas,fresh vegetables,produce,14120,0.5142,10,-0.1041
32051,Blueberry Muffin Mix,doughs gelatins bake mixes,pantry,652,0.3988,2,-0.1041
15803,Organic Sweet Potato Puree,baking ingredients,pantry,1039,0.4139,5,-0.1042
42611,Green Tea Green Ginger Tea Bags,tea,beverages,1679,0.4318,7,-0.1042
47042,Organic Red On the Vine Tomato,fresh vegetables,produce,11466,0.514,10,-0.1043
23888,Hamburger Buns,buns rolls,bakery,4832,0.4721,9,-0.1044
40002,Strawberry Ice Cream,ice cream ice,frozen,6129,0.472,9,-0.1045
1110,Broccoli Carrots Sugar Snap Peas & Water Chestnuts,frozen produce,frozen,615,0.3984,2,-0.1045
45310,Organic Peachy Green Tea,tea,beverages,545,0.3835,1,-0.1046
10460,Original Crumbled Goat Cheese,packaged cheese,dairy eggs,728,0.3819,3,-0.1046
37053,Just Mayo,condiments,pantry,4582,0.4718,9,-0.1047
24097,Rotini Pasta,dry pasta,dry goods pasta,4847,0.4718,9,-0.1047
20887,Feta Crumbles Cheese,packaged cheese,dairy eggs,1094,0.4132,5,-0.1049
1970,Chicken Enchiladas,frozen meals,frozen,588,0.398,2,-0.105
44371,Alaskan Salmon Burgers,frozen meat seafood,frozen,2315,0.441,8,-0.1051
27055,Mushroom Ramen,asian foods,international,1097,0.4129,5,-0.1051
32734,Spaghetti,dry pasta,dry goods pasta,15813,0.513,10,-0.1052
48171,Shredded Hash Browns,frozen appetizers sides,frozen,6925,0.5129,10,-0.1053
27117,Refresh Herbal Tea,tea,beverages,2227,0.4306,7,-0.1054
16830,Le Gruyere Cheese,specialty cheeses,dairy eggs,2160,0.4306,7,-0.1055
5859,Dishmate Ultra Grapefruit Dishwashing Liquid,dish detergents,household,785,0.3809,3,-0.1056
22828,Sea Salt Caramel Ice Cream,ice cream ice,frozen,1388,0.4265,6,-0.1056
27355,All Natural Seasoned Waffle Cut Fries,frozen appetizers sides,frozen,2863,0.4404,8,-0.1057
7166,Homemade Style Pizza Sauce,pasta sauce,dry goods pasta,510,0.3824,1,-0.1057
43789,Organic Basil,fresh herbs,produce,26668,0.5125,10,-0.1057
40408,SALSA        FRNTR CHPTL SALSA,preserved dips spreads,pantry,1118,0.4123,5,-0.1057
25647,Heirloom Tomato,fresh vegetables,produce,5158,0.4707,9,-0.1058
2846,Organic Green Onions,fresh vegetables,produce,8138,0.5123,10,-0.1059
39922,Celery Sticks,packaged vegetables fruits,produce,7393,0.512,10,-0.1063
3473,Clementine Dish Soap,dish detergents,household,1127,0.4117,5,-0.1063
1200,Vegetable Classics Vegetable Soup,soup broth bouillon,canned goods,732,0.3798,3,-0.1067
22736,Sweet Potato Fries with Salt,frozen appetizers sides,frozen,1861,0.4293,7,-0.1067
13920,"Orange, Cherry, & Grape Ice Pops",ice cream ice,frozen,1087,0.4112,5,-0.1068
48454,Manwich Original Sloppy Joe Sauce,canned meals beans,canned goods,793,0.3796,3,-0.1069
45622,"Paper Towels Choose-A-Sheet, Mega Rolls, One-Ply",paper goods,household,3683,0.4695,9,-0.107
14386,Cherry Preserves,preserved dips spreads,pantry,1647,0.425,6,-0.1071
24179,"Real Vegetable Chips, Sweets & Beets",chips pretzels,snacks,1513,0.425,6,-0.1072
35395,Pure Olive Oil,oils vinegars,pantry,844,0.3934,4,-0.1072
13431,Flaky Biscuits,doughs gelatins bake mixes,pantry,6877,0.511,10,-0.1073
4006,Hazelnut Spread With Skim Milk & Cocoa,spreads,pantry,6202,0.4692,9,-0.1073
4168,Rutabaga Organic,fresh vegetables,produce,665,0.3955,2,-0.1074
8104,Instant Espresso Coffee,coffee,beverages,1015,0.3931,4,-0.1075
12290,Brie,specialty cheeses,dairy eggs,2679,0.4386,8,-0.1075
14966,Organic Mandarins,fresh fruits,produce,1637,0.4246,6,-0.1076
20754,Mediterranean Mint Gelato,ice cream ice,frozen,7319,0.5102,10,-0.1081
45860,Poblano Pepper & Corn Chowder,soup broth bouillon,canned goods,500,0.38,1,-0.1081
12186,Organic Mint Mélange Herbal Tea,tea,beverages,537,0.3799,1,-0.1082
11046,Humboldt Fog,specialty cheeses,dairy eggs,3074,0.4379,8,-0.1082
25588,Seedless Small Watermelon,fresh fruits,produce,13996,0.5099,10,-0.1083
49644,Feta Crumbles,specialty cheeses,dairy eggs,621,0.3945,2,-0.1084
19421,Coconut Milk Vanilla Bean Frozen Dessert,ice cream ice,frozen,852,0.392,4,-0.1086
29298,Deluxe Thick Apricot Fruit Spread,spreads,pantry,543,0.3794,1,-0.1087
28123,Organic Cut Green Beans,frozen produce,frozen,7144,0.5095,10,-0.1087
20674,Golden Fries French Fried Potatoes,frozen appetizers sides,frozen,868,0.3917,4,-0.1089
33953,"Cheese, Goat Milk, Purple Haze",packaged cheese,dairy eggs,1264,0.409,5,-0.109
4675,Boniato Sweet Potato,fresh vegetables,produce,1808,0.427,7,-0.1091
12569,Frozen Unsweetened Whole Strawberries,frozen produce,frozen,533,0.379,1,-0.1091
26666,Pure Peppermint Herbal Tea,tea,beverages,678,0.3938,2,-0.1091
9077,Herbal Tea Lemon & Ginger Caffeine Free Tea Bags,tea,beverages,557,0.3788,1,-0.1092
23822,Sweet Potato & Chicken Dinner,baby food formula,babies,1412,0.4228,6,-0.1093
17679,San Marzano Peeled Tomatoes,canned jarred vegetables,canned goods,1243,0.4087,5,-0.1094
47893,Steel Cut Irish Oatmeal,hot cereal pancake mixes,breakfast,2325,0.4366,8,-0.1095
34786,Tikka Masala Simmer Sauce,indian foods,international,1278,0.4225,6,-0.1096
34768,Bulgarian Cultured Buttermilk,milk,dairy eggs,555,0.3784,1,-0.1097
22400,"Peanut Butter, Classic",spreads,pantry,1437,0.4224,6,-0.1097
37036,Ultra Dawn Ultra Dishwashing Liquid Antibacterial Orange 21.6 Oz Dish Care,dish detergents,household,674,0.3932,2,-0.1097
12250,EF California White Basmati Eco-Farmed 2 lb Rice,grains rice dried goods,dry goods pasta,1411,0.4224,6,-0.1097
39950,Original Fresh Stacks Saltine Crackers 8 Pack,crackers,snacks,621,0.3929,2,-0.11
1631,White Vinegar,oils vinegars,pantry,789,0.3764,3,-0.11
226,Shaved Parmesan Cheese,packaged cheese,dairy eggs,1541,0.4218,6,-0.1103
34264,Organic Sweet Italian Chicken Sausage,hot dogs bacon sausage,meat seafood,572,0.3776,1,-0.1104
8075,Small Compostable Waste Bag,trash bags liners,household,2414,0.4354,8,-0.1107
1025,Organic Fresh Basil,fresh herbs,produce,11930,0.5074,10,-0.1109
12939,Jumbo Garlic,fresh vegetables,produce,791,0.3755,3,-0.111
48775,Organic Red Cabbage,fresh vegetables,produce,15055,0.5072,10,-0.111
3464,"Organic Butterhead (Boston, Butter, Bibb) Lettuce",fresh vegetables,produce,12137,0.5071,10,-0.1111
8584,Original Medium Taco Sauce,condiments,pantry,722,0.3753,3,-0.1111
10385,Organic English Cucumber,fresh vegetables,produce,8158,0.5071,10,-0.1111
6003,Berry Valley Blueberries,fresh fruits,produce,786,0.3753,3,-0.1111
11909,White Instant Enriched Long Grain Rice,instant foods,dry goods pasta,968,0.3895,4,-0.1111
14890,Shelled Walnuts,nuts seeds dried fruit,snacks,1101,0.4069,5,-0.1111
21417,Organic Creamy Tomato Soup,soup broth bouillon,canned goods,7212,0.5071,10,-0.1112
20367,Natural Mint Gum,mint gum,snacks,628,0.3917,2,-0.1112
12911,"Liquid Laundry Detergent, Original scent",laundry,household,984,0.3892,4,-0.1114
45309,Purple Carrot & blueberry Puffs,baby food formula,babies,1225,0.4065,5,-0.1115
29734,Nature's Calorie-Free Sweetener,baking ingredients,pantry,1517,0.4206,6,-0.1116
1263,American Cheese Slices 12 Count,packaged cheese,dairy eggs,3450,0.4649,9,-0.1116
45604,Blue Tilapia Fillets,packaged seafood,meat seafood,510,0.3765,1,-0.1116
8169,Organic Vegetable Lentil & Roasted Red Pepper Soup,soup broth bouillon,canned goods,856,0.389,4,-0.1116
35948,Tonic Water,water seltzer sparkling water,beverages,4231,0.4649,9,-0.1116
46346,Sweet Potato Fries with Sea Salt,frozen appetizers sides,frozen,5712,0.4648,9,-0.1117
45757,Picnic Potato Salad,prepared soups salads,deli,898,0.3886,4,-0.112
16824,Traditional Egg Pasta Pappardelle,dry pasta,dry goods pasta,1540,0.4201,6,-0.112
47155,Curried Lentil Soup,soup broth bouillon,canned goods,524,0.376,1,-0.1121
26767,No Calorie Sweetener Packets,baking ingredients,pantry,2735,0.434,8,-0.1121
8506,Yellow Corn Taco Shells,latino foods,international,1643,0.42,6,-0.1122
28824,Onion Rings,frozen appetizers sides,frozen,1746,0.4238,7,-0.1122
11926,Organic Cheddar Squares,crackers,snacks,1436,0.4199,6,-0.1122
15567,Crunchy Chickpeas Falafel,fruit vegetable snacks,snacks,1422,0.4198,6,-0.1123
18115,Light Chicken & Dumpling Soup,soup broth bouillon,canned goods,711,0.3741,3,-0.1123
1330,Extra Soft Double Roll Bathroom Tissue,paper goods,household,930,0.3882,4,-0.1124
48682,Sauerkraut,pickled goods olives,pantry,1693,0.4235,7,-0.1125
33219,Spanish Style Ready Rice,instant foods,dry goods pasta,633,0.3902,2,-0.1127
44987,Heavy Whipping Cream,cream,dairy eggs,20684,0.5055,10,-0.1127
22276,Black Bean Veggie Burger,frozen vegan vegetarian,frozen,1810,0.4232,7,-0.1128
38129,Organic Hearty Tomato Bisque,soup broth bouillon,canned goods,581,0.3752,1,-0.1128
48135,Organic Mountain Forest Honey Light Amber,honeys syrups nectars,pantry,1775,0.4231,7,-0.1129
41953,Vegetarian Chili Seasoning,spices seasonings,pantry,731,0.3735,3,-0.113
48812,Variety Pack,food storage,household,3847,0.4635,9,-0.113
2050,Organic Berry Basket Blend,frozen produce,frozen,1310,0.4191,6,-0.1131
27142,Unsweetened Organic Coconut Milk Light,soy lactosefree,dairy eggs,2298,0.433,8,-0.1131
20760,Pork Breakfast Sausage,hot dogs bacon sausage,meat seafood,2147,0.4229,7,-0.1131
48131,Versatile Stain Remover 65 Loads,laundry,household,785,0.3732,3,-0.1132
28986,Mild Italian Chicken Sausage,hot dogs bacon sausage,meat seafood,5813,0.4633,9,-0.1132
48523,Birthday Cake Light Ice Cream,ice cream ice,frozen,5129,0.4632,9,-0.1133
46703,Shelled Soybeans Edamame,frozen produce,frozen,1050,0.4048,5,-0.1133
41743,Organic Shiitake Mushrooms,packaged vegetables fruits,produce,629,0.3895,2,-0.1134
11201,Mint Chocolate Chip Grand Ice Cream,ice cream ice,frozen,550,0.3745,1,-0.1135
16020,Original Crescent Rolls,doughs gelatins bake mixes,pantry,3308,0.4326,8,-0.1135
34427,Butter Beans,canned meals beans,canned goods,534,0.3745,1,-0.1135
31958,Spinach and Arugula Salad,packaged vegetables fruits,produce,1702,0.4224,7,-0.1136
48885,Butternut Squash Noodles,packaged vegetables fruits,produce,686,0.3892,2,-0.1137
20034,Potted Basil,fresh herbs,produce,2034,0.4223,7,-0.1137
19775,Vegetarian No Chicken Base,soup broth bouillon,canned goods,545,0.3743,1,-0.1137
29553,Super Soft Taco Flour Tortillas,tortillas flat bread,bakery,7063,0.5045,10,-0.1138
25893,Original Pancake & Waffle Mix,hot cereal pancake mixes,breakfast,905,0.3867,4,-0.1139
1599,Cottonelle Fresh Care Flushable Cleansing Cloths,paper goods,household,722,0.3726,3,-0.1139
12481,Oreo Chocolate Sandwich Cookies,cookies cakes,snacks,4914,0.4626,9,-0.1139
30918,Whole Chicken,poultry counter,meat seafood,1476,0.418,6,-0.1141
49424,Cereal Honey Bears,honeys syrups nectars,pantry,1543,0.418,6,-0.1141
5210,Original Baked Beans,canned meals beans,canned goods,1667,0.4217,7,-0.1143
12945,Signature Recipes Vodka Sauce Pasta Sauce,pasta sauce,dry goods pasta,888,0.3863,4,-0.1143
22290,Organic Chai Tea Bags,tea,beverages,1827,0.4215,7,-0.1146
22281,Chicken Noodle Soup,prepared soups salads,deli,4196,0.4619,9,-0.1146
8570,Peeled Shallots,packaged vegetables fruits,produce,631,0.3883,2,-0.1146
8567,Scented Soy Lavender Candle,air fresheners candles,household,501,0.3733,1,-0.1148
32224,"Ultra Power Plus Dishwashing Detergent el, Fresh Scent",dish detergents,household,552,0.3732,1,-0.1149
15294,Butter Hamburger Buns,buns rolls,bakery,683,0.388,2,-0.1149
10549,Grands! Flaky Layers Butter Tastin' Biscuits,doughs gelatins bake mixes,pantry,616,0.388,2,-0.1149
17836,Crisp Cucumber & Melon Liquid Hand Soap,body lotions soap,personal care,1001,0.3856,4,-0.115
4913,Table Water Crackers,crackers,snacks,952,0.3855,4,-0.1151
46709,Gluten Free Old Fashioned Rolled Oats,hot cereal pancake mixes,breakfast,5194,0.4611,9,-0.1154
1376,Buttermilk Biscuits,doughs gelatins bake mixes,pantry,2691,0.4307,8,-0.1154
13885,Caramel Cookie Crunch Gelato,ice cream ice,frozen,5517,0.4609,9,-0.1156
27336,Organic Rainbow Carrots,packaged vegetables fruits,produce,14687,0.5026,10,-0.1157
4516,Vegetable Classics Minestrone Soup,soup broth bouillon,canned goods,521,0.3724,1,-0.1157
26318,Pineapple Juice,juice nectars,beverages,881,0.3848,4,-0.1158
45099,Steak Fries Thick-Cut French Fried Potatoes,frozen appetizers sides,frozen,532,0.3722,1,-0.1159
32428,Golden Crinkles French Fried Potatoes,frozen appetizers sides,frozen,1416,0.416,6,-0.1162
436,Petite Brussels Sprouts,frozen produce,frozen,4831,0.4602,9,-0.1163
21847,Lemongrass Citrus Scent Disinfecting Wipes,cleaning products,household,4038,0.4601,9,-0.1164
11005,Organic Cream Cheese Bar,other creams cheeses,dairy eggs,10653,0.5018,10,-0.1164
34124,Organic Low Fat Vegetable Barley Soup,soup broth bouillon,canned goods,2560,0.4297,8,-0.1164
35176,Cream Cheese Cream Cheese Spread,other creams cheeses,dairy eggs,3533,0.4599,9,-0.1166
36333,Heirloom Bean Veggie Burgers,frozen vegan vegetarian,frozen,749,0.3698,3,-0.1166
43888,Medium Red Enchilada Sauce,latino foods,international,982,0.3839,4,-0.1167
3627,Organic Baby Corn Pieces,canned jarred vegetables,canned goods,1425,0.4154,6,-0.1167
42699,Gluten Free Quinoa Pasta Shells,dry pasta,dry goods pasta,2648,0.4294,8,-0.1167
2872,The Original Cream Bars Orange Raspberry Frozen Bars,ice cream ice,frozen,571,0.3713,1,-0.1168
45200,Organic Cauliflower,fresh vegetables,produce,12492,0.5014,10,-0.1169
32850,Organic Pumpkin Puree,baking ingredients,pantry,3036,0.4292,8,-0.1169
41169,Organic Crushed Tomatoes No Salt Added,canned jarred vegetables,canned goods,720,0.3694,3,-0.117
37890,Roasted Tomato Basil Soup,prepared soups salads,deli,679,0.3859,2,-0.117
17123,Organic Honeydew,fresh fruits,produce,1795,0.4189,7,-0.1171
33942,Black Chai Decaf  Tea Bags,tea,beverages,661,0.3858,2,-0.1171
44514,Yellow Straightneck Squash,fresh vegetables,produce,6481,0.501,10,-0.1172
24583,Organic  Unsweetened & Salt Free Sunflower Seed Butter,spreads,pantry,1270,0.4008,5,-0.1173
22587,Organic Cut Spinach,frozen produce,frozen,607,0.3855,2,-0.1174
25704,White Cauliflower,fresh vegetables,produce,721,0.3689,3,-0.1175
940,Bathroom Tissue,paper goods,household,885,0.3831,4,-0.1176
43087,Crackers Bunny Graham Friends Snack Packs,cookies cakes,snacks,1814,0.4184,7,-0.1176
48821,Pistachio Ice Cream,ice cream ice,frozen,524,0.3702,1,-0.1178
39509,Organic Sunny Citrus Bunny Fruit Snacks,fruit vegetable snacks,snacks,910,0.3824,4,-0.1182
17304,Powdered Peanut Butter,spreads,pantry,1411,0.4139,6,-0.1182
49476,Organic Maple Syrup,honeys syrups nectars,pantry,676,0.3846,2,-0.1183
13251,Organic Chamomile with Lavender Herbal Tea Bags,tea,beverages,1743,0.4177,7,-0.1184
27407,Chunky Salsa Medium,preserved dips spreads,pantry,976,0.3822,4,-0.1184
5825,Organic Celery,fresh vegetables,produce,2115,0.4175,7,-0.1185
3829,Organic Spicy Ginger Herbal Tea,tea,beverages,718,0.3677,3,-0.1188
15599,Naturally Hickory Smoked Thick Cut Bacon,hot dogs bacon sausage,meat seafood,2184,0.4171,7,-0.1189
3836,Spinach And Artichoke Hummus,fresh dips tapenades,deli,672,0.3839,2,-0.119
25544,Fresh Cut Golden Sweet Whole Kernel Corn,canned jarred vegetables,canned goods,6002,0.4573,9,-0.1192
1057,"Basil, Asiago & Pine Nut Pesto Ravioli",prepared meals,deli,1048,0.3989,5,-0.1192
12620,Garlic Bread,bread,bakery,2128,0.4168,7,-0.1192
28464,"Whipped Light Cream, Original",cream,dairy eggs,1151,0.3988,5,-0.1193
32548,Citrus Lemons Organic 2 Lb Bag,packaged vegetables fruits,produce,711,0.3671,3,-0.1194
21022,Imported Grated Parmesan,packaged cheese,dairy eggs,678,0.3835,2,-0.1194
42215,Roasted Garlic Herb Italian Sauce,pasta sauce,dry goods pasta,540,0.3685,1,-0.1195
9601,Organic Yellow Onions,fresh vegetables,produce,706,0.3669,3,-0.1196
87,Classics Earl Grey Tea,tea,beverages,747,0.3668,3,-0.1197
18960,The Original Firecracker Ice Pop,ice cream ice,frozen,668,0.3832,2,-0.1197
24390,Pomegranate,fresh fruits,produce,6287,0.4568,9,-0.1197
49451,Artichoke Spinach Dip,fresh dips tapenades,deli,1082,0.3983,5,-0.1197
46266,California Heirloom Monviso Peeled Garlic,packaged produce,produce,1828,0.4163,7,-0.1197
29312,Mint Medley Herbal Tea,tea,beverages,624,0.383,2,-0.1199
13110,Cozy Chamomile Herbal Tea,tea,beverages,658,0.383,2,-0.1199
31955,Organic Banana Puffs,baby food formula,babies,1726,0.416,7,-0.1201
27925,Organic Red Bartlett Pear,fresh fruits,produce,4638,0.4564,9,-0.1201
41376,Ground Veal,packaged meat,meat seafood,954,0.3805,4,-0.1201
18379,Raspberry Sorbet,ice cream ice,frozen,1159,0.3978,5,-0.1203
19446,Thick & Chunky Salsa,fresh dips tapenades,deli,3688,0.4561,9,-0.1204
15937,Shallot,fresh vegetables,produce,17401,0.4976,10,-0.1206
31562,Sweet Onions,fresh vegetables,produce,7024,0.4976,10,-0.1207
16521,Walnut Halves & Pieces,nuts seeds dried fruit,snacks,10531,0.4976,10,-0.1207
45061,Natural Vanilla Ice Cream,ice cream ice,frozen,4627,0.4558,9,-0.1207
39984,Organic Dill,fresh herbs,produce,15954,0.4974,10,-0.1208
16456,Vegetarian Organic Chili Beans,canned meals beans,canned goods,1030,0.3971,5,-0.121
41972,California White Jasmine Rice,grains rice dried goods,dry goods pasta,1384,0.4111,6,-0.121
38291,Traditional Crumbled Feta Cheese,packaged cheese,dairy eggs,1803,0.4149,7,-0.1212
42183,Super Antioxidant Green Tea,tea,beverages,2107,0.4148,7,-0.1212
12464,Muscat Grapes,fresh fruits,produce,1469,0.4105,6,-0.1217
19535,Signature Recipes Creamy Alfredo Pasta Sauce,pasta sauce,dry goods pasta,1242,0.3961,5,-0.1219
2573,Garlic Pepper Ramen,asian foods,international,1212,0.396,5,-0.122
43638,Butter Flavor Movie Theater Microwave Popcorn,popcorn jerky,snacks,659,0.3809,2,-0.122
32691,Vanilla Ice Cream,ice cream ice,frozen,12117,0.496,10,-0.1222
45906,Organic Strawberry Ice Cream,ice cream ice,frozen,1142,0.3958,5,-0.1223
26252,Atlantic Salmon Fillets,packaged seafood,meat seafood,1175,0.3957,5,-0.1223
19674,Orange Gelatin,refrigerated pudding desserts,dairy eggs,586,0.3805,2,-0.1224
2135,5-Lettuce Mix,packaged vegetables fruits,produce,558,0.3656,1,-0.1225
30901,Snickerdoodle Cinnamon Sugar Cookies,cookies cakes,snacks,644,0.3804,2,-0.1225
46304,Protein Smoothie Choc-a-lot Flavor,protein meal replacements,personal care,553,0.3653,1,-0.1228
41690,California Cauliflower,fresh vegetables,produce,5065,0.4537,9,-0.1228
18849,Red Chile Enchilada Sauce,latino foods,international,2741,0.4232,8,-0.1229
5334,Blue Eucalyptus & Lavender Natural Laundry Detergent,laundry,household,972,0.3776,4,-0.123
1090,Shells & Real Aged Cheddar Macaroni & Cheese,instant foods,dry goods pasta,7460,0.4952,10,-0.1231
35042,Black Beans,canned meals beans,canned goods,13525,0.4951,10,-0.1231
16578,Quartered Artichoke Hearts,canned jarred vegetables,canned goods,507,0.3649,1,-0.1232
3843,Organic Brussels Sprouts,fresh vegetables,produce,2417,0.4228,8,-0.1233
49139,Salsa Con Queso Medium,preserved dips spreads,pantry,3167,0.4228,8,-0.1233
8362,Feta Cheese,packaged cheese,dairy eggs,2011,0.4127,7,-0.1233
33509,Italian Herbs & Olive Oil Mozzarella Stix,frozen appetizers sides,frozen,818,0.3631,3,-0.1234
12254,Organic Cherries,packaged vegetables fruits,produce,5629,0.4528,9,-0.1237
20285,Non Dairy Choc Fudge Brownie,ice cream ice,frozen,761,0.3627,3,-0.1238
8479,Original Black Box Tablewater Cracker,crackers,snacks,7464,0.4944,10,-0.1239
32818,Organic Pink Lemonade Bunny Fruit Snacks,fruit vegetable snacks,snacks,530,0.3642,1,-0.1239
19051,"Pita Chips, Simply Naked, Party Size",chips pretzels,snacks,3892,0.4525,9,-0.124
20957,Whole Grain Rice Cereal,baby food formula,babies,1605,0.4081,6,-0.124
28127,Flat Fillet Anchovies in Olive Oil with Salt Added,canned meat seafood,canned goods,615,0.3789,2,-0.124
39247,Mango,fresh fruits,produce,2431,0.422,8,-0.1241
36849,Milk Chocolate Candy Bars,candy chocolate,snacks,1685,0.4119,7,-0.1242
6474,Organic Sparkling Cider,soft drinks,beverages,1528,0.4077,6,-0.1244
21334,Organic Peeled Garlic,packaged vegetables fruits,produce,2958,0.4216,8,-0.1245
22218,Outshine Fruit Bars,ice cream ice,frozen,1779,0.4115,7,-0.1246
32338,Natural Jif Creamy Peanut Butter Spread,spreads,pantry,3514,0.4519,9,-0.1246
24059,Meyer Lemon Everyone Hand Soap,soap,personal care,727,0.3618,3,-0.1247
7644,Scoops! Tortilla Chips,chips pretzels,snacks,7625,0.4935,10,-0.1247
13709,Organic Dailt Vitamin Pops,candy chocolate,snacks,810,0.3617,3,-0.1247
34229,Petite Peas,frozen produce,frozen,1195,0.3933,5,-0.1247
1208,Organic Roasted Dandelion Root Herbal Tea,tea,beverages,512,0.3633,1,-0.1248
12496,Radish,fresh vegetables,produce,2500,0.4212,8,-0.1249
17200,Wild Blueberry Preserves,spreads,pantry,2484,0.4211,8,-0.125
16108,Deli-Sliced Hot Jalapeño Peppers,pickled goods olives,pantry,714,0.3613,3,-0.1251
3376,Organic Whole Kernel Sweet Corn No Salt Added,canned jarred vegetables,canned goods,12738,0.4931,10,-0.1251
13535,Organic Medium Salsa,preserved dips spreads,pantry,14678,0.4926,10,-0.1256
45084,Gelato Fudge Brownie ,ice cream ice,frozen,888,0.375,4,-0.1256
7419,Sweet Red Grape Tomatoes,fresh vegetables,produce,3268,0.4204,8,-0.1257
24497,Organic Cauliflower Florets,fresh vegetables,produce,2045,0.4103,7,-0.1258
21195,Organic Extra Virgin Olive Oil,oils vinegars,pantry,13216,0.4923,10,-0.1259
34283,Fudgsicle No Sugar Added,ice cream ice,frozen,1391,0.4062,6,-0.126
648,Elbow Macaroni,dry pasta,dry goods pasta,724,0.3605,3,-0.126
9366,Penne Rigate #41 Pasta,dry pasta,dry goods pasta,6763,0.4922,10,-0.126
20319,"Water Chestnuts, Sliced",asian foods,international,774,0.3605,3,-0.126
42356,Strawberry Preserves,spreads,pantry,15253,0.4922,10,-0.126
165,Wild Chanterelle Mushroom Ravioli,fresh pasta,dry goods pasta,1343,0.4058,6,-0.1263
32700,Original Whipped Cream,cream,dairy eggs,3158,0.4196,8,-0.1265
6377,Raspberry Chocolate Chip Gelato,ice cream ice,frozen,1249,0.3915,5,-0.1265
42241,Organic Lightly Sweetened Sunflower Seed Butter,spreads,pantry,1060,0.3915,5,-0.1265
4656,Raspberry Preserves,spreads,pantry,9989,0.4916,10,-0.1266
5373,Organic No Salt Added Diced Tomatoes,canned jarred vegetables,canned goods,10303,0.4916,10,-0.1266
15349,Organic Raw Agave Nectar,honeys syrups nectars,pantry,1596,0.4054,6,-0.1267
27433,Artisan French Rolls,frozen breads doughs,frozen,1310,0.4053,6,-0.1268
41195,Crescent Rolls Original,doughs gelatins bake mixes,pantry,526,0.3612,1,-0.1268
34401,Fajita Seasoning,latino foods,international,1880,0.409,7,-0.127
18201,"Concentrated Bleach, Regular",laundry,household,1069,0.391,5,-0.127
47333,Queso Fresco,specialty cheeses,dairy eggs,1947,0.4088,7,-0.1272
4376,Coconut Kale & Cacao Organic Superfoods Bar,energy granola bars,snacks,935,0.3733,4,-0.1273
16609,Chopped Clams,canned meat seafood,canned goods,752,0.359,3,-0.1274
21508,Dairy Free Coconut Milk Vanilla Bean Frozen Dessert,ice cream ice,frozen,847,0.3731,4,-0.1275
20767,Organic Peppermint Herbal Tea,tea,beverages,1795,0.4084,7,-0.1277
21393,Straws,plates bowls cups flatware,household,901,0.3729,4,-0.1277
9324,Organic Apricots,nuts seeds dried fruit,snacks,877,0.3729,4,-0.1277
49232,Fettuccini Noodles,dry pasta,dry goods pasta,544,0.3603,1,-0.1278
11889,Kombucha Green Tea,tea,beverages,572,0.3601,1,-0.1279
18829,Dairy Free Grated Parmesan Style Topping,soy lactosefree,dairy eggs,993,0.3726,4,-0.128
12118,Organic Whole Grain Spanish Rice,grains rice dried goods,dry goods pasta,1159,0.39,5,-0.1281
23011,Sesame Topped Hamburger Buns,buns rolls,bakery,798,0.3584,3,-0.1281
9436,Organic Vidalia Onion,fresh vegetables,produce,1275,0.3898,5,-0.1282
45290,Thin Spaghetti Pasta,dry pasta,dry goods pasta,3217,0.4178,8,-0.1283
33342,Organic Red Grape Tomato Package,packaged vegetables fruits,produce,1574,0.4034,6,-0.1287
42397,Chewy Granola Bar Peanut Butter Chocolate Chip,energy granola bars,snacks,579,0.3592,1,-0.1288
18242,Fire Roasted Crushed Tomatoes,canned jarred vegetables,canned goods,939,0.3717,4,-0.1289
41834,Green Chile Enchilada Sauce,latino foods,international,1717,0.4071,7,-0.1289
10862,Natural Chocolate Flavor Whey Protein Powder,protein meal replacements,personal care,907,0.3716,4,-0.1291
17592,Chinese Eggplant,fresh vegetables,produce,977,0.3715,4,-0.1291
5097,Mexican Style Taco Shredded Cheese,packaged cheese,dairy eggs,3357,0.417,8,-0.1291
43698,Mozzarella Fresca,packaged cheese,dairy eggs,626,0.3738,2,-0.1291
28599,Flavor Variety Instant Oatmeal,hot cereal pancake mixes,breakfast,1740,0.4069,7,-0.1291
13874,Organic Pumpkin,baking ingredients,pantry,4594,0.4473,9,-0.1292
4258,Aquarium Series Liquid Hand Soap Refill,body lotions soap,personal care,753,0.3572,3,-0.1292
13093,Camembert,specialty cheeses,dairy eggs,1232,0.3888,5,-0.1293
46470,Hand Soap Lemongrass,soap,personal care,637,0.3736,2,-0.1293
17151,Honey Maid Cinnamon Grahams,crackers,snacks,742,0.3571,3,-0.1293
18117,100% Organic Unbleached All-Purpose Flour,baking ingredients,pantry,613,0.3736,2,-0.1293
46175,Half Baked® Ice Cream,ice cream ice,frozen,5928,0.447,9,-0.1295
3480,Organic Sweet Corn,frozen produce,frozen,1171,0.3886,5,-0.1295
7150,Organic Raw Honey,honeys syrups nectars,pantry,1011,0.3709,4,-0.1297
47875,Gluten Free Quinoa Linguine,dry pasta,dry goods pasta,1061,0.3883,5,-0.1297
15683,Caribbean Coconut Gelato,ice cream ice,frozen,1967,0.4062,7,-0.1298
29142,Natural Chicken & Apple Breakfast Sausage Patty,frozen breakfast,frozen,1923,0.4061,7,-0.1299
28749,Clasico Instant Coffee,coffee,beverages,614,0.373,2,-0.1299
2015,Traditional 98% Fat Free,canned meals beans,canned goods,1462,0.4022,6,-0.1299
29398,Organic Seedless Watermelon,fresh fruits,produce,3637,0.4465,9,-0.13
40712,Black Figs,fresh fruits,produce,822,0.3564,3,-0.13
14163,Ready to Bake! Chocolate Chip with Hershey's Chocolate Chips Cookies,doughs gelatins bake mixes,pantry,696,0.3563,3,-0.1301
20818,Cotton Candy Grapes,fresh fruits,produce,713,0.3562,3,-0.1302
44641,Super Sweet Corn,packaged vegetables fruits,produce,531,0.3578,1,-0.1302
32035,Toasted Pine Nut Couscous Mix,instant foods,dry goods pasta,1809,0.4057,7,-0.1303
8668,Homemade Vanilla Ice Cream,ice cream ice,frozen,983,0.3703,4,-0.1303
14277,Kava Stress Relief Tea,tea,beverages,1050,0.3876,5,-0.1304
49175,Organic Pinto Beans,canned meals beans,canned goods,10829,0.4878,10,-0.1305
33846,Roasted Garlic Hummus,fresh dips tapenades,deli,5979,0.4459,9,-0.1306
34036,Naturals Sweet & Spicy BBQ Sauce,marinades meat preparation,pantry,526,0.3574,1,-0.1306
17206,Organic Tomato Sauce No Salt Added,canned jarred vegetables,canned goods,1523,0.4012,6,-0.131
26152,Granulated Sugar,baking ingredients,pantry,1261,0.387,5,-0.1311
18656,Organic Red Potato,fresh vegetables,produce,9381,0.4872,10,-0.1311
13280,Unfiltered Extra Virgin Olive Oil,oils vinegars,pantry,1895,0.4047,7,-0.1313
7562,Asian Vegetable Ramen,asian foods,international,1343,0.4006,6,-0.1315
39954,Organic Strawberry Spread,spreads,pantry,1079,0.3865,5,-0.1316
14540,Organic Beefsteak Tomato,fresh vegetables,produce,2119,0.4044,7,-0.1316
22093,Restaurant Style Medium Salsa,preserved dips spreads,pantry,1263,0.3864,5,-0.1317
28285,Organic Apricot,fresh fruits,produce,716,0.3547,3,-0.1317
46294,Organic Parsley,fresh herbs,produce,3145,0.414,8,-0.1321
37478,Gluten Free Whole Grain Hamburger Buns 4 Count,buns rolls,bakery,1104,0.3859,5,-0.1322
17759,No Salt Added Vegetable Bouilion Cubes,soup broth bouillon,canned goods,599,0.3706,2,-0.1323
44056,Green Plantains,fresh fruits,produce,1206,0.3856,5,-0.1325
12442,Basil Dish Soap,dish detergents,household,3563,0.444,9,-0.1325
8204,Traditional Favorites Tomato & Basil Pasta Sauce,pasta sauce,dry goods pasta,4557,0.4439,9,-0.1326
47439,S'mores Chocolate Ice Cream,ice cream ice,frozen,2279,0.4032,7,-0.1328
25839,Froot Loops Cereal,cereal,breakfast,627,0.37,2,-0.1329
41662,Quartered & Marinated Artichoke Hearts,canned jarred vegetables,canned goods,627,0.37,2,-0.1329
45368,Roman Raspberry Sorbetto,ice cream ice,frozen,3016,0.4131,8,-0.133
27696,Multi Surface Vinegar Cleaner,cleaning products,household,906,0.3675,4,-0.1331
46638,Wellness Formula,vitamins supplements,personal care,524,0.355,1,-0.1331
29139,Red Creamer Potato,fresh vegetables,produce,996,0.3675,4,-0.1331
3145,Plain Sweet Potato Chips,chips pretzels,snacks,890,0.3674,4,-0.1332
18998,Complete ActionPacs Fresh Scent Dishwasher Detergent,dish detergents,household,1058,0.3847,5,-0.1334
11078,Macaroni Elbows,dry pasta,dry goods pasta,3070,0.4127,8,-0.1334
39459,Multi Surface Antibacterial,cleaning products,household,581,0.3546,1,-0.1335
36619,Pure Goat Milk Herb Chabis Cheese,packaged cheese,dairy eggs,542,0.3542,1,-0.1338
44663,Naturals Lite Goddess Dressing,salad dressing toppings,pantry,691,0.369,2,-0.1339
18567,Low Fat No Chicken Noodle Soup,soup broth bouillon,canned goods,2146,0.4021,7,-0.1339
37431,Chocolate Chip Cookie Dough Tube,doughs gelatins bake mixes,pantry,599,0.3689,2,-0.134
31553,Fresh Ginger Root,fresh vegetables,produce,24130,0.4843,10,-0.134
30620,Roasted Garlic & Olive Oil Pearled Couscous,instant foods,dry goods pasta,1301,0.3982,6,-0.134
23881,Tri-Colored Sliced Carrots,frozen produce,frozen,698,0.3524,3,-0.134
36944,All Natural Original Guacamole Mix,preserved dips spreads,pantry,1263,0.384,5,-0.134
30638,White Paper Towels,paper goods,household,1933,0.402,7,-0.1341
35551,Italian Parsley,fresh herbs,produce,551,0.3539,1,-0.1342
2102,Hash Browns Country Style,frozen breakfast,frozen,1170,0.3838,5,-0.1343
46056,Cut Crystal Plastic Cups,plates bowls cups flatware,household,832,0.3522,3,-0.1343
12126,Chopped Baby Spinach,frozen produce,frozen,540,0.3537,1,-0.1344
26937,Organic Kale,frozen produce,frozen,673,0.3685,2,-0.1344
26497,Romaine Lettuce,fresh vegetables,produce,10281,0.4838,10,-0.1344
11461,White Corn Tortillas,tortillas flat bread,bakery,6575,0.4838,10,-0.1344
45056,Everyone Lavender + Aloe Soap,soap,personal care,716,0.352,3,-0.1345
31338,Classic Almond Butter,spreads,pantry,6470,0.4419,9,-0.1346
40467,Organic Spinach And Cheese Ravioli,fresh pasta,dry goods pasta,759,0.3518,3,-0.1347
27964,"HE Liquid Laundry Detergent, Original scent",laundry,household,603,0.3682,2,-0.1348
31242,Pico De Gallo Chunky Salsa,fresh dips tapenades,deli,2380,0.4113,8,-0.1348
38288,Pizza Sauce,pasta sauce,dry goods pasta,4906,0.4417,9,-0.1348
11136,Organic Low Sodium Chicken Cooking Stock,soup broth bouillon,canned goods,6475,0.4415,9,-0.135
34034,Roasted Garlic Pasta Sauce,pasta sauce,dry goods pasta,2819,0.4111,8,-0.135
6747,Sea Minerals Foaming Hand Wash,body lotions soap,personal care,617,0.3679,2,-0.135
35997,Organic Chocolate Chip Cookie Dough,missing,missing,737,0.3514,3,-0.135
23348,Organic Grade B Maple Syrup,honeys syrups nectars,pantry,1569,0.3971,6,-0.1351
10504,Yukon Gold Potatoes 5lb Bag,fresh vegetables,produce,7673,0.483,10,-0.1352
29442,Hand Soap Lavender,soap,personal care,746,0.3512,3,-0.1353
4302,Artichoke Hearts,frozen produce,frozen,2772,0.4105,8,-0.1356
47226,Taco Seasoning Mix Original,spices seasonings,pantry,2414,0.4105,8,-0.1356
14477,Organic Spaghetti,dry pasta,dry goods pasta,2280,0.4004,7,-0.1356
34055,Hot Sauce Chili Garlic,condiments,pantry,665,0.3669,2,-0.136
45208,Organic Cinnamon Graham Crackers,crackers,snacks,2300,0.41,8,-0.1361
1994,Organic Gluten Free Quinoa Spaghetti,dry pasta,dry goods pasta,2078,0.3999,7,-0.1361
12044,Sweet Garden Peas,frozen produce,frozen,714,0.3501,3,-0.1363
33747,Traditional Chicken Rice with Vegetables Soup,soup broth bouillon,canned goods,606,0.3663,2,-0.1366
6473,Bag of Lemons,fresh fruits,produce,3835,0.4399,9,-0.1366
3868,White Beauty Bar,body lotions soap,personal care,1449,0.3954,6,-0.1367
4163,Spanish Rice Pilaf Mix,instant foods,dry goods pasta,4499,0.4397,9,-0.1368
5240,Spaghetti  No 12,dry pasta,dry goods pasta,8153,0.4813,10,-0.1369
41149,Organic Riced Cauliflower,missing,missing,8366,0.481,10,-0.1372
48299,Baby Cut Carrots,packaged vegetables fruits,produce,3429,0.4089,8,-0.1372
34496,Alfredo Pasta Sauce,pasta sauce,dry goods pasta,1916,0.3987,7,-0.1373
2663,Free Range Chicken Broth,soup broth bouillon,canned goods,808,0.349,3,-0.1374
23074,"Organic Whole Wheat Pie 9\"" Shells 2 ct",frozen breads doughs,frozen,542,0.3506,1,-0.1375
9799,YoKids Strawberry Banana Organic Lowfat Yogurt,yogurt,dairy eggs,505,0.3505,1,-0.1376
3285,Strawberry Squeeze Fruit Spread,spreads,pantry,823,0.3487,3,-0.1377
40817,Organic Roasted Red Pepper Hummus,fresh dips tapenades,deli,597,0.3652,2,-0.1378
5127,Glutenfree Brownie Mix,doughs gelatins bake mixes,pantry,531,0.3503,1,-0.1378
972,Linguine No 7 Pasta,dry pasta,dry goods pasta,1215,0.3802,5,-0.1378
7648,Red Raspberry Preserves,spreads,pantry,1001,0.3626,4,-0.138
3561,Flat Fillets of Anchovies,canned meat seafood,canned goods,946,0.3626,4,-0.138
1000,Apricots,bulk dried fruits vegetables,bulk,2610,0.408,8,-0.1381
33735,Chick Peas Garbanzos,canned meals beans,canned goods,913,0.3625,4,-0.1381
33990,Organic Chocolate Chip Granola Bars,energy granola bars,snacks,1229,0.38,5,-0.1381
34169,"Hommus, Artichoke Spinach",fresh dips tapenades,deli,614,0.3648,2,-0.1381
16978,Organic Forbidden Rice,grains rice dried goods,dry goods pasta,543,0.3499,1,-0.1381
30731,Pure Cane Granulated White Sugar,baking ingredients,pantry,2422,0.4079,8,-0.1382
36639,Key Lime Pie Gelato,ice cream ice,frozen,552,0.3496,1,-0.1384
34739,Pink Grapefruit All-Purpose Natural Surface Cleaner,cleaning products,household,950,0.3621,4,-0.1385
46413,Lavender Scent Laundry Detergent,laundry,household,1311,0.3936,6,-0.1385
38693,Meyer Lemon,fresh fruits,produce,4529,0.4378,9,-0.1387
45204,Sliced Pepperoni,lunch meat,deli,981,0.3619,4,-0.1387
46526,French Green Beans,packaged vegetables fruits,produce,2443,0.4073,8,-0.1388
5744,Unsalted Chicken Stock,soup broth bouillon,canned goods,1373,0.3933,6,-0.1388
5405,Chipotle Hot Sauce,condiments,pantry,751,0.3475,3,-0.1389
27625,Organic Lady Alice Apples,fresh fruits,produce,1437,0.3932,6,-0.139
37203,Flexible Straws,plates bowls cups flatware,household,1524,0.393,6,-0.1391
30559,Certified Compostable Food Waste Bags 3 Gallon,trash bags liners,household,536,0.3489,1,-0.1392
48094,Crushed Tomatoes With Basil,canned jarred vegetables,canned goods,5395,0.4373,9,-0.1392
12564,Rigatoni Pasta,dry pasta,dry goods pasta,4331,0.4371,9,-0.1394
44245,Honey Maid Graham Crackers,crackers,snacks,4177,0.4369,9,-0.1396
37733,Uncured Pepperoni Mini Pizza Bagels Frozen Snacks,frozen pizza,frozen,1302,0.3925,6,-0.1397
45535,Organic Low Sodium Chicken Broth,soup broth bouillon,canned goods,17716,0.4785,10,-0.1397
4445,Chamomile Herbal Tea,tea,beverages,785,0.3465,3,-0.14
31681,Extra Light Tasting Olive Oil,oils vinegars,pantry,609,0.3629,2,-0.14
25919,Parmesan Shredded Cheese,packaged cheese,dairy eggs,4053,0.4362,9,-0.1403
19514,Reclosable Sandwich Bags,food storage,household,555,0.3477,1,-0.1403
26901,Ricotta Salata Cheese,specialty cheeses,dairy eggs,512,0.3477,1,-0.1404
29256,Organic Udon Japanese Wheat Noodles,asian foods,international,1325,0.3917,6,-0.1404
39200,Wild Sweet Orange Herbal Tea,tea,beverages,1009,0.3598,4,-0.1408
40279,Bean Sprouts,fresh vegetables,produce,1193,0.3772,5,-0.1408
39059,Extra Long Grain Enriched Rice,grains rice dried goods,dry goods pasta,2489,0.405,8,-0.1411
27240,Classic Lavender & Chamomile Liquid Hand Soap,body lotions soap,personal care,1307,0.391,6,-0.1412
13838,Natural Free & Clear Dish Liquid,dish detergents,household,9175,0.4771,10,-0.1412
16174,Original Vegenaise Dressing & Sandwich Spread,condiments,pantry,1712,0.3949,7,-0.1412
37047,Turbinado Cane Sugar Packets,baking ingredients,pantry,1136,0.3768,5,-0.1413
36443,Pure Canola Oil,oils vinegars,pantry,1300,0.3908,6,-0.1414
16525,Organic Chopped Garlic,canned jarred vegetables,canned goods,4162,0.4351,9,-0.1414
48825,Bag of Organic Lemons,fresh fruits,produce,1574,0.3907,6,-0.1414
47845,Organic Mild Green Chiles Diced,canned jarred vegetables,canned goods,577,0.3466,1,-0.1414
421,Garlic & Herb Fresh Goat Cheese,packaged cheese,dairy eggs,528,0.3466,1,-0.1415
31506,Extra Virgin Olive Oil,oils vinegars,pantry,50255,0.4766,10,-0.1416
32177,Blood Oranges,fresh fruits,produce,10421,0.4766,10,-0.1416
41709,All-Natural Chunky Salsa Medium,preserved dips spreads,pantry,815,0.3448,3,-0.1417
9092,Organic Vegetable Broth,soup broth bouillon,canned goods,11703,0.4765,10,-0.1417
20378,Chicken Broth,soup broth bouillon,canned goods,5468,0.4347,9,-0.1418
45161,Pistachio Pistachio Ice Cream,ice cream ice,frozen,1509,0.3903,6,-0.1418
31660,Classico Traditional Pizza Sauce,pasta sauce,dry goods pasta,1001,0.3586,4,-0.142
39425,Crystallized Ginger,candy chocolate,snacks,578,0.346,1,-0.142
2094,"Skin DeTox, Tea Bags",tea,beverages,526,0.346,1,-0.142
38720,Real French Vinaigrette Dressing,salad dressing toppings,pantry,2334,0.404,8,-0.1421
39732,Pitted Kalamata Olives,pickled goods olives,pantry,3575,0.4344,9,-0.1421
46167,Mild Diced Tomatoes & Green Chilies,canned jarred vegetables,canned goods,862,0.3585,4,-0.1421
19886,Kidney Beans,canned meals beans,canned goods,2268,0.3937,7,-0.1423
890,Organic Diced Tomatoes,canned jarred vegetables,canned goods,21997,0.4759,10,-0.1423
40598,Fudge Brownie Mix,doughs gelatins bake mixes,pantry,857,0.3582,4,-0.1424
38593,Classic Fajita Skillet Sauce with Chipotle and Lime,latino foods,international,991,0.3582,4,-0.1424
32982,Yellow Corn Extra Thin Tortillas,tortillas flat bread,bakery,613,0.3605,2,-0.1424
32955,Carrot Chips,packaged vegetables fruits,produce,1278,0.3897,6,-0.1425
22656,Tomato Condensed Soup,soup broth bouillon,canned goods,1417,0.3896,6,-0.1426
1598,"Maple Syrup, Organic",honeys syrups nectars,pantry,658,0.3602,2,-0.1427
10387,Crinkle Cut Sweet Potato Fries with sea salt and black pepper,frozen appetizers sides,frozen,597,0.3601,2,-0.1428
32710,Portabella Mushroom,fresh vegetables,produce,1085,0.3751,5,-0.1429
29662,Potato Yukon Gold Organic,fresh vegetables,produce,12709,0.4753,10,-0.143
39612,Grated Pecorino Romano Cheese,specialty cheeses,dairy eggs,728,0.3434,3,-0.1431
23026,Salted Butter Half Sticks,butter,dairy eggs,1584,0.3889,6,-0.1432
35912,Organic California Brown Jasmine Rice,grains rice dried goods,dry goods pasta,743,0.3432,3,-0.1433
33511,Whole Care Wintermint  Fluoride Toothpaste,oral hygiene,personal care,648,0.3596,2,-0.1433
29078,99% Fat Free Natural Goodness Chicken Broth,soup broth bouillon,canned goods,1233,0.3747,5,-0.1434
12276,Chocolate Chip Cookie Dough Ice Cream,ice cream ice,frozen,8137,0.4747,10,-0.1435
1556,Wild Rice,grains rice dried goods,dry goods pasta,697,0.3429,3,-0.1436
28348,Organic Kidney Beans Low Sodium,canned meals beans,canned goods,697,0.3429,3,-0.1436
48104,Organic Lite Coconut Milk,soy lactosefree,dairy eggs,8019,0.4746,10,-0.1436
44204,Organic Honey Graham Crackers,crackers,snacks,2160,0.3921,7,-0.1439
2408,Feta Crumbled Traditional Cheese,packaged cheese,dairy eggs,1541,0.3881,6,-0.1441
38548,Gala Apple,fresh fruits,produce,602,0.3588,2,-0.1441
38061,Organic Raw Coconut Butter,butter,dairy eggs,541,0.3438,1,-0.1442
7969,Lime,fresh fruits,produce,10576,0.4739,10,-0.1443
11408,Crushed Tomatoes,canned jarred vegetables,canned goods,11872,0.4738,10,-0.1444
3616,Stove Top Stuffing Mix For Chicken,instant foods,dry goods pasta,693,0.342,3,-0.1445
19025,Light Italian Dressing,salad dressing toppings,pantry,896,0.356,4,-0.1446
31869,Organic Edamame,frozen produce,frozen,7595,0.4736,10,-0.1446
9285,Boneless Pork Shoulder Butt,packaged meat,meat seafood,565,0.3434,1,-0.1447
27231,"Sugar, Organic",baking ingredients,pantry,620,0.3581,2,-0.1448
35167,Organic Spicy Taco Seasoning,latino foods,international,3573,0.4316,9,-0.1449
32433,Green Peas,frozen produce,frozen,11253,0.4732,10,-0.145
34287,"Disinfecting Wipes, Lemon",cleaning products,household,2559,0.4009,8,-0.1452
2646,Dairy Pure Heavy Whipping Cream,cream,dairy eggs,935,0.3551,4,-0.1455
38113,Whole Grain Spaghetti,dry pasta,dry goods pasta,722,0.3407,3,-0.1457
1752,Mango Sorbet,ice cream ice,frozen,2423,0.4003,8,-0.1458
19151,Double Chocolate Brownie Mix,doughs gelatins bake mixes,pantry,1080,0.3722,5,-0.1458
13782,18-in-1 Hemp Pure-Castile Soap Lavender,soap,personal care,778,0.3406,3,-0.1458
42097,Calming Lavender Body Wash,soap,personal care,567,0.3422,1,-0.1459
26444,Natural Brown Paper #2 Size Cone Coffee Filters,coffee,beverages,500,0.342,1,-0.1461
12875,Toll House Milk Chocolate Morsels,baking ingredients,pantry,920,0.3543,4,-0.1463
39249,Organic Persian Cucumber,fresh vegetables,produce,895,0.3542,4,-0.1464
455,Ibuprofen Liquid Gels,muscles joints pain relief,personal care,853,0.354,4,-0.1466
17400,Organic Lettuce,fresh vegetables,produce,2222,0.3893,7,-0.1468
48634,Whole Grain Penne Pasta,dry pasta,dry goods pasta,1080,0.3713,5,-0.1468
18709,Oreo Cookies and Cream Frozen Dairy Dessert,ice cream ice,frozen,1048,0.3712,5,-0.1469
9127,Organic Poultry Blend,fresh herbs,produce,632,0.356,2,-0.1469
16568,Dishwasher Detergent,dish detergents,household,760,0.3395,3,-0.147
14536,Natural Goodness 33% Less Sodium Chicken Broth,soup broth bouillon,canned goods,4708,0.4295,9,-0.147
26372,FreshBurst Antiseptic Mouthwash,oral hygiene,personal care,825,0.3394,3,-0.1471
45037,Lemon Dish Liquid,dish detergents,household,990,0.3535,4,-0.1471
44396,Organic Hazelnut Hemp Cacao Superfoods Bar,energy granola bars,snacks,781,0.3393,3,-0.1471
32877,Yellow Zucchini,fresh vegetables,produce,945,0.3534,4,-0.1472
38408,Mrs Meyers Dish Soap Rosemary,dish detergents,household,678,0.3555,2,-0.1475
3977,Whole Milk Ricotta Con Latte,packaged cheese,dairy eggs,892,0.3531,4,-0.1475
5475,Organic Blue Agave,honeys syrups nectars,pantry,1407,0.3845,6,-0.1476
22328,Organic Popcorn,popcorn jerky,snacks,2595,0.3985,8,-0.1476
27471,Parmesan Garlic Pita Chips,chips pretzels,snacks,2387,0.3984,8,-0.1477
27881,"Olives, Organic, Kalamata, Pitted",pickled goods olives,pantry,4000,0.4288,9,-0.1478
16137,Spicy Chili Seasoning,spices seasonings,pantry,753,0.3386,3,-0.1478
5499,Organic Cream Of Chicken Condensed Soup,soup broth bouillon,canned goods,1530,0.3843,6,-0.1478
34019,Organic Buckwheat Pancake & Waffle Mix,hot cereal pancake mixes,breakfast,765,0.3386,3,-0.1479
4391,Coffee Chocolate Chip Gelato,ice cream ice,frozen,589,0.3548,2,-0.1481
6871,Smoked Gouda,specialty cheeses,dairy eggs,1825,0.3879,7,-0.1481
3442,Spectacular Ginger Beer,soft drinks,beverages,637,0.3548,2,-0.1481
8239,Peanut Butter Creamy With Salt,spreads,pantry,6247,0.4282,9,-0.1483
44635,Salsa Con Queso Medium Dip,preserved dips spreads,pantry,701,0.3381,3,-0.1484
21582,Lemon Mint Dish Soap,dish detergents,household,784,0.338,3,-0.1484
13514,Old Fashioned Apple Cider,juice nectars,beverages,649,0.3544,2,-0.1485
37728,Dips Original Ranch Mix,salad dressing toppings,pantry,666,0.3544,2,-0.1486
21850,Waffle Cut Sweet Potato Seasoned Fries,frozen appetizers sides,frozen,2186,0.3875,7,-0.1486
8539,Organic Chicken with Lemongrass Bone Broth,soup broth bouillon,canned goods,817,0.3378,3,-0.1486
25824,Pita Chips Simply Naked,chips pretzels,snacks,11178,0.4696,10,-0.1486
40516,Organic Romaine Hearts,packaged vegetables fruits,produce,12495,0.4695,10,-0.1487
40542,"6\"" Yellow Corn Tortillas",tortillas flat bread,bakery,829,0.3378,3,-0.1487
35223,Dairy Free Plain Cream Cheese Style Spread,other creams cheeses,dairy eggs,1278,0.3834,6,-0.1487
21781,Cajun Andouille Smoked Pork Sausage,hot dogs bacon sausage,meat seafood,881,0.3519,4,-0.1487
13909,Jasmine Rice,grains rice dried goods,dry goods pasta,2509,0.3974,8,-0.1487
33825,Four Fruits Preserves,spreads,pantry,2291,0.3972,8,-0.1489
19389,Shredded Low-Moisture Part-Skim Mozzarella Cheese,packaged cheese,dairy eggs,3384,0.3972,8,-0.1489
19904,Organic Creamy Butternut Squash Soup,soup broth bouillon,canned goods,2257,0.3868,7,-0.1492
18471,Organic Light Agave Nectar,honeys syrups nectars,pantry,3847,0.4271,9,-0.1494
2596,Lemon Cake Ice Cream,ice cream ice,frozen,2574,0.3963,8,-0.1498
13423,Grands! Flaky Layers Original Biscuits,doughs gelatins bake mixes,pantry,1505,0.3821,6,-0.1501
26559,"Dishwasher Detergent, Fresh Scent",dish detergents,household,512,0.3379,1,-0.1502
23265,Chives,fruit vegetable snacks,snacks,2771,0.3959,8,-0.1502
37148,"Milk Chocolate Candies, Bonus Bag",candy chocolate,snacks,689,0.3527,2,-0.1502
16131,"Organic Chicken Noodle Soup, Reduced Sodium",soup broth bouillon,canned goods,1393,0.3819,6,-0.1502
1999,Organic Chicken Broth,soup broth bouillon,canned goods,11297,0.468,10,-0.1502
43954,Complete with Dawn Citrus Breeze Scent Gel Dishwasher Detergent,dish detergents,household,613,0.3524,2,-0.1505
13116,Sensitive Skin Moisturizing Body Wash,body lotions soap,personal care,566,0.3375,1,-0.1506
7622,Organic Chicken & Wild Rice Soup,soup broth bouillon,canned goods,2193,0.3853,7,-0.1507
19048,Organic Butternut Squash,fresh vegetables,produce,19847,0.4674,10,-0.1509
13853,Caesar Salad Dressing,salad dressing toppings,pantry,582,0.3368,1,-0.1513
39628,Mascarpone,packaged cheese,dairy eggs,767,0.3351,3,-0.1514
29650,Pork Chorizo,meat counter,meat seafood,2481,0.3946,8,-0.1515
2722,Raw Probiotics Women probiotic 85 Billion 32 Strains capsules,digestion,personal care,934,0.349,4,-0.1516
28079,Orecchiette Dry Pasta,dry pasta,dry goods pasta,1868,0.3844,7,-0.1517
47193,Roasted Garlic Alfredo Pasta Sauce,pasta sauce,dry goods pasta,615,0.3512,2,-0.1517
4390,Calcium Plus Vitamin D Vegetable Oil Spread,butter,dairy eggs,692,0.3512,2,-0.1518
39327,Coolmint® Antiseptic Mouthwash,oral hygiene,personal care,613,0.3507,2,-0.1522
24506,"Organic Traditional 9\"" Pie Shells 2 ct",baking ingredients,pantry,1495,0.3799,6,-0.1522
29867,"Capers, Non-Pareil",canned jarred vegetables,canned goods,766,0.3342,3,-0.1523
42556,Slider Storage Quart Bags,food storage,household,1269,0.3656,5,-0.1524
38996,Grape Tomatoes,fresh vegetables,produce,8698,0.4657,10,-0.1525
14168,Penne Pasta,dry pasta,dry goods pasta,7558,0.4655,10,-0.1528
45965,Steel Cut Oats,hot cereal pancake mixes,breakfast,5280,0.4237,9,-0.1528
36872,Lemon Natural Dishwasher Detergent Gel,dish detergents,household,1350,0.3793,6,-0.1529
22241,Organic Garlic Roasted Garlic Pasta Sauce,pasta sauce,dry goods pasta,543,0.3352,1,-0.1529
45854,Garbanzos Chick Peas,canned meals beans,canned goods,620,0.35,2,-0.1529
26242,Organic Black Lentils,grains rice dried goods,dry goods pasta,2887,0.3931,8,-0.153
43933,Organic Unsalted Diced Tomatoes,canned jarred vegetables,canned goods,2620,0.3931,8,-0.153
46720,Organic Free Range Chicken Broth,soup broth bouillon,canned goods,12849,0.4651,10,-0.1531
5769,Organic Chicken Stock,soup broth bouillon,canned goods,10521,0.465,10,-0.1533
16460,Organic Buttery Rich Classics,crackers,snacks,655,0.3496,2,-0.1533
1757,Organic Cashew Carrot Ginger Soup,soup broth bouillon,canned goods,1790,0.3827,7,-0.1534
42423,Cheese Shredded Mozzarella Low Moisture Part Skim,packaged cheese,dairy eggs,962,0.3472,4,-0.1534
38797,Chicken Stock,soup broth bouillon,canned goods,1984,0.3826,7,-0.1535
23646,Celery Bunch,fresh vegetables,produce,541,0.3346,1,-0.1535
45870,"Quinoa, Organic, Whole Grain",grains rice dried goods,dry goods pasta,775,0.3329,3,-0.1536
27676,Pinto Beans,canned meals beans,canned goods,2415,0.3925,8,-0.1536
14650,Vanilla Whey Protein Powder,protein meal replacements,personal care,2350,0.3923,8,-0.1538
31073,Organic Bunch Arugula,fresh vegetables,produce,1142,0.3643,5,-0.1538
41198,Classic Peanut Butter,spreads,pantry,3828,0.4227,9,-0.1538
5677,Children's Silly Strawberry Fluoride Free Toothpaste,oral hygiene,personal care,785,0.3325,3,-0.154
9533,Natural Butter Flavor Lite Maple Syrup,honeys syrups nectars,pantry,509,0.334,1,-0.1541
30287,Ranch Original Topping & Dressing,salad dressing toppings,pantry,990,0.3465,4,-0.1541
22849,Bunny-Luv Fresh Organic Carrots,packaged vegetables fruits,produce,10347,0.464,10,-0.1542
27093,Thai Coconut Soup,soup broth bouillon,canned goods,1564,0.3779,6,-0.1543
5991,Bok Choy,fresh vegetables,produce,6165,0.4221,9,-0.1544
33810,Citrus Dish Soap,dish detergents,household,2063,0.3815,7,-0.1546
44299,Healthy Organic Vinaigrette,salad dressing toppings,pantry,522,0.3333,1,-0.1547
45260,Organic Virgin Coconut Oil,oils vinegars,pantry,1181,0.3633,5,-0.1548
29744,100% Natural Petite Diced Tomatoes,canned jarred vegetables,canned goods,1093,0.3632,5,-0.1548
31087,Whole Kernel Corn No Salt Added,canned jarred vegetables,canned goods,1066,0.363,5,-0.155
26882,Russet Potatoes,fresh vegetables,produce,5853,0.4213,9,-0.1552
30191,Light Original Ranch Salad Dressing,salad dressing toppings,pantry,803,0.3313,3,-0.1552
22169,Pineapple Slices,canned fruit applesauce,canned goods,1199,0.3628,5,-0.1552
21295,Organic Spaghetti Squash,fresh vegetables,produce,13637,0.4627,10,-0.1555
25773,#2 Coffee Filters,coffee,beverages,777,0.3308,3,-0.1557
18740,"Mayonnaise, Chipotle",condiments,pantry,765,0.3307,3,-0.1557
2954,Organic Diced Fire Roasted No Salt Added Tomatoes,canned jarred vegetables,canned goods,1804,0.3803,7,-0.1558
13636,100% Natural Diced Fire Roasted Tomatoes,canned jarred vegetables,canned goods,957,0.3448,4,-0.1558
27811,Classic Chicken Noodle Soup,soup broth bouillon,canned goods,1294,0.3764,6,-0.1558
14159,Seedless Watermelon,fresh fruits,produce,3517,0.4205,9,-0.156
33489,Organic Peppermint Tea,tea,beverages,1316,0.3761,6,-0.156
39693,Fresh Dill,fresh herbs,produce,2889,0.3901,8,-0.156
41223,Pods Spring Meadow Scent Laundry Detergent Pacs,laundry,household,506,0.332,1,-0.156
44580,Baby Bok Choy,fresh vegetables,produce,3691,0.4202,9,-0.1563
14309,Sprouted Pumpkin Seeds with Celtic Sea Salt,nuts seeds dried fruit,snacks,854,0.3443,4,-0.1563
30305,Fancy Eggplant,fresh vegetables,produce,7805,0.4618,10,-0.1565
38051,Shiitake Mushroom,fresh vegetables,produce,2655,0.3895,8,-0.1567
32197,Organic Celery Root,fresh vegetables,produce,1716,0.3794,7,-0.1567
22952,Farfalle Pasta,dry pasta,dry goods pasta,4097,0.4198,9,-0.1567
47532,Instant Whole Grain Brown Rice,instant foods,dry goods pasta,746,0.3298,3,-0.1567
29153,Classic Pizza Crust,doughs gelatins bake mixes,pantry,1041,0.3612,5,-0.1569
30327,Organic Ice Cream Cones,ice cream toppings,snacks,882,0.3435,4,-0.1571
48144,Tater Tots,frozen appetizers sides,frozen,2438,0.3888,8,-0.1573
7600,Mild Chunky Salsa,preserved dips spreads,pantry,3571,0.4189,9,-0.1576
34221,"Tea, Echinacea Immune Support",tea,beverages,748,0.3289,3,-0.1576
9060,Organic Roasted Red Pepper & Tomato Bisque,soup broth bouillon,canned goods,566,0.3304,1,-0.1577
19488,Select-A-Size White Paper Towels,paper goods,household,6592,0.4606,10,-0.1577
23363,Organic Free-Range Chicken Broth,soup broth bouillon,canned goods,913,0.3428,4,-0.1578
41621,Lemon Ginger Tea Bags,tea,beverages,2439,0.3883,8,-0.1578
26736,Red Wax Gouda,bread,bakery,706,0.3286,3,-0.1578
8671,Semi-Sweet Chocolate Premium Baking Chips,baking ingredients,pantry,5171,0.4185,9,-0.158
38231,Classic Air-Puffed Vanilla Flavored Marshmallows,baking ingredients,pantry,2498,0.3879,8,-0.1582
18479,Organic Low Sodium Vegetable Broth,soup broth bouillon,canned goods,10375,0.4599,10,-0.1584
2064,Toll House Dark Chocolate Morsels,baking ingredients,pantry,688,0.3445,2,-0.1584
26347,Vegan Vegetable Bouillon with Sea Salt,soup broth bouillon,canned goods,601,0.3444,2,-0.1585
34067,Organic Honey,honeys syrups nectars,pantry,2020,0.3772,7,-0.1588
280,Makeup Remover Cleansing Towelettes,facial care,personal care,1186,0.3592,5,-0.1589
2597,Fresh Pressed Virgin Coconut Oil,oils vinegars,pantry,1377,0.3733,6,-0.1589
12320,Organic Italian Herb Pasta Sauce,pasta sauce,dry goods pasta,3731,0.4176,9,-0.1589
41463,Cannellini Beans,canned meals beans,canned goods,2609,0.3871,8,-0.159
8092,Organic Garlic & ButterCroutons,salad dressing toppings,pantry,846,0.3416,4,-0.159
48705,Parmesan Cheese,packaged cheese,dairy eggs,2387,0.3871,8,-0.159
34433,Sweetened Condensed Milk,baking ingredients,pantry,544,0.329,1,-0.159
38015,Honeysuckle Dish Soap,dish detergents,household,1053,0.359,5,-0.1591
47862,Baby Brussels Sprouts,fresh vegetables,produce,2152,0.3769,7,-0.1592
794,Pad Thai Rice Noodles,asian foods,international,813,0.3272,3,-0.1593
1540,Organic Southwest Taco Seasoning,latino foods,international,1686,0.3766,7,-0.1594
49269,13 Gallon Drawstring Tall Kitchen Bags,trash bags liners,household,626,0.3435,2,-0.1595
29252,Fresh Scent Dishwasher Detergent,dish detergents,household,786,0.327,3,-0.1595
12779,Spaghetti Squash,fresh vegetables,produce,3177,0.3865,8,-0.1596
31701,Potato Puffs with Roasted Garlic and Cracked Black Pepper,frozen appetizers sides,frozen,1823,0.3763,7,-0.1597
10421,Chopped Spinach Steamers,frozen produce,frozen,793,0.3266,3,-0.1599
1939,Geranium Liquid Dish Soap,dish detergents,household,1851,0.376,7,-0.16
18599,Garlic Couscous,instant foods,dry goods pasta,6204,0.416,9,-0.1605
41694,Free & Clear Bleach,laundry,household,1808,0.3756,7,-0.1605
23601,Clover Honey,honeys syrups nectars,pantry,891,0.3401,4,-0.1605
34049,Broccolini,fresh vegetables,produce,1798,0.3754,7,-0.1606
9337,Purity Farms Ghee Clarified Butter,butter,dairy eggs,7522,0.4576,10,-0.1606
10321,Grands! Flaky Layers Buttermilk Biscuits,doughs gelatins bake mixes,pantry,968,0.3399,4,-0.1607
32557,Plant Based Scrub Sponge,cleaning products,household,1304,0.3712,6,-0.161
34720,"Avocado Oil, Refined",oils vinegars,pantry,848,0.3396,4,-0.161
41777,Extra Whitening Toothpaste,oral hygiene,personal care,833,0.3253,3,-0.1611
29529,Lemon-Lime Soda,soft drinks,beverages,1710,0.3749,7,-0.1612
6178,Apple Pie,bakery desserts,bakery,638,0.3417,2,-0.1612
21278,All Purpose Crushed Tomatoes,canned jarred vegetables,canned goods,2223,0.3747,7,-0.1613
29598,"Paper Snack & Sandwich Bags, 100% Unbleached",food storage,household,1197,0.3567,5,-0.1613
23495,Chicken Cooking Stock,soup broth bouillon,canned goods,612,0.3415,2,-0.1614
45771,Boston / Butter Lettuce,fresh vegetables,produce,1111,0.3564,5,-0.1616
41637,Gluten Free Panko Breadcrumbs,marinades meat preparation,pantry,1176,0.3563,5,-0.1618
19087,Wicked Fresh! Mouthwash - Cool Mountain Mint,oral hygiene,personal care,1089,0.3563,5,-0.1618
40136,Original Taco Seasoning Mix,spices seasonings,pantry,3718,0.4147,9,-0.1618
45607,Butter Cooking Spray,oils vinegars,pantry,657,0.3409,2,-0.162
41377,Real Bacon Bits,salad dressing toppings,pantry,593,0.3406,2,-0.1623
6987,Passion Herbal Infusion Caffeine Free Tea Bags,tea,beverages,722,0.3241,3,-0.1624
37355,Organic Extra Virgin Coconut Oil,oils vinegars,pantry,1442,0.3696,6,-0.1625
11462,Organic Sugar Ice Cream Cones,ice cream toppings,snacks,853,0.3376,4,-0.163
13085,Organic Hot Cocoa Mix,energy sports drinks,beverages,1360,0.3691,6,-0.163
49060,Soup & Oyster Crackers,crackers,snacks,877,0.3375,4,-0.1631
42318,Sun Dried Tomato Basil Chicken Sausage,hot dogs bacon sausage,meat seafood,969,0.3375,4,-0.1631
14594,Traditional Basil Pesto,pasta sauce,dry goods pasta,579,0.3247,1,-0.1634
34946,Original Ultra Concentrated Ultra Concentrated,dish detergents,household,715,0.3231,3,-0.1634
30574,Hazelnut Chocolate Chip Gelato,ice cream ice,frozen,729,0.3224,3,-0.1641
36386,Bleach Splash-Less,laundry,household,1102,0.3539,5,-0.1641
12583,Organic Gold Beets,fresh vegetables,produce,859,0.3364,4,-0.1642
19516,Velveeta Original Cheese,packaged cheese,dairy eggs,562,0.3238,1,-0.1642
43647,Organic Asparagus Spears,frozen produce,frozen,1514,0.3679,6,-0.1642
24131,Sriracha Mayonnaise,condiments,pantry,516,0.3236,1,-0.1644
2581,Lavender Floral & Mint Natural Dish Liquid,dish detergents,household,3901,0.4119,9,-0.1646
42613,Balsamic Vinaigrette,salad dressing toppings,pantry,1320,0.3674,6,-0.1647
20869,Yellow Potato,fresh vegetables,produce,1720,0.3709,7,-0.1651
42315,Tomatillo,fresh vegetables,produce,2743,0.381,8,-0.1651
7923,Apple Puffs Finger Foods,baby food formula,babies,1142,0.3529,5,-0.1652
2772,Toll House Real Semi-Sweet Chocolate Morsels,baking ingredients,pantry,502,0.3227,1,-0.1653
46522,Spaghetti Pasta,dry pasta,dry goods pasta,7969,0.4528,10,-0.1655
37055,Organic Cheesy Ravioli,canned meals beans,canned goods,1220,0.3525,5,-0.1656
760,Cracker Trio Selected Favorites,crackers,snacks,679,0.3373,2,-0.1656
20255,Tomato Purée,canned jarred vegetables,canned goods,1348,0.3665,6,-0.1657
32939,Disinfecting Wipes Fresh Scent & Lemon,cleaning products,household,1809,0.3704,7,-0.1657
12232,Original Diced Tomatoes & Green Chilies,canned jarred vegetables,canned goods,2527,0.3803,8,-0.1658
22395,Tomato Sauce,canned jarred vegetables,canned goods,12906,0.4521,10,-0.1661
43957,Peanut Butter Chocolate Pretzel Gelato,ice cream ice,frozen,686,0.3367,2,-0.1662
35424,Spring Water Antibacterial Liquid Hand Soap with Moisturizer,body lotions soap,personal care,600,0.3367,2,-0.1662
36180,Red Kidney Beans,grains rice dried goods,dry goods pasta,3139,0.3797,8,-0.1664
11107,Organic Rice Ramen Millet & Brown,asian foods,international,633,0.3365,2,-0.1664
5024,Dark Red Kidney Beans No Salt Added,canned meals beans,canned goods,3553,0.4101,9,-0.1664
7821,Olive Oil & Vinegar Dressing,salad dressing toppings,pantry,2197,0.3696,7,-0.1664
8519,Cool Mint Antiseptic Mouthwash,oral hygiene,personal care,642,0.3364,2,-0.1665
37113,Brown Gravy Mix,marinades meat preparation,pantry,645,0.3364,2,-0.1665
39485,Organic Traditional Gluten Freen Quinoa,grains rice dried goods,dry goods pasta,2524,0.3796,8,-0.1665
43294,100% Pure Organic Maple Syrup Grade A,honeys syrups nectars,pantry,675,0.3363,2,-0.1666
25903,Italian Salad Dressing & Recipe Mix,salad dressing toppings,pantry,548,0.3212,1,-0.1669
43968,Fig Preserves,spreads,pantry,625,0.336,2,-0.1669
17708,Organic Corn Tortillas,tortillas flat bread,bakery,1199,0.3511,5,-0.1669
41372,Grated Parmesan Romano Cheese,packaged cheese,dairy eggs,820,0.3195,3,-0.1669
43986,Natural California Raisins,nuts seeds dried fruit,snacks,2100,0.369,7,-0.167
25947,Pecan Halves,nuts seeds dried fruit,snacks,1054,0.351,5,-0.167
45694,Caesar Dressing,salad dressing toppings,pantry,655,0.3359,2,-0.167
2838,Poppy Seed Dressing,salad dressing toppings,pantry,2019,0.369,7,-0.167
34329,Belgian Milk Chocolate Gelato,ice cream ice,frozen,1471,0.3651,6,-0.1671
5011,100% Natural Whole Peeled Plum Tomatoes,canned jarred vegetables,canned goods,855,0.3333,4,-0.1673
33080,Fresh Organic Carrots,missing,missing,587,0.3356,2,-0.1673
34284,Organic Light In Sodium Butternut Squash Soup,soup broth bouillon,canned goods,608,0.3355,2,-0.1674
9472,Organic Red Cherry Tomato,fresh vegetables,produce,3030,0.3785,8,-0.1676
27706,White Rice,instant foods,dry goods pasta,907,0.333,4,-0.1676
41751,Long Grain Brown Rice,grains rice dried goods,dry goods pasta,1096,0.3504,5,-0.1677
29780,"Vitamin C 1,000 mg Raspberry  Dietary Supplement",vitamins supplements,personal care,678,0.3348,2,-0.1681
39799,Classic Ketchup,condiments,pantry,1349,0.364,6,-0.1682
12771,Organic Tomato,fresh vegetables,produce,948,0.3323,4,-0.1683
26476,The Original Caesar Dressing,salad dressing toppings,pantry,589,0.3345,2,-0.1684
40350,Goddess Dressing,salad dressing toppings,pantry,610,0.3344,2,-0.1685
717,Sweeper Open Window Fresh Scent Wet Mopping Cloths Refill,cleaning products,household,1474,0.3636,6,-0.1685
2238,Vitamin C Super Orange Dietary Supplement,vitamins supplements,personal care,3012,0.3772,8,-0.1689
11494,Cookie Dough Ice Cream Chocolate Chip,missing,missing,1311,0.3631,6,-0.1691
30700,Angel Food Cake,bakery desserts,bakery,1078,0.3488,5,-0.1693
37238,Vantage Choose-A-Size Regular Roll Towels,paper goods,household,700,0.3171,3,-0.1693
7206,Cilantro Avocado Yogurt Dressing,salad dressing toppings,pantry,870,0.331,4,-0.1696
21092,Organic 100% Pure Dark Amber Maple Syrup,honeys syrups nectars,pantry,591,0.3333,2,-0.1696
23236,Chopped Spinach,frozen produce,frozen,8559,0.4487,10,-0.1696
48174,Evaporated Milk,baking ingredients,pantry,988,0.331,4,-0.1696
2180,Angel Hair Pasta,dry pasta,dry goods pasta,6328,0.4066,9,-0.1699
4518,Organic Pomegranate,fresh fruits,produce,1109,0.3481,5,-0.17
19508,Corn Tortillas,tortillas flat bread,bakery,14905,0.4482,10,-0.17
11580,Cooked Shrimp,frozen meat seafood,frozen,679,0.3328,2,-0.1701
47518,Finely Shredded Natural Parmesan Cheese,packaged cheese,dairy eggs,516,0.3178,1,-0.1702
276,French Vanilla Ice Cream,ice cream ice,frozen,2454,0.3757,8,-0.1704
28800,Louisiana's Pure Hot Sauce,condiments,pantry,810,0.316,3,-0.1704
546,Tomatillo Salsa,preserved dips spreads,pantry,2926,0.3756,8,-0.1705
12797,Organic Whole Peeled Tomatoes,canned jarred vegetables,canned goods,5488,0.406,9,-0.1705
38077,Hemp Hearts Raw Shelled Hemp Seeds,nuts seeds dried fruit,snacks,2369,0.3753,8,-0.1708
42677,Ultra Apple Blossom Antibacterial Dish Liquid,dish detergents,household,1603,0.3612,6,-0.1709
41593,Blue Cheese Crumbles,packaged cheese,dairy eggs,6315,0.4055,9,-0.171
14647,Diced Hot Green Chiles,latino foods,international,1754,0.3649,7,-0.1712
43712,Creme Fraiche,other creams cheeses,dairy eggs,4320,0.4053,9,-0.1712
38609,Beef Short Ribs,meat counter,meat seafood,1172,0.3464,5,-0.1716
15664,Tomatoes Sauce,canned jarred vegetables,canned goods,2012,0.3643,7,-0.1717
21678,Fresh Chicken Thighs,packaged poultry,meat seafood,563,0.3162,1,-0.1719
8767,3D White Mint Toothpaste,oral hygiene,personal care,563,0.3162,1,-0.1719
29158,Panko Breadcrumbs Original,marinades meat preparation,pantry,925,0.3286,4,-0.172
48079,Organic Brown Long Grain Rice,grains rice dried goods,dry goods pasta,922,0.3286,4,-0.172
30456,Key Lime Cilantro Taco Skillet Sauce with Roasted Tomatillo & green Chile,latino foods,international,650,0.3308,2,-0.1721
5911,Hand Soap Lavender & Coconut,soap,personal care,1275,0.3459,5,-0.1722
32854,Salted Caramel Core Ice Cream,ice cream ice,frozen,1420,0.3599,6,-0.1723
34449,100% Natural Tomato Sauce,canned jarred vegetables,canned goods,2980,0.3738,8,-0.1723
40055,Unbleached Bread Flour,baking ingredients,pantry,1906,0.3636,7,-0.1725
3761,Country Peach Passion Herbal Tea,tea,beverages,526,0.3156,1,-0.1725
41259,Poblano Pepper,fresh vegetables,produce,6518,0.4457,10,-0.1725
10500,Cool Mint® Antiseptic Adult Mouthwash,oral hygiene,personal care,1254,0.3453,5,-0.1728
7358,Verde Salsa,latino foods,international,1683,0.363,7,-0.173
45345,Spearmint + Lemongrass Hand Soap,soap,personal care,649,0.3297,2,-0.1732
12357,Purple Cauliflower,fresh vegetables,produce,2133,0.3629,7,-0.1732
37065,Serrano Chile Peppers,fresh vegetables,produce,7912,0.445,10,-0.1732
46993,Organic Bakery Hamburger Buns Wheat - 8 CT,buns rolls,bakery,1368,0.3589,6,-0.1732
7736,Premium Original Saltine Crackers,crackers,snacks,4938,0.4032,9,-0.1733
40708,Fennel,fresh vegetables,produce,2127,0.3625,7,-0.1736
16145,Organic Cannellini Beans,canned meals beans,canned goods,7890,0.4446,10,-0.1736
13733,Red Potatoes,fresh vegetables,produce,10415,0.4446,10,-0.1737
36412,Pure Castile Peppermint Soap,soap,personal care,1359,0.3584,6,-0.1738
15572,"Pineapple Chunks, Organic, in Their Own Organic Juice",canned fruit applesauce,canned goods,726,0.3127,3,-0.1738
7484,Southern Butter Pecan Gelato,ice cream ice,frozen,842,0.3266,4,-0.174
26419,Organic Very Raw Honey,honeys syrups nectars,pantry,829,0.3124,3,-0.174
1440,Baby Dill,fresh herbs,produce,1277,0.3438,5,-0.1743
41874,Villagio Marzano Heavenly Tomatoes,fresh vegetables,produce,2425,0.3715,8,-0.1746
671,Vegan Shells & Creamy Sauce Mac & Cheese Macaroni & Cheese Organic,instant foods,dry goods pasta,600,0.3283,2,-0.1746
2512,99% Fat Free Chicken Broth,soup broth bouillon,canned goods,1656,0.3575,6,-0.1746
9783,Max Force Laundry Stain Remover,laundry,household,652,0.3282,2,-0.1747
18127,Sweeper Wet Mopping Pad Refills Open Window Fresh Scent Surface Care,cleaning products,household,562,0.3132,1,-0.1749
1957,Fabric Softener Dryer Sheet Outdoor Fresh 160CT Fabric Enhancers,laundry,household,1543,0.3571,6,-0.175
35894,Moisturizing Lotion,body lotions soap,personal care,710,0.3113,3,-0.1752
12455,Reduced Sugar Craisins,nuts seeds dried fruit,snacks,502,0.3127,1,-0.1753
44325,Elbow Macaroni Pasta,dry pasta,dry goods pasta,3485,0.4011,9,-0.1754
878,Moisturizing Lavender Body Wash,soap,personal care,759,0.3109,3,-0.1755
14519,Soothing Aloe Vera Moisturizing Body Wash,body lotions soap,personal care,951,0.3249,4,-0.1757
41117,Coconut Almond Chocolate,ice cream ice,frozen,648,0.3272,2,-0.1757
248,Dried Sweetened Cranberries,nuts seeds dried fruit,snacks,6371,0.4003,9,-0.1763
48974,Organic Asian Sesame Dressing,salad dressing toppings,pantry,689,0.3266,2,-0.1763
742,Organic Raw Coconut Aminos,condiments,pantry,1203,0.3416,5,-0.1764
4541,Rainier Cherries,fresh fruits,produce,2938,0.3696,8,-0.1765
23484,Organic Pine Nuts,nuts seeds dried fruit,snacks,1945,0.3594,7,-0.1767
2447,3 lb Clementines,packaged vegetables fruits,produce,2761,0.3694,8,-0.1767
39024,Edamame In Pod,frozen produce,frozen,4127,0.3998,9,-0.1767
40627,Peach Preserves,spreads,pantry,675,0.3259,2,-0.177
22487,Quick Tie Tall Kitchen Bags,trash bags liners,household,724,0.3094,3,-0.1771
41674,Reduced-fat Soft Cream Cheese,other creams cheeses,dairy eggs,1934,0.3588,7,-0.1772
22823,Roasted Bell Peppers,pickled goods olives,pantry,547,0.3108,1,-0.1773
10709,Non Dairy Chunky Monkey,ice cream ice,frozen,773,0.3092,3,-0.1773
27178,Classic White Premium Baking Chips,baking ingredients,pantry,544,0.3107,1,-0.1774
13730,Organic Sweet Potatoes,frozen produce,frozen,528,0.3106,1,-0.1774
36005,Seedless Strawberry Jam,spreads,pantry,1746,0.3585,7,-0.1775
27323,Pure & Natural Sour Cream,other creams cheeses,dairy eggs,10483,0.4406,10,-0.1776
49497,Organic Hot Jalapeno Nacho Slices,pickled goods olives,pantry,680,0.325,2,-0.1779
29520,Slider Gallon Freezer Bag,food storage,household,677,0.325,2,-0.1779
26648,Ataulfo Mango,fresh fruits,produce,5569,0.3985,9,-0.178
38426,Organic Cotton Balls,beauty,personal care,1103,0.34,5,-0.1781
39953,Grands! Southern Homestyle Buttermilk Biscuits,doughs gelatins bake mixes,pantry,1011,0.3225,4,-0.1782
33290,Lemon Verbena Dish Soap,dish detergents,household,6471,0.3982,9,-0.1783
5184,Organic Red Grape Tomato,fresh vegetables,produce,1814,0.3578,7,-0.1783
17650,8 1/2 Inch Plates - 95 CT,plates bowls cups flatware,household,993,0.3223,4,-0.1783
10173,Organic Creamy Tomato Basil Soup,soup broth bouillon,canned goods,1272,0.3396,5,-0.1784
12206,Basil Pesto,pasta sauce,dry goods pasta,15638,0.4398,10,-0.1785
16710,Non Dairy Coffee Caramel Fudge,ice cream ice,frozen,1040,0.3394,5,-0.1786
24231,Tahitian Vanilla Bean Gelato,ice cream ice,frozen,5140,0.3979,9,-0.1786
44449,Organic Tomato Sauce,canned jarred vegetables,canned goods,13597,0.4394,10,-0.1789
1529,"Parsley, Italian (Flat), New England Grown",fresh herbs,produce,8736,0.4393,10,-0.1789
44486,Crushed Pineapple in Juice,canned fruit applesauce,canned goods,774,0.3075,3,-0.179
29700,Soft Toothbrush,oral hygiene,personal care,534,0.309,1,-0.1791
9243,Herb Cilantro Clamshell,fresh herbs,produce,593,0.3238,2,-0.1791
44372,Organic California Brown Basmati Rice,grains rice dried goods,dry goods pasta,1701,0.3568,7,-0.1792
27850,Fresh Lemon Odor Shield 13 Gallon Tall Kitchen Drawstring Bags,trash bags liners,household,1093,0.3385,5,-0.1795
24622,Green Cabbage,fresh vegetables,produce,4996,0.3969,9,-0.1796
24120,Dried Cranberries,nuts seeds dried fruit,snacks,1390,0.3525,6,-0.1796
42667,Thousand Island Dressing,salad dressing toppings,pantry,656,0.3232,2,-0.1797
42625,"Flat Parsley, Bunch",fresh herbs,produce,13378,0.4384,10,-0.1798
46222,Original Ranch Salad Dressing & Seasoning Mix,salad dressing toppings,pantry,1236,0.3382,5,-0.1799
47772,Pure Maple Syrup,honeys syrups nectars,pantry,513,0.308,1,-0.1801
31997,Viva Vanilla Flavor Protein Smoothie Powder Drink Mix,protein meal replacements,personal care,1027,0.3379,5,-0.1802
14096,Roasted Garlic,pasta sauce,dry goods pasta,852,0.3204,4,-0.1802
14333,Pluot,fresh fruits,produce,1039,0.3378,5,-0.1802
11121,Original Whipped Topping,frozen dessert,frozen,2384,0.3654,8,-0.1808
23541,Veri Veri Teriyaki Marinade & Sauce,marinades meat preparation,pantry,3040,0.3648,8,-0.1813
9270,French Onion Dip Mix,preserved dips spreads,pantry,1363,0.3507,6,-0.1814
3007,Natural Anticavity Silly Strawberry Fluoride Toothpaste for Children,oral hygiene,personal care,2405,0.3642,8,-0.1819
36029,S'mores Ice Cream,missing,missing,686,0.3207,2,-0.1822
5390,Boneless Beef Chuck Roast,meat counter,meat seafood,3656,0.3941,9,-0.1824
39804,Creamy Balsamic Dressing,salad dressing toppings,pantry,737,0.3039,3,-0.1825
46677,Italian Dressing,salad dressing toppings,pantry,826,0.3039,3,-0.1826
37004,Whole Grain Thin Spaghetti Pasta,dry pasta,dry goods pasta,701,0.3039,3,-0.1826
9364,Mild Green Chile Enchilada Sauce,latino foods,international,956,0.318,4,-0.1826
25610,Organic Pomegranate Kernels,frozen produce,frozen,972,0.3179,4,-0.1827
49113,Tall Kitchen Drawstring Bags,trash bags liners,household,4481,0.3937,9,-0.1828
20590,Disinfecting Wipes Fresh Scent,cleaning products,household,2288,0.3632,8,-0.1829
4086,Mint,fresh herbs,produce,10347,0.4353,10,-0.1829
4591,Quick 1 Minute Oatmeal,hot cereal pancake mixes,breakfast,2335,0.3632,8,-0.1829
13536,Shredded Parmesan Cheese,packaged cheese,dairy eggs,3743,0.3935,9,-0.183
11265,100% Natural Diced Tomatoes,canned jarred vegetables,canned goods,2366,0.3631,8,-0.183
47740,Dijon Honey Mustard Dressing,salad dressing toppings,pantry,1338,0.349,6,-0.1831
26751,Organic Tomato Basil Sauce,pasta sauce,dry goods pasta,4973,0.3933,9,-0.1832
16613,Chocolate Chunk Cookie,frozen breads doughs,frozen,1319,0.3487,6,-0.1834
49281,Traditional Feta Cheese Chunk,packaged cheese,dairy eggs,1037,0.3346,5,-0.1834
41561,Organic Potatoes,fresh vegetables,produce,1314,0.3486,6,-0.1836
9788,Himalayan Fine Pink Salt,spices seasonings,pantry,819,0.3028,3,-0.1837
35988,Mint Chip Coconut Milk Ice Cream,ice cream ice,frozen,506,0.3043,1,-0.1837
26292,Fruit & Vegetable Wash,cleaning products,household,572,0.3042,1,-0.1839
46138,Cookies & Cream Ice Cream,ice cream ice,frozen,1474,0.348,6,-0.1841
8993,Fruit Tea Sampler Herbal Tea,tea,beverages,741,0.3023,3,-0.1842
10166,Almond Milk Cookies N' Cream Non-Dairy Frozen Dessert,ice cream ice,frozen,600,0.3183,2,-0.1846
12323,Fresh Cut Cream Style Golden Sweet Corn,canned jarred vegetables,canned goods,719,0.3018,3,-0.1847
34590,Pitted Dates,nuts seeds dried fruit,snacks,4931,0.3918,9,-0.1847
12448,Original Dish Liquid,dish detergents,household,616,0.3182,2,-0.1847
26480,Purple Top Turnip,fresh vegetables,produce,865,0.3156,4,-0.185
43389,"Vanilla, Chocolate, Strawberry Ice Cream",ice cream ice,frozen,1193,0.3328,5,-0.1853
35749,Ginger Tea,tea,beverages,3515,0.3912,9,-0.1853
21511,Lite Balsamic Dressing,salad dressing toppings,pantry,2013,0.3507,7,-0.1853
33373,Honeycrisp Bag,fresh fruits,produce,1361,0.3468,6,-0.1853
7863,Organic Diced Tomatoes with Italian Herbs,canned jarred vegetables,canned goods,1341,0.3468,6,-0.1854
41973,White Distilled Vinegar,oils vinegars,pantry,1012,0.3152,4,-0.1854
23622,Organic Hot House Tomato,fresh vegetables,produce,7548,0.4328,10,-0.1854
15464,Healthy Request Condensed Soup Cream of Mushroom,soup broth bouillon,canned goods,751,0.3009,3,-0.1855
40593,Cream Cheese,other creams cheeses,dairy eggs,6975,0.4327,10,-0.1855
33316,Lemongrass & Clementine Zest Natural Dish Liquid,dish detergents,household,2853,0.3603,8,-0.1858
7299,Primordial Himalayan Sea Salt,kitchen supplies,household,950,0.3147,4,-0.1859
1979,Pure Coconut Milk,asian foods,international,1809,0.3499,7,-0.1861
22565,"Disinfecting Wipes, Lemon Scent",cleaning products,household,1351,0.3457,6,-0.1865
19451,Comforting Chamomile Tea,tea,beverages,1107,0.3315,5,-0.1865
4698,Oscillo Oscillococcinum Quick-Dissolving Pellets,cold flu allergy,personal care,933,0.314,4,-0.1866
15438,"Mayonnaise, Classic",condiments,pantry,2634,0.3595,8,-0.1866
8670,Diced Tomatoes,canned jarred vegetables,canned goods,13852,0.4316,10,-0.1866
18168,Golden Raisins,nuts seeds dried fruit,snacks,1010,0.3139,4,-0.1867
9641,"Action Pacs, Fresh Scent with Dawn",dish detergents,household,870,0.3138,4,-0.1868
15097,Light Mayonnaise,condiments,pantry,2202,0.3492,7,-0.1868
44289,"Organic Rainbow Gem Fingerling Potatoes, Bag",packaged vegetables fruits,produce,518,0.3012,1,-0.1869
28983,Veri Veri Teriyaki Marinade & Sauce Less Sodium,marinades meat preparation,pantry,728,0.2995,3,-0.187
46665,Pesto Alla Genovese Basil,pasta sauce,dry goods pasta,1414,0.3451,6,-0.187
22597,100% Pure Maple Syrup Grade A Dark Amber,honeys syrups nectars,pantry,565,0.3009,1,-0.1872
19760,Basmati Rice,grains rice dried goods,dry goods pasta,662,0.3157,2,-0.1872
34450,Bag Of Organic Lemons,fresh fruits,produce,2334,0.3586,8,-0.1875
37193,Shelled Edamame,frozen produce,frozen,2961,0.3583,8,-0.1878
13304,Whole Peeled Tomatoes,canned jarred vegetables,canned goods,2660,0.3583,8,-0.1878
46593,Natural Strawberry Ice Cream,ice cream ice,frozen,654,0.315,2,-0.1879
42384,Original Chili Seasoning Mix,spices seasonings,pantry,747,0.2985,3,-0.1879
5618,Cauliflower,fresh vegetables,produce,6127,0.3884,9,-0.1881
18025,Organic Premium Quinoa,grains rice dried goods,dry goods pasta,721,0.2982,3,-0.1883
20608,Grapeseed Oil,oils vinegars,pantry,3172,0.3578,8,-0.1883
20152,Sleepytime Herbal Tea,tea,beverages,748,0.2981,3,-0.1883
2994,"Sushi Nori, Pacific, Organic",asian foods,international,564,0.2996,1,-0.1884
9098,Carrot Bunch,fresh vegetables,produce,614,0.3143,2,-0.1886
23916,Dairy Alternative Vegan Sour Cream,other creams cheeses,dairy eggs,637,0.314,2,-0.1889
32265,ForceFlex Drawstring Tall Kitchen Bags,trash bags liners,household,1094,0.3291,5,-0.189
46145,Whole Berry Cranberry Sauce,canned fruit applesauce,canned goods,700,0.2971,3,-0.1893
19003,Celery,fresh vegetables,produce,6722,0.4287,10,-0.1895
20840,Classic Vanilla Flavor Marshmallow Minis,baking ingredients,pantry,1117,0.3286,5,-0.1895
11790,Natural Vanilla Marshmallows,baking ingredients,pantry,1544,0.3426,6,-0.1895
23271,Tabasco Chipotle Pepper Sauce,condiments,pantry,635,0.3134,2,-0.1895
49072,Lemon Verbena Laundry Detergent,laundry,household,613,0.3132,2,-0.1897
36696,The Original Natural Herb Drops Cough Suppressant,cold flu allergy,personal care,1264,0.3283,5,-0.1897
34190,Organic Coconut Cream,asian foods,international,1776,0.3463,7,-0.1898
46147,Organic Tomato Ketchup,condiments,pantry,1681,0.3462,7,-0.1898
36689,Original Lite Syrup,honeys syrups nectars,pantry,804,0.296,3,-0.1904
39462,Long Grain White Rice,grains rice dried goods,dry goods pasta,1440,0.3417,6,-0.1905
36552,Gourmet Popping Corn Original,popcorn jerky,snacks,961,0.3101,4,-0.1905
37359,"Toothpaste, All-One, Peppermint",oral hygiene,personal care,558,0.2975,1,-0.1906
2272,Peppermint,oral hygiene,personal care,1934,0.3454,7,-0.1906
6238,Lettuce Red Butter Organic,packaged vegetables fruits,produce,1758,0.3447,7,-0.1913
49248,Organic Farro,grains rice dried goods,dry goods pasta,1252,0.3267,5,-0.1914
3040,Jellied Cranberry Sauce,canned fruit applesauce,canned goods,922,0.3091,4,-0.1915
34861,Beets Bunch,fresh vegetables,produce,1277,0.3406,6,-0.1915
49032,Artisan Blends Parmesan Shredded Cheese,packaged cheese,dairy eggs,607,0.3114,2,-0.1915
18696,Mild Red Enchilada Sauce,latino foods,international,1704,0.3445,7,-0.1916
39889,Light Squeeze Mayonnaise,condiments,pantry,530,0.2962,1,-0.1918
25489,Gluten Free Inca Red,grains rice dried goods,dry goods pasta,1417,0.3402,6,-0.192
10424,Triple Creme Brie,specialty cheeses,dairy eggs,771,0.2944,3,-0.192
11075,Dishwasher Detergent ActionPacs Fresh Scent,dish detergents,household,1000,0.308,4,-0.1926
49082,Pitted Greek Kalamata Olives,pickled goods olives,pantry,746,0.2936,3,-0.1929
3252,Medium Green Chile Enchilada Sauce,latino foods,international,669,0.3094,2,-0.1935
39620,Crunchy Taco Shells,latino foods,international,1168,0.3245,5,-0.1936
16278,Organic Delicata Squash,fresh vegetables,produce,1474,0.3385,6,-0.1936
7041,Pecorino Romano,specialty cheeses,dairy eggs,3061,0.3525,8,-0.1936
429,Dark Red Kidney Beans,canned meals beans,canned goods,2471,0.3525,8,-0.1936
34022,Lite Honey Mustard Dressing,salad dressing toppings,pantry,547,0.2943,1,-0.1937
31670,Buttermilk Complete Pancake Mix,hot cereal pancake mixes,breakfast,561,0.2941,1,-0.1939
23649,Maifun Rice Noodles,asian foods,international,735,0.2925,3,-0.1939
21249,Organic Ramen Noodles,asian foods,international,943,0.3065,4,-0.1941
29334,Leek,fresh vegetables,produce,3416,0.3519,8,-0.1942
32446,Bunched Carrots,fresh vegetables,produce,3931,0.3821,9,-0.1944
673,Chicken Base,soup broth bouillon,canned goods,726,0.292,3,-0.1944
1981,Organic Red Roasted Peppers,canned jarred vegetables,canned goods,576,0.2934,1,-0.1947
44413,Sorbetto Alphonso Mango,ice cream ice,frozen,925,0.3059,4,-0.1947
48622,"Condensed Milk, Sweetened, Full Cream",baking ingredients,pantry,948,0.3059,4,-0.1947
38247,Men Dry Protection Cool Rush Antiperspirant & Deodorant,deodorants,personal care,515,0.2932,1,-0.1949
46799,Pepper Sauce,condiments,pantry,512,0.293,1,-0.1951
23782,Magic Eraser Cleaning Sponge 2ct. Surface Care,cleaning products,household,574,0.2927,1,-0.1954
45229,Organic Chia Seeds,nuts seeds dried fruit,snacks,657,0.3075,2,-0.1955
33206,Pearled Couscous Original Plain,instant foods,dry goods pasta,1847,0.3406,7,-0.1955
45938,Best Cannellini White Kidney Beans,canned meals beans,canned goods,1352,0.3365,6,-0.1956
1938,Beef Stew Meat,meat counter,meat seafood,1454,0.3363,6,-0.1958
5913,Lite Coconut Milk,asian foods,international,723,0.2905,3,-0.196
34350,Heavy Duty Non-Stick Aluminum Foil 35 sq ft,food storage,household,902,0.3038,4,-0.1968
3142,Organic Short Grain Brown Rice,grains rice dried goods,dry goods pasta,8138,0.4214,10,-0.1969
42134,Israeli Couscous,bulk grains rice dried goods,bulk,764,0.2893,3,-0.1972
43867,100% Grated Parmesan Cheese,packaged cheese,dairy eggs,5795,0.3793,9,-0.1972
38266,Fresh Basil,fresh herbs,produce,2494,0.3488,8,-0.1973
49441,Slider Stand & Fill Storage Gallon Bags,food storage,household,1541,0.3348,6,-0.1973
6795,Organic Garlic Granules,spices seasonings,pantry,887,0.3033,4,-0.1973
31589,Petite Diced Tomatoes,canned jarred vegetables,canned goods,1345,0.3346,6,-0.1976
27177,"Shampoo, Body Wash, Bubble Bath Coconut+Lemon",hair care,personal care,619,0.3053,2,-0.1976
27735,Organic Coconut Palm Sugar,baking ingredients,pantry,835,0.2886,3,-0.1978
33439,Deep Moisture Body Wash,body lotions soap,personal care,1496,0.3342,6,-0.1979
24955,Simply Heinz Tomato Ketchup,condiments,pantry,1425,0.334,6,-0.1981
8955,Basil,fresh herbs,produce,7498,0.4201,10,-0.1981
13948,Wastebasket Liners,trash bags liners,household,972,0.3025,4,-0.1981
19467,Arnica Montana 30 C,vitamins supplements,personal care,617,0.3047,2,-0.1982
38650,Organic Red Lentils,grains rice dried goods,dry goods pasta,7836,0.42,10,-0.1982
18880,Organic Free Range Low Sodium Chicken Broth,soup broth bouillon,canned goods,7336,0.42,10,-0.1982
45253,gel hand wash sea minerals,body lotions soap,personal care,528,0.2898,1,-0.1983
31020,Organic Honey Grade A,honeys syrups nectars,pantry,1036,0.3195,5,-0.1986
38300,Tall Kitchen Bag With Febreze Odor Shield,trash bags liners,household,1640,0.3335,6,-0.1986
29418,Fluoride-Free Antiplaque & Whitening Peppermint Toothpaste,oral hygiene,personal care,3443,0.3474,8,-0.1987
34194,Cooking Beef Stock,soup broth bouillon,canned goods,661,0.3041,2,-0.1988
45748,Strawberry Jam,spreads,pantry,758,0.2876,3,-0.1989
14898,Organic Thousand Island Dressing,salad dressing toppings,pantry,892,0.3016,4,-0.199
38419,Parsnip,fresh vegetables,produce,3921,0.3775,9,-0.199
44882,Mandarin Clementine,fresh fruits,produce,1360,0.3331,6,-0.199
40749,Organic Green Tea Bags,tea,beverages,1828,0.337,7,-0.1991
20791,Bedtime Tea,tea,beverages,1381,0.3324,6,-0.1998
19513,Moroccan Argan Oil + Argan Stem Cell Triple Moisture Conditioner,hair care,personal care,908,0.3007,4,-0.1999
38299,Mini Italian Eggplant,fresh vegetables,produce,719,0.2865,3,-0.1999
19938,Extra Wide Egg Noodles,dry pasta,dry goods pasta,2870,0.346,8,-0.2001
7021,Organic Tomato Paste,canned jarred vegetables,canned goods,17629,0.4181,10,-0.2002
27415,Great Northern Beans,canned meals beans,canned goods,748,0.2861,3,-0.2004
38182,Sriracha Hot Sauce,condiments,pantry,903,0.3001,4,-0.2005
5652,Organic Red Potatoes,fresh vegetables,produce,8550,0.4175,10,-0.2007
41319,Sea Salt Caramel Gelato,ice cream ice,frozen,6671,0.417,10,-0.2012
26194,Multi-Purpose Gluten Free Flour,baking ingredients,pantry,653,0.3017,2,-0.2012
9698,Apricot Fruit Spread,spreads,pantry,733,0.2851,3,-0.2013
22234,Organic Blonde Coconut Palm Sugar,baking ingredients,pantry,1297,0.3308,6,-0.2014
34220,Honey Lavender Stress Relief Tea,tea,beverages,1279,0.3307,6,-0.2014
29473,EF Whtie Arborio White Rice,grains rice dried goods,dry goods pasta,1210,0.3165,5,-0.2015
3550,Organic Diced Fire Roasted Tomatoes,canned jarred vegetables,canned goods,2311,0.3444,8,-0.2017
34310,Organic Goddess Dressing,salad dressing toppings,pantry,1262,0.3162,5,-0.2019
45646,Grated Parmesan Cheese,packaged cheese,dairy eggs,7696,0.4163,10,-0.2019
10819,Original Craisins,nuts seeds dried fruit,snacks,1375,0.3302,6,-0.202
30057,Orzo Pasta,dry pasta,dry goods pasta,1874,0.334,7,-0.202
46697,Chicken Noodle Condensed Soup,soup broth bouillon,canned goods,507,0.286,1,-0.2021
16748,Free & Clear Natural Dish Liquid,cleaning products,household,625,0.3008,2,-0.2021
2707,Complete™ ActionPacs™ Fresh Scent Dishwasher Detergent,dish detergents,household,2349,0.344,8,-0.2021
23517,"Ginger, Pickled Sushi",asian foods,international,809,0.2843,3,-0.2022
22142,100% Pure Pumpkin,baking ingredients,pantry,8478,0.416,10,-0.2022
2024,Organic Diced Tomatoes Fire Roasted with Medium Green Chilies,canned jarred vegetables,canned goods,1822,0.3337,7,-0.2023
34023,Whole Grain Quinoa,grains rice dried goods,dry goods pasta,515,0.2854,1,-0.2026
17140,3D White Radiant Mint Flavor Whitening Toothpaste,oral hygiene,personal care,804,0.2836,3,-0.2029
14573,Organic Tomato Basil Soup,soup broth bouillon,canned goods,1705,0.3331,7,-0.2029
21183,Organic Gold Beet Bunch,fresh vegetables,produce,1574,0.3291,6,-0.203
35601,Sensitive Skin Moisturizing Cream Soap Bars,body lotions soap,personal care,1115,0.3148,5,-0.2033
4037,Blackberry Preserves,spreads,pantry,1609,0.3288,6,-0.2034
40683,Fresh Ricotta,packaged cheese,dairy eggs,573,0.2845,1,-0.2036
39812,Organic Thyme,fresh herbs,produce,19544,0.4146,10,-0.2037
30463,Organic Simply Stock Unsalted Chicken Stock,soup broth bouillon,canned goods,3804,0.3728,9,-0.2037
24129,Natural Fresh Goat Cheese,packaged cheese,dairy eggs,1426,0.3282,6,-0.2039
45819,Nacho Sliced Jalapenos,latino foods,international,1172,0.314,5,-0.2041
43136,Organic Southwest Salad,prepared soups salads,deli,656,0.2988,2,-0.2041
22312,Organic Cherry Tomatoes,fresh vegetables,produce,4701,0.3723,9,-0.2042
9906,Cauliflower Orange,fresh vegetables,produce,1009,0.2963,4,-0.2043
28963,Naked Sponges - 2 CT,cleaning products,household,960,0.2958,4,-0.2048
32624,Acorn Squash,fresh vegetables,produce,2520,0.3413,8,-0.2048
48532,All Purpose Cleaner,cleaning products,household,1987,0.3312,7,-0.2049
424,Linguine Pasta,dry pasta,dry goods pasta,2748,0.341,8,-0.2051
3098,Lavender Dish Soap,dish detergents,household,3462,0.3712,9,-0.2053
47966,Old Fashioned Rolled Oats,hot cereal pancake mixes,breakfast,4888,0.3711,9,-0.2054
26606,Simply White Natural Clean Mint Fluoride Toothpaste,oral hygiene,personal care,1724,0.3306,7,-0.2054
7628,"Dressing, Jersey Sweet Onion, Calorie Free",fresh vegetables,produce,8579,0.4125,10,-0.2057
22759,Reduced Sodium Chicken Base,soup broth bouillon,canned goods,798,0.2807,3,-0.2058
49680,All Natural Creamy Caesar Dressing,salad dressing toppings,pantry,1018,0.2947,4,-0.2059
10492,Coconut Milk,asian foods,international,3924,0.3705,9,-0.206
22128,Vegetable Oil,oils vinegars,pantry,1295,0.3259,6,-0.2063
14182,Caffeine Free Peppermint Herbal Tea,tea,beverages,607,0.2965,2,-0.2064
10644,Italian Extra Virgin Olive Oil,oils vinegars,pantry,12318,0.4118,10,-0.2065
32927,House Napa Cabbage,asian foods,international,1056,0.3116,5,-0.2065
45638,Aged Balsamic Vinegar,oils vinegars,pantry,1124,0.3114,5,-0.2067
14872,All Natural Powder Cleanser,cleaning products,household,1758,0.3294,7,-0.2067
4671,Red Cabbage,fresh vegetables,produce,2431,0.3394,8,-0.2067
17355,Compostable Coffee Filters,coffee,beverages,2131,0.329,7,-0.2071
24890,Fresh Whole Garlic,fresh herbs,produce,1142,0.3109,5,-0.2072
46025,Pineapple Slices in 100% Pineapple Juice,canned fruit applesauce,canned goods,1404,0.3248,6,-0.2074
46900,Organic Chicken Noodle Soup,soup broth bouillon,canned goods,6499,0.4108,10,-0.2074
15419,Vegan Vegetable Bouillon With Sea Salt & Herbs,soup broth bouillon,canned goods,633,0.2954,2,-0.2075
26905,Abrasive Cleanser With Bleach,cleaning products,household,633,0.2954,2,-0.2075
31391,Gourmet Delicate Avocado Oil,oils vinegars,pantry,1263,0.3104,5,-0.2077
17209,Organic Gluten Free Tamari Less Sodium Soy Sauce,asian foods,international,507,0.2801,1,-0.208
17819,Concord Grape Jelly,spreads,pantry,1058,0.31,5,-0.208
42431,Cinnabon Cinnamon Rolls With Icing,doughs gelatins bake mixes,pantry,995,0.2925,4,-0.2081
7401,Raw Chocolate Cacao Nibs,nuts seeds dried fruit,snacks,1211,0.3097,5,-0.2084
18382,Saltine Crackers,crackers,snacks,6871,0.4098,10,-0.2084
42824,Black Eyed Peas,frozen produce,frozen,1384,0.3237,6,-0.2084
3382,Organic Eggplant,fresh vegetables,produce,2509,0.3376,8,-0.2085
29274,Mung Bean Sprouts,packaged vegetables fruits,produce,1028,0.3093,5,-0.2087
30406,Butternut Squash,fresh vegetables,produce,9458,0.4095,10,-0.2087
20549,Organic Orzo,dry pasta,dry goods pasta,5199,0.3678,9,-0.2087
17905,Medium Household Gloves,cleaning products,household,660,0.2939,2,-0.209
25980,Organic Gluten Free Pancake & Baking Mix,hot cereal pancake mixes,breakfast,667,0.2939,2,-0.2091
18660,Orange Marmalade,spreads,pantry,1217,0.309,5,-0.2091
2651,Mayonnaise,condiments,pantry,2464,0.3369,8,-0.2093
47714,100% Pure Maple Syrup,honeys syrups nectars,pantry,556,0.2788,1,-0.2093
39182,"Soup, Traditional, with Tofu",asian foods,international,620,0.2935,2,-0.2094
24707,Home Style Asiago Caesar Dressing,salad dressing toppings,pantry,510,0.2784,1,-0.2096
2470,Buckwheat Soba Pasta,dry pasta,dry goods pasta,1022,0.3082,5,-0.2098
32732,Roasted Red Pepper & Basil Quinoa and Brown Rice,instant foods,dry goods pasta,1039,0.308,5,-0.2101
34308,Unbleached All Purpose Flour,baking ingredients,pantry,724,0.2762,3,-0.2102
44596,Vegetable Egg Rolls,frozen appetizers sides,frozen,937,0.2903,4,-0.2103
43743,Refreshing Gel Hand Sanitizer Pump,body lotions soap,personal care,551,0.2777,1,-0.2104
26668,Cannellini White Kidney Beans No Salt Added,canned meals beans,canned goods,4943,0.366,9,-0.2105
33184,Condensed Cream of Mushroom Soup,soup broth bouillon,canned goods,2420,0.3355,8,-0.2106
17231,Sprouted Sunflower Seeds,nuts seeds dried fruit,snacks,523,0.2772,1,-0.2108
40216,Yukon Gold Potatoes,fresh vegetables,produce,987,0.2898,4,-0.2108
14727,Yellow Onion,packaged vegetables fruits,produce,563,0.2771,1,-0.211
14705,Pie Crusts,doughs gelatins bake mixes,pantry,1892,0.3251,7,-0.211
6860,Organic Balsamic Vinaigrette,salad dressing toppings,pantry,1794,0.325,7,-0.2111
39545,Corn Muffin Mix,doughs gelatins bake mixes,pantry,1573,0.321,6,-0.2111
19445,French Lavender All-Purpose Natural Surface Cleaner,cleaning products,household,593,0.2917,2,-0.2112
22106,Organic Low Sodium Beef Flavored Broth,soup broth bouillon,canned goods,641,0.2917,2,-0.2112
26373,Vitamin D Added Evaporated Milk,baking ingredients,pantry,1721,0.3248,7,-0.2112
27941,All-In-1,dish detergents,household,823,0.2746,3,-0.2119
6550,Fridge and Freezer Baking Soda Pack,baking ingredients,pantry,2101,0.3241,7,-0.2119
9139,Fabric Softener Dryer Sheet Outdoor Fresh 240CT Fabric Enhancers,laundry,household,565,0.2761,1,-0.2119
28911,Buttermilk Complete Pancake & Waffle Mix,hot cereal pancake mixes,breakfast,1822,0.3238,7,-0.2122
22256,Organic Throat Comfort Tea,tea,beverages,562,0.2758,1,-0.2123
37059,Lemon & Lime Blossom Ocean Fresh Scent Disinfecting Wipes,cleaning products,household,562,0.2758,1,-0.2123
36884,"Pain Reliever/Fever Reducer (NSAID), Ibuprofen 200mg",muscles joints pain relief,personal care,504,0.2758,1,-0.2123
22890,Toll House Semi-Sweet Chocolate Morsels,baking ingredients,pantry,3963,0.3641,9,-0.2124
19037,Artichoke Heart,canned jarred vegetables,canned goods,519,0.2755,1,-0.2125
25005,Organic Green Lentils,grains rice dried goods,dry goods pasta,7299,0.4057,10,-0.2126
21011,Condensed Cream of Chicken Soup,soup broth bouillon,canned goods,1824,0.3235,7,-0.2126
14223,Fettuccine  No. 6 Pasta,dry pasta,dry goods pasta,1110,0.3054,5,-0.2126
49401,"Chicken Base, Organic",soup broth bouillon,canned goods,3164,0.3334,8,-0.2127
23744,Balsamic Vinaigrette Dressing,salad dressing toppings,pantry,1964,0.3233,7,-0.2127
6110,Maifun Brown Rice Noodles,asian foods,international,614,0.2899,2,-0.213
47008,Sliced Water Chestnuts,asian foods,international,3243,0.333,8,-0.2131
47541,Crushed Ginger,frozen produce,frozen,557,0.2747,1,-0.2134
26889,Vegetable Broth,soup broth bouillon,canned goods,1021,0.3046,5,-0.2134
25886,Wild Blend Rice,grains rice dried goods,dry goods pasta,1857,0.3226,7,-0.2135
22372,Organic Throat Coat Herbal Tea,tea,beverages,1306,0.3185,6,-0.2136
45918,Coconut Butter,oils vinegars,pantry,744,0.2728,3,-0.2136
20112,Garbage Bags Small - 30 CT,trash bags liners,household,598,0.2893,2,-0.2136
40945,Baking Chopped Pecans,baking ingredients,pantry,724,0.2721,3,-0.2144
40836,Anaheim Pepper,fresh vegetables,produce,1306,0.3178,6,-0.2144
20524,Less Salt Soy Sauce,asian foods,international,662,0.2885,2,-0.2144
15040,Organic Acorn Squash,fresh vegetables,produce,3577,0.362,9,-0.2145
10872,Cranberries,nuts seeds dried fruit,snacks,972,0.286,4,-0.2146
36086,Philadelphia Original Cream Cheese,other creams cheeses,dairy eggs,7167,0.4032,10,-0.215
40182,Sambucus Organic Elderberry + Vitamin C Zinc Lozenges,vitamins supplements,personal care,553,0.2731,1,-0.215
34222,Squeeze Grape Jelly,spreads,pantry,956,0.2856,4,-0.215
22247,Organic Chives,fresh herbs,produce,4771,0.3613,9,-0.2152
27796,Real Mayonnaise,condiments,pantry,10630,0.4029,10,-0.2153
15576,Uncured Beef Hot Dog,missing,missing,873,0.2852,4,-0.2154
27933,Extra Virgin Imported Robust Olive Oil,oils vinegars,pantry,613,0.2871,2,-0.2158
44629,"Chia Seed, Organic, Ground",nuts seeds dried fruit,snacks,624,0.2869,2,-0.2161
28407,Honey Cornbread & Muffin Mix,doughs gelatins bake mixes,pantry,515,0.2718,1,-0.2162
35855,Unbleached All-Purpose Flour,baking ingredients,pantry,5177,0.3602,9,-0.2163
27978,Hot Buffalo Wing Sauce,marinades meat preparation,pantry,574,0.2718,1,-0.2163
40411,Calm Chamomile Herbal Tea,tea,beverages,2717,0.3294,8,-0.2167
24009,Organic Long Grain White Rice,grains rice dried goods,dry goods pasta,8598,0.4011,10,-0.2171
28521,Chocolate Chip Cooke Dough Gelato,ice cream ice,frozen,810,0.2691,3,-0.2173
20520,Mild Diced Green Chiles,canned jarred vegetables,canned goods,6183,0.3587,9,-0.2178
26216,Cotija,packaged cheese,dairy eggs,823,0.2685,3,-0.2179
9171,Organic Balsamic Vinaigrette Dressing,salad dressing toppings,pantry,838,0.2685,3,-0.218
13170,"Tangerine 1,000 mg Vitamin C Dietary Supplement",vitamins supplements,personal care,878,0.2825,4,-0.2181
13639,Sliced Almonds,baking ingredients,pantry,2492,0.3278,8,-0.2183
38012,Organic Cream of Mushroom Condensed Soup,soup broth bouillon,canned goods,2581,0.3278,8,-0.2183
8143,Baker's Pure Cane Ultrafine Sugar,baking ingredients,pantry,608,0.2845,2,-0.2184
3494,Matcha Powder,tea,beverages,725,0.2676,3,-0.2189
41920,Organic Fire Roasted Diced Tomatoes,canned jarred vegetables,canned goods,1478,0.3133,6,-0.2189
35940,Family Recipe Italian Dressing,salad dressing toppings,pantry,1005,0.2816,4,-0.219
41544,Organic Crushed Fire Roasted Tomatoes,canned jarred vegetables,canned goods,6999,0.3992,10,-0.219
38770,Chopped Green Chiles,latino foods,international,763,0.2674,3,-0.2191
2593,Organic Evaporated Milk,baking ingredients,pantry,1666,0.3169,7,-0.2191
36854,Hot Sauce,condiments,pantry,2560,0.327,8,-0.2192
35629,Coho Salmon,seafood counter,meat seafood,3077,0.3269,8,-0.2192
5732,Medium Salsa Con Queso,preserved dips spreads,pantry,867,0.2814,4,-0.2192
27999,Organic Brussel Sprouts,packaged vegetables fruits,produce,2905,0.3267,8,-0.2194
47284,Toll House Semi Sweet Chocolate Mini Morsels Chips,baking ingredients,pantry,1663,0.3127,6,-0.2194
43463,Tall Kitchen Trash Bags with Flap Closure 13 gallon,trash bags liners,household,1052,0.2985,5,-0.2196
46505,Organic Long Grain Brown Rice,grains rice dried goods,dry goods pasta,4404,0.3567,9,-0.2198
7657,Hair Shampoos,hair care,personal care,690,0.2826,2,-0.2203
39002,Sparkling Apple Cider,juice nectars,beverages,948,0.2795,4,-0.2211
23338,Raspberry Fruit Spread,spreads,pantry,1054,0.297,5,-0.2211
10498,Pancake & Baking Mix,hot cereal pancake mixes,breakfast,996,0.2791,4,-0.2215
27783,Strawberry Fruit Spread,spreads,pantry,1381,0.3106,6,-0.2215
9088,Disinfecting Toilet Wand Refills,cleaning products,household,522,0.2663,1,-0.2218
44750,Organic Lime,fresh fruits,produce,703,0.2646,3,-0.2219
39261,"Fancy Lump White, Crab Meat",canned meat seafood,canned goods,584,0.2808,2,-0.2221
27398,Genuine Chocolate Flavor Syrup,ice cream toppings,snacks,2148,0.3138,7,-0.2223
39321,Milk Chocolate Hot Cocoa Mix,cocoa drink mixes,beverages,1038,0.2958,5,-0.2223
34459,Cavity Protection Regular Toothpaste Gel 6.4 Oz Dentifrice,oral hygiene,personal care,628,0.2803,2,-0.2227
30589,Soy Ginger Sauce,asian foods,international,577,0.2652,1,-0.2229
7364,Red Mild Enchilada Sauce,latino foods,international,602,0.2791,2,-0.2238
20468,Recipe Secrets Onion Soup & Dip Mix,soup broth bouillon,canned goods,1938,0.3122,7,-0.2239
35898,Original Hot Sauce,condiments,pantry,12048,0.3938,10,-0.2244
34955,Chunky Blue Cheese Dressing,salad dressing toppings,pantry,520,0.2635,1,-0.2246
29669,Organic Tri-Color Blend Quinoa,grains rice dried goods,dry goods pasta,1149,0.2933,5,-0.2248
41556,Pastry Kitchens Classic Puff Pastry,frozen dessert,frozen,1851,0.3112,7,-0.2249
40377,Unrefined Virgin Coconut Oil,oils vinegars,pantry,9490,0.3932,10,-0.2251
6689,Complete Clean Power Toilet Bowl Cleaner Value Pack,cleaning products,household,724,0.261,3,-0.2254
41580,Chocolate Syrup,ice cream toppings,snacks,575,0.2626,1,-0.2254
3219,Himalania Fine Pink Salt Glass Jar,spices seasonings,pantry,638,0.2774,2,-0.2255
8224,Chicken Bouillon Cubes,soup broth bouillon,canned goods,1252,0.2923,5,-0.2257
44424,Organic Sun Dried Tomatoes,canned jarred vegetables,canned goods,729,0.2606,3,-0.2258
15392,Organic Mayonnaise,condiments,pantry,8817,0.3923,10,-0.2259
3808,Olive Oil Cooking Spray,oils vinegars,pantry,2327,0.3202,8,-0.226
12962,Apricot Preserves,spreads,pantry,3663,0.3505,9,-0.226
25286,Sugar Substitute,baking ingredients,pantry,650,0.2769,2,-0.226
12086,"Antibacterial Kitchen All Purpose Spray Cleaner, Lemon Fresh",cleaning products,household,818,0.2604,3,-0.2261
46724,Honey Vanilla Chamomile Caffeine-Free Herbal Tea,tea,beverages,937,0.2743,4,-0.2263
44193,White Cannellini Kidney Beans,canned meals beans,canned goods,777,0.26,3,-0.2265
30407,Pumpkin Pie,bakery desserts,bakery,1018,0.2741,4,-0.2265
20303,Organic Cream Of Mushroom Soup,soup broth bouillon,canned goods,1074,0.2914,5,-0.2266
21403,Lemon Grass,fresh herbs,produce,3027,0.3195,8,-0.2266
23115,Disinfecting Multi-Surface Cleaner Lemongrass Citrus Scent,cleaning products,household,1539,0.3054,6,-0.2267
2658,Unsweetened Coconut Milk,asian foods,international,1195,0.2912,5,-0.2268
33098,Organic Stewed Tomatoes,canned jarred vegetables,canned goods,1441,0.3046,6,-0.2275
22504,Organic Mountain Forest Amber Honey,honeys syrups nectars,pantry,7358,0.3906,10,-0.2276
11599,Clean Day Liquid Hand Soap Refill Basil Scent,soap,personal care,515,0.2602,1,-0.2279
49323,Arborio Rice,grains rice dried goods,dry goods pasta,640,0.275,2,-0.2279
38596,Part Skim Ricotta Cheese,other creams cheeses,dairy eggs,3948,0.3485,9,-0.228
20217,Mini Marshmallows,baking ingredients,pantry,644,0.2748,2,-0.2281
29204,Slivered Almonds,nuts seeds dried fruit,snacks,1060,0.2896,5,-0.2284
6194,Organic Red Kidney Beans,bulk grains rice dried goods,bulk,502,0.259,1,-0.2291
13708,"Liquid Hand Soap, Refill, Lavender Scent",soap,personal care,999,0.2713,4,-0.2293
30604,32 oz UHT Eggnog Eggnog,milk,dairy eggs,944,0.2712,4,-0.2294
32463,Olive Oil & Aloe Vera Hand Soap,soap,personal care,2009,0.3066,7,-0.2294
18441,Organic Ketchup,condiments,pantry,15304,0.3888,10,-0.2294
3399,Pain Relief Tablets,muscles joints pain relief,personal care,716,0.257,3,-0.2295
20120,DeTox Caffeine Free Organic Herbal Tea Bags,tea,beverages,1110,0.2883,5,-0.2298
39162,Clean Day Basil Hand Soap,soap,personal care,2515,0.3161,8,-0.23
34648,Corn Bread Mix,doughs gelatins bake mixes,pantry,566,0.258,1,-0.2301
48455,Lemon,packaged vegetables fruits,produce,540,0.2574,1,-0.2306
13064,Sweet Water Hand Wash,body lotions soap,personal care,895,0.2693,4,-0.2313
16042,Maca Powder,vitamins supplements,personal care,523,0.2562,1,-0.2318
28100,"Liquid Hand Soap, Refill, Lemon Verbena Scent",soap,personal care,949,0.2687,4,-0.2319
10823,Original Velveeta Cheese,packaged cheese,dairy eggs,631,0.271,2,-0.2319
48255,Organic Pancake Syrup,honeys syrups nectars,pantry,786,0.2545,3,-0.232
30291,Stone Ground Garbanzo Bean Flour,baking ingredients,pantry,976,0.2684,4,-0.2322
246,Triple-Acting Laundry Stain Remover,laundry,household,826,0.2542,3,-0.2322
2314,Whole Milk Ricotta Cheese,other creams cheeses,dairy eggs,10434,0.3857,10,-0.2326
10978,Organic Tomato Puree,canned jarred vegetables,canned goods,1483,0.2994,6,-0.2327
40884,Zipper Sandwich Bags,food storage,household,671,0.2697,2,-0.2332
3593,Double Zipper Gallon Storage Bags,food storage,household,1065,0.2845,5,-0.2335
42441,Regular Concentrated Bleach,laundry,household,1882,0.3023,7,-0.2337
20021,Original French Fried Onions,salad dressing toppings,pantry,1231,0.2843,5,-0.2337
18339,100% Lemon Juice,juice nectars,beverages,4248,0.3427,9,-0.2338
22922,Organic Canola Oil,oils vinegars,pantry,4534,0.3425,9,-0.234
38303,Almond Paleo Bread Non GMO Gluten Free,bread,bakery,938,0.2665,4,-0.2341
23643,Organic Currants,fresh vegetables,produce,1119,0.2833,5,-0.2348
32951,Ricotta Cheese,packaged cheese,dairy eggs,884,0.2658,4,-0.2348
6519,Hot Cocoa Mix,doughs gelatins bake mixes,pantry,751,0.2517,3,-0.2348
24749,13 Gallon Tall Drawstring Kitchen Bags,trash bags liners,household,1391,0.2969,6,-0.2352
13108,"Vegetable Oil, Pure & 100% Natural",oils vinegars,pantry,828,0.2512,3,-0.2353
38236,Quinoa,grains rice dried goods,dry goods pasta,777,0.251,3,-0.2355
39636,With Bleach Cleanser,cleaning products,household,636,0.2673,2,-0.2356
38949,Febreze Fresh Clean Garbage Bags,trash bags liners,household,1216,0.2821,5,-0.236
41610,Arborio White Rice,grains rice dried goods,dry goods pasta,2581,0.31,8,-0.2361
4544,High Heat Canola Spray Oil,oils vinegars,pantry,1308,0.2959,6,-0.2363
36051,Glass Cleaner,cleaning products,household,1755,0.2997,7,-0.2363
38557,Citrus Mandarins Organic,fresh fruits,produce,4932,0.34,9,-0.2365
15341,Sweeper Dry Sweeping Refills,cleaning products,household,573,0.2513,1,-0.2367
21246,Mild Enchilada Sauce,latino foods,international,753,0.2497,3,-0.2368
34551,Organic Cane Sugar,baking ingredients,pantry,6550,0.3814,10,-0.2369
24263,Organic Fettuccine,dry pasta,dry goods pasta,2193,0.2991,7,-0.2369
2996,Honeysuckle Hand Soap,soap,personal care,1706,0.2989,7,-0.2371
35166,Double Concentrated Tomato Paste in Tube,canned jarred vegetables,canned goods,1658,0.2949,6,-0.2372
20720,Bear Clover Premium Honey,honeys syrups nectars,pantry,1097,0.2808,5,-0.2373
48248,LemonMint Herb Throat Drops,cold flu allergy,personal care,575,0.2504,1,-0.2376
33746,Simply Stock Organic Vegetable Unsalted Stock,soup broth bouillon,canned goods,2047,0.298,7,-0.238
48871,Natural Tomato Paste,canned jarred vegetables,canned goods,3161,0.3078,8,-0.2383
46673,Ultra Original Scent Dishwashing Liquid,dish detergents,household,2264,0.2977,7,-0.2383
37642,Ccnut Raw Cocoaminos,condiments,pantry,2632,0.3074,8,-0.2387
42617,Organic Great Northern Beans,canned meals beans,canned goods,3527,0.3371,9,-0.2394
25542,"Orzo, No. 65",dry pasta,dry goods pasta,503,0.2485,1,-0.2395
44027,Honey Lemon Menthol Drops Cough Suppressant/Oral Anesthetic,cold flu allergy,personal care,585,0.2632,2,-0.2397
21272,13 Gallon Tall Kitchen Drawstring Bags,trash bags liners,household,564,0.2482,1,-0.2398
28913,100% Lime Juice,juice nectars,beverages,2131,0.2952,7,-0.2409
810,Organic Honey Mustard,condiments,pantry,2382,0.3052,8,-0.2409
330,Chilpotles in Adobo Sauce,latino foods,international,657,0.2618,2,-0.2411
12748,Mexican Style Hominy,latino foods,international,1406,0.2909,6,-0.2412
42258,Eagle Brand Sweetened Condensed Milk,baking ingredients,pantry,726,0.2452,3,-0.2413
20736,Celery Root,fresh vegetables,produce,507,0.2465,1,-0.2415
42294,Certified Compostable Large Baking Cups,baking supplies decor,pantry,1179,0.2765,5,-0.2415
39071,Walnuts,other,other,568,0.2465,1,-0.2416
21280,Organic Stone Ground Mustard,condiments,pantry,764,0.2448,3,-0.2417
8366,Lemon Clean Furniture Spray,cleaning products,household,728,0.2445,3,-0.242
3689,Beef Broth,soup broth bouillon,canned goods,1475,0.2902,6,-0.242
20776,Organic Quinoa,grains rice dried goods,dry goods pasta,1597,0.2899,6,-0.2422
16215,100% Natural Beef Broth,soup broth bouillon,canned goods,701,0.2439,3,-0.2425
41302,Honey Barbecue Sauce,marinades meat preparation,pantry,697,0.2439,3,-0.2426
12312,Lavender Hand Soap,soap,personal care,5941,0.3338,9,-0.2427
7883,Jumbo Cotton Balls,beauty,personal care,555,0.245,1,-0.243
274,Snack Bags,more household,household,2205,0.293,7,-0.2431
29228,Original Traditional Dijon Mustard,condiments,pantry,547,0.245,1,-0.2431
13780,Thyme,fresh herbs,produce,5136,0.3333,9,-0.2432
22343,Tea Tree Oil Dental Floss,oral hygiene,personal care,810,0.2432,3,-0.2432
34706,Natural Vanilla Miniature Marshmallows,baking ingredients,pantry,1078,0.2746,5,-0.2435
45566,Clean Up Cleaner with Bleach Fresh Scent,cleaning products,household,1774,0.2926,7,-0.2435
33438,Rosemary & Olive Oil Quinoa Blend,grains rice dried goods,dry goods pasta,3632,0.3329,9,-0.2436
37247,Instant Vanilla Pudding & Pie Filling,doughs gelatins bake mixes,pantry,726,0.2424,3,-0.244
4058,Mild Fire Roasted Diced Green Chiles,latino foods,international,619,0.2585,2,-0.2444
7179,Chopped Pecans,nuts seeds dried fruit,snacks,4806,0.3317,9,-0.2448
18598,Expeller Pressed Coconut Oil Spray,oils vinegars,pantry,1978,0.2912,7,-0.2448
19653,Rich Taste Extra Virgin Olive Oil,oils vinegars,pantry,1542,0.2873,6,-0.2448
11256,Original Magic Eraser,cleaning products,household,655,0.258,2,-0.2449
38510,Organic Celery Bunch,missing,missing,1645,0.2869,6,-0.2452
1787,Thin Rice Noodles,asian foods,international,1749,0.2905,7,-0.2456
24197,Teriyaki Sauce,asian foods,international,764,0.2408,3,-0.2456
15261,Organic Rosemary,fresh herbs,produce,10390,0.3726,10,-0.2457
5067,Original Syrup,honeys syrups nectars,pantry,3949,0.3307,9,-0.2458
13988,Snow Peas,fresh vegetables,produce,4447,0.3306,9,-0.2459
46804,Baking Soda,baking ingredients,pantry,1614,0.2856,6,-0.2465
44099,Organic Dried Porcini Mushrooms,grains rice dried goods,dry goods pasta,780,0.2397,3,-0.2467
46020,Crispy Onions,salad dressing toppings,pantry,687,0.2562,2,-0.2467
31130,Sea Salt Flakes Original,spices seasonings,pantry,2264,0.2893,7,-0.2467
32256,Mango Chutney,indian foods,international,506,0.2411,1,-0.2469
44643,Gallon Freezer Bags,food storage,household,5537,0.3294,9,-0.2471
35819,Light Organic Agave Nectar,honeys syrups nectars,pantry,1049,0.2707,5,-0.2473
42075,Lavender Multi-Surface Everyday Cleaner,cleaning products,household,1180,0.2703,5,-0.2477
23117,Enriched Farina Hot Cereal,hot cereal pancake mixes,breakfast,538,0.2398,1,-0.2483
15727,Organic Baking Cocoa,baking ingredients,pantry,551,0.2396,1,-0.2485
10711,Chopped Basil,frozen produce,frozen,551,0.2396,1,-0.2485
5713,Original Ranch Salad Dressing,salad dressing toppings,pantry,893,0.252,4,-0.2486
29874,"Mustard, Spicy Brown",condiments,pantry,732,0.2377,3,-0.2488
7228,Organic Italian Dressing,salad dressing toppings,pantry,1805,0.287,7,-0.2491
39858,Hydrogen Peroxide,first aid,personal care,1023,0.2688,5,-0.2492
48357,Green Split Peas,grains rice dried goods,dry goods pasta,1439,0.2828,6,-0.2493
11308,Murphy Oil Soap Liquid Wood Cleaner,cleaning products,household,679,0.2533,2,-0.2496
8229,Pain Reliever and Fever Reducer Tablets,muscles joints pain relief,personal care,656,0.253,2,-0.2499
10960,Nutritional Yeast Seasoning,spices seasonings,pantry,3324,0.296,8,-0.2501
40925,Ultra Concentrated Original Scent Dishwashing Liquid,dish detergents,household,1288,0.2818,6,-0.2503
10060,Original BBQ Sauce,condiments,pantry,2396,0.2955,8,-0.2506
20638,Coconut Sugar Pure & Unrefined,baking ingredients,pantry,1164,0.2672,5,-0.2509
8006,Chopped Organic Garlic,pickled goods olives,pantry,3939,0.3247,9,-0.2518
36809,Organic Black Chia Seed,nuts seeds dried fruit,snacks,742,0.2345,3,-0.252
15899,Organic Reduced Sodium Tamari,asian foods,international,1667,0.2837,7,-0.2523
32666,Madagascar Pure Vanilla Extract,baking ingredients,pantry,1103,0.2656,5,-0.2524
32638,Red Hot Original Cayenne Pepper Sauce,condiments,pantry,1641,0.2797,6,-0.2524
44282,Himalania Fine Pink Salt,spices seasonings,pantry,556,0.2356,1,-0.2524
38067,Coconut Flakes,baking ingredients,pantry,3468,0.3238,9,-0.2527
44873,Organic Original Barbeque Sauce,marinades meat preparation,pantry,783,0.2337,3,-0.2527
44911,Entrée Containers & Lids,food storage,household,812,0.2328,3,-0.2537
881,Heavy Duty Scrub Sponges,cleaning products,household,2324,0.2922,8,-0.2539
6388,Organic Cocoa Powder,cocoa drink mixes,beverages,560,0.2339,1,-0.2541
11610,Organic Chocolate Syrup,honeys syrups nectars,pantry,1097,0.2634,5,-0.2546
11097,Chipotle Pepprs in Adobo Sauce,latino foods,international,1139,0.2634,5,-0.2547
14242,Organic Sweetened Condensed Milk,baking ingredients,pantry,1129,0.2631,5,-0.255
12845,Chopped Walnuts,nuts seeds dried fruit,snacks,10027,0.3629,10,-0.2553
278,Instant Mashed Potatoes,instant foods,dry goods pasta,897,0.2453,4,-0.2553
32588,Refillable Primordial Himalayan Sea Salt Grinder,spices seasonings,pantry,610,0.2475,2,-0.2554
12385,"Vegetable Base, Organic",soup broth bouillon,canned goods,1143,0.2625,5,-0.2556
14744,Organic Steak Sauce,marinades meat preparation,pantry,702,0.2308,3,-0.2557
6765,Flat Fillets Anchovies,canned meat seafood,canned goods,1005,0.2448,4,-0.2558
46971,Organic Pacific Nori,asian foods,international,548,0.2318,1,-0.2563
26459,"All Purpose Cleaner, Lemon Breeze Scent",cleaning products,household,890,0.2438,4,-0.2568
45097,Sliced Pepperoncini,pickled goods olives,pantry,733,0.2292,3,-0.2573
32677,Bag of Key Limes,fresh fruits,produce,555,0.2306,1,-0.2574
35206,Whitening Plus Scope Crest Complete Whitening + Scope Multi-Benefit Minty Fresh Striped Toothpaste 6.2oz Dentifrice,oral hygiene,personal care,1423,0.2741,6,-0.2581
45543,Medium Buffalo Wing Sauce,marinades meat preparation,pantry,516,0.2287,1,-0.2594
39945,Magic Eraser Extra Power,cleaning products,household,884,0.241,4,-0.2597
9837,Original Cooking Spray,oils vinegars,pantry,2751,0.2864,8,-0.2597
43076,Wide Egg Noodles,dry pasta,dry goods pasta,4158,0.3167,9,-0.2598
23400,Organic Premium Tomato Paste,canned jarred vegetables,canned goods,4091,0.3165,9,-0.26
48697,Canola Oil,oils vinegars,pantry,9783,0.3577,10,-0.2606
49533,Cane Sugar,baking ingredients,pantry,8519,0.3574,10,-0.2608
21010,Organic Crushed Tomatoes with Basil,canned jarred vegetables,canned goods,2621,0.285,8,-0.2611
15887,Rosemary Hand Soap,soap,personal care,782,0.2251,3,-0.2614
31961,Chilpotle Peppers in Adobo Sauce,latino foods,international,1120,0.2562,5,-0.2618
49585,Organic Refined Coconut Oil,oils vinegars,pantry,3734,0.3144,9,-0.2621
5315,Fettuccine Pasta,dry pasta,dry goods pasta,1180,0.2559,5,-0.2621
37634,Toilet Bowl Cleaner with Bleach Rain Clean,cleaning products,household,940,0.2383,4,-0.2623
24492,All Natural Won Ton Wraps,asian foods,international,1312,0.2698,6,-0.2623
26586,Quart Sized  Easy Open Freezer Bags,food storage,household,1217,0.2555,5,-0.2625
47479,Squeeze Real Mayonnaise,condiments,pantry,2065,0.2731,7,-0.2629
45094,Gluten Free Mild Whole Green Chiles,latino foods,international,551,0.225,1,-0.263
26280,Pure Cane Light Brown Sugar,baking ingredients,pantry,748,0.2233,3,-0.2632
48193,Ground Saigon Cinnamon,spices seasonings,pantry,820,0.2232,3,-0.2633
42105,Compostable Basket Coffee Filters,coffee,beverages,825,0.223,3,-0.2634
13525,Balsamic Vinegar,oils vinegars,pantry,1297,0.2683,6,-0.2638
14563,Puff Pastry Sheets,frozen dessert,frozen,1078,0.2542,5,-0.2639
397,Pure Granulated Cane Sugar,baking ingredients,pantry,4334,0.3124,9,-0.2641
42242,Cacao Powder,baking ingredients,pantry,1553,0.2679,6,-0.2643
33984,Blush Wine Vinaigrette Dressing,salad dressing toppings,pantry,1158,0.253,5,-0.265
16432,Organic Honey Gold Potatoes,fresh vegetables,produce,526,0.2224,1,-0.2656
38684,Organic White Chia Seed,grains rice dried goods,dry goods pasta,1190,0.2521,5,-0.2659
38539,Beef Brisket Flat Cut,meat counter,meat seafood,686,0.2362,2,-0.2668
29439,"Wild Non-Pareil Capers, Sunkissed in the Mediterranean",pickled goods olives,pantry,3771,0.3097,9,-0.2668
27475,Nonpareil Capers,pickled goods olives,pantry,606,0.236,2,-0.2669
49481,Original Barbecue Sauce,marinades meat preparation,pantry,2730,0.2788,8,-0.2674
16494,Double Zipper Gallon Freezer Bags,food storage,household,708,0.2189,3,-0.2675
11786,Free & Clear All-Purpose Natural Cleaner,cleaning products,household,1094,0.2505,5,-0.2676
28450,Colagate Total Whitening Toothpaste,oral hygiene,personal care,1202,0.2504,5,-0.2676
3840,Grinder Himalayan Salt Pink,spices seasonings,pantry,796,0.2186,3,-0.2679
20607,Fresh Vanilla Odor Shield Tall 13 Gallon Drawstring Bags,trash bags liners,household,1360,0.264,6,-0.2682
12816,"Heavy Duty 18\"" Aluminium Foil",food storage,household,576,0.2188,1,-0.2693
23516,Organic Unbleached All-Purpose Flour,baking ingredients,pantry,9292,0.3487,10,-0.2695
20022,Granulated White Cane Sugar,baking ingredients,pantry,1904,0.2663,7,-0.2698
44133,Sundried Tomatoes in Olive Oil,canned jarred vegetables,canned goods,803,0.2167,3,-0.2698
17155,Ranch Dip Mix,preserved dips spreads,pantry,889,0.2306,4,-0.27
46672,Complete Clean Power Toilet Bowl Cleaner,cleaning products,household,786,0.2163,3,-0.2702
9000,Organic Yellow Zucchini,fresh vegetables,produce,2162,0.265,7,-0.271
44880,100% Organic Premium Whole Wheat Flour,baking ingredients,pantry,553,0.217,1,-0.2711
24156,Carnation Sweetened Condensed Milk,baking ingredients,pantry,809,0.2151,3,-0.2714
15891,Barbecue Sauce,marinades meat preparation,pantry,1168,0.2457,5,-0.2723
27243,Premium Pure Cane Granulated Sugar,baking ingredients,pantry,7640,0.3458,10,-0.2724
48118,Max Gel Clog Remover,cleaning products,household,2034,0.2635,7,-0.2725
27544,Lemon Verbena Hand Soap,soap,personal care,4951,0.304,9,-0.2725
30073,CASCAD ACTION PACS REG 60CT,dish detergents,household,692,0.2139,3,-0.2726
36810,Original Pancake and Baking Mix,hot cereal pancake mixes,breakfast,1191,0.2452,5,-0.2729
10241,Powdered Confectioners Sugar,baking ingredients,pantry,811,0.2133,3,-0.2731
40603,Fabric Softener Sheets,laundry,household,760,0.2132,3,-0.2733
15622,Chipotle In Adobo Sauce Peppers,latino foods,international,1518,0.2582,6,-0.2739
17025,Country Dijon Mustard,condiments,pantry,1270,0.2441,5,-0.274
11526,Napa Cabbage,fresh vegetables,produce,2430,0.272,8,-0.2741
35866,Mediterranean Sea Salt Grinder,spices seasonings,pantry,654,0.2278,2,-0.2751
6177,Dijon Mustard Squeeze Bottle,condiments,pantry,1831,0.2605,7,-0.2755
29910,Super Moist Yellow Cake Mix,doughs gelatins bake mixes,pantry,607,0.2273,2,-0.2756
16782,Confectioners Powdered Sugar,baking supplies decor,pantry,576,0.2118,1,-0.2762
4619,Original Scent Extra Strength Fabric Refresher Spray,air fresheners candles,household,588,0.2262,2,-0.2767
42976,Wood for Good Almond Scented Polish,cleaning products,household,507,0.211,1,-0.277
43955,White Cooking Wine,oils vinegars,pantry,666,0.2252,2,-0.2777
27418,Storage Bags,food storage,household,913,0.2223,4,-0.2783
16334,Dill Relish,condiments,pantry,558,0.2097,1,-0.2784
43262,Original Sauce,condiments,pantry,4578,0.2979,9,-0.2786
5912,Organic Tarragon,fresh herbs,produce,2551,0.2673,8,-0.2788
48297,Cotija Cheese,packaged cheese,dairy eggs,521,0.2092,1,-0.2788
28330,Organic Ground Korintje Cinnamon,spices seasonings,pantry,1006,0.2217,4,-0.2789
27778,Lemon Echinacea Organic Throat Coat Tea,tea,beverages,1105,0.2389,5,-0.2791
21795,Extra Virgin Olive Oil Rich Taste,oils vinegars,pantry,1356,0.2529,6,-0.2792
15359,All Purpose Flour,baking ingredients,pantry,5270,0.2972,9,-0.2793
47006,Steak Sauce,marinades meat preparation,pantry,711,0.2068,3,-0.2797
29088,Red Hot Buffalo Wings Sauce,condiments,pantry,949,0.2202,4,-0.2804
24516,Pure Cane Dark Brown Sugar,baking ingredients,pantry,579,0.2073,1,-0.2808
12409,Organic Distilled White Vinegar,oils vinegars,pantry,9113,0.3371,10,-0.2811
16462,Ready-to-Bake 9 Inch Pie Crusts,doughs gelatins bake mixes,pantry,3027,0.2643,8,-0.2818
4933,with Olive Oil Mayonnaise,condiments,pantry,611,0.2209,2,-0.282
27451,Almond Meal/Flour,baking ingredients,pantry,4651,0.2943,9,-0.2822
26367,Alcohol-Free Witch Hazel Rose Petal Toner,skin care,personal care,551,0.2051,1,-0.283
45264,Pearl Onions,frozen produce,frozen,1783,0.2529,7,-0.2831
2309,Organic Ground Flaxseed,vitamins supplements,personal care,2544,0.263,8,-0.2831
4392,Lavender Fabric Softening Dryer Sheets,laundry,household,989,0.2174,4,-0.2832
17804,"Pure, All-Natural Clam Juice",canned meat seafood,canned goods,584,0.2192,2,-0.2837
44234,Squeeze Tomato Ketchup,condiments,pantry,7988,0.3339,10,-0.2844
37096,Jet Puffed Miniature Marshmallows,baking ingredients,pantry,2234,0.2516,7,-0.2845
5586,Original Glass Cleaner,cleaning products,household,1906,0.2513,7,-0.2847
30878,Organic Chopped Ginger,condiments,pantry,546,0.2033,1,-0.2848
14673,Natural Glass and Surface Cleaner,cleaning products,household,887,0.2153,4,-0.2853
18091,Daily Moisturizing Lotion,body lotions soap,personal care,681,0.2173,2,-0.2856
40974,Chopped Garlic,spices seasonings,pantry,899,0.2147,4,-0.2859
5933,Wild Caught Frozen Sockeye Salmon Fillet,seafood counter,meat seafood,2941,0.2598,8,-0.2863
46305,Capers,pickled goods olives,pantry,514,0.2004,1,-0.2877
34356,Sundried Tomatoes,grains rice dried goods,dry goods pasta,772,0.1982,3,-0.2883
14197,Tomato Paste,pasta sauce,dry goods pasta,11279,0.3296,10,-0.2887
3869,Organic Sweet Relish,condiments,pantry,2145,0.2466,7,-0.2894
34092,Spicy Brown Mustard,condiments,pantry,1927,0.2465,7,-0.2895
36326,Multipurpose Sealing Wrap 70 Sq. Ft.,food storage,household,713,0.1964,3,-0.2901
43644,Corn Grits,hot cereal pancake mixes,breakfast,631,0.2124,2,-0.2905
34058,Lavender Dryer Sheets,laundry,household,622,0.2122,2,-0.2907
26769,Organic Unrefined Coconut Oil,oils vinegars,pantry,1450,0.2414,6,-0.2908
8442,Caffeine Free Peach DeTox Tea,tea,beverages,517,0.1973,1,-0.2908
22591,Chipotle Peppers in Adobo Sauce,latino foods,international,623,0.2119,2,-0.291
11286,Organic Uncured Beef Hot Dog,missing,missing,518,0.1969,1,-0.2911
48383,Whole Wheat Flour,baking ingredients,pantry,826,0.1949,3,-0.2915
39374,Sea Salt,spices seasonings,pantry,1923,0.2444,7,-0.2916
39512,Sweet Relish,condiments,pantry,862,0.2088,4,-0.2918
46511,Organic Jellied Cranberry Sauce,preserved dips spreads,pantry,786,0.1947,3,-0.2918
3619,Nestle Toll House Premier White Chocolate Morsels,baking ingredients,pantry,525,0.1962,1,-0.2919
39469,Organic Chocolate Flavored Syrup,ice cream toppings,snacks,930,0.2086,4,-0.292
49270,Extra Strength Pain Reliever and Fever Reducer Caplets for Adults,muscles joints pain relief,personal care,636,0.2107,2,-0.2922
20691,Pine Nuts,nuts seeds dried fruit,snacks,1136,0.2254,5,-0.2927
12974,Organic Horseradish Mustard,condiments,pantry,690,0.2101,2,-0.2928
42959,Jet-Dry Original Rinse Aid,dish detergents,household,1478,0.2388,6,-0.2933
32184,Organic Balsamic Vinegar,oils vinegars,pantry,687,0.2096,2,-0.2933
31372,Dark Brown Sugar,baking ingredients,pantry,2230,0.2426,7,-0.2934
35734,Whole Chia Seeds,nuts seeds dried fruit,snacks,2781,0.2521,8,-0.294
41352,Pure Cane Golden Brown Sugar,baking ingredients,pantry,1611,0.2377,6,-0.2944
47865,Quart Storage Bags,food storage,household,3035,0.2507,8,-0.2954
18963,Apple Cider Vinegar,oils vinegars,pantry,9710,0.3214,10,-0.2968
39973,Organic Whole Berry Cranberry Sauce,canned fruit applesauce,canned goods,565,0.1912,1,-0.2969
7751,Tomato Ketchup,condiments,pantry,13039,0.3212,10,-0.297
21810,White Chocolate Baking Chips,baking ingredients,pantry,1018,0.2033,4,-0.2973
1142,Crystal Rain Trigger Glass Cleaner,cleaning products,household,540,0.1907,1,-0.2973
6664,Organic Whole Peeled Plum Tomatoes,canned jarred vegetables,canned goods,1289,0.2343,6,-0.2978
14582,Funfetti Premium Cake Mix With Candy Bits,doughs gelatins bake mixes,pantry,666,0.2042,2,-0.2987
43891,Whole Ground Flaxseed Meal,baking ingredients,pantry,1338,0.2332,6,-0.299
41486,100% Pure Vegetable Oil,oils vinegars,pantry,508,0.189,1,-0.2991
21863,Fire Roasted Red Peppers,canned jarred vegetables,canned goods,669,0.2033,2,-0.2996
21724,Stir-fry Rice Noodles,asian foods,international,2826,0.2459,8,-0.3002
16823,Organic Beef Broth,soup broth bouillon,canned goods,7306,0.3178,10,-0.3004
12419,Organic Sage,fresh herbs,produce,5262,0.2758,9,-0.3008
25283,Lasagne Pasta,dry pasta,dry goods pasta,744,0.1855,3,-0.301
35263,Himalayan Pink Salt,spices seasonings,pantry,1368,0.231,6,-0.3011
5098,Golden Brown Pure Cane Sugar,baking ingredients,pantry,1356,0.2308,6,-0.3013
42117,Original Glass Cleaner With Ammonia-D,cleaning products,household,1237,0.2167,5,-0.3014
41570,Active Dry Yeast,baking ingredients,pantry,4587,0.2749,9,-0.3016
45143,Organic Fillo Dough,frozen breads doughs,frozen,1293,0.2305,6,-0.3017
7704,Liquid Aminos All Purpose Seasoning,spices seasonings,pantry,2463,0.244,8,-0.3021
8136,Bathroom Cleaner Natural Tub + Tile Cleaner,cleaning products,household,933,0.1983,4,-0.3023
2547,Disinfecting Bathroom Cleaner - Lemongrass Citrus,cleaning products,household,585,0.2,2,-0.3029
22533,Honey-Herb Drops Cough Suppressant,cold flu allergy,personal care,610,0.2,2,-0.3029
19005,Jet-Puffed Marshmallows,baking ingredients,pantry,2047,0.233,7,-0.303
9894,Panko Crispy Bread Crumbs,marinades meat preparation,pantry,586,0.1997,2,-0.3033
1416,Organic Caesar Dressing,salad dressing toppings,pantry,1347,0.2287,6,-0.3035
49128,Organic Tamari Gluten-Free Soy Sauce,asian foods,international,1667,0.2322,7,-0.3039
32299,Dijon Mustard,condiments,pantry,5046,0.2719,9,-0.3046
16033,Finely Ground Natural Almond Meal,baking ingredients,pantry,731,0.1806,3,-0.3059
48112,Organic Whole Wheat Flour,baking ingredients,pantry,1122,0.2121,5,-0.3059
43569,Chopped Cilantro 20 Ct,frozen produce,frozen,513,0.1813,1,-0.3068
29382,Pure Vegetable Oil,oils vinegars,pantry,1906,0.2288,7,-0.3073
9159,Chopped Ginger,pickled goods olives,pantry,1222,0.2103,5,-0.3077
5047,Easy Open TabsBags,food storage,household,2691,0.2382,8,-0.3079
28785,Organic Tahini,condiments,pantry,6344,0.2683,9,-0.3082
21681,Sriracha Sauce,condiments,pantry,1599,0.2239,6,-0.3082
952,"Flaxseed Meal, Whole Ground",baking ingredients,pantry,782,0.1777,3,-0.3087
24507,Sun-Ripened Dried Tomatoes,canned jarred vegetables,canned goods,748,0.1765,3,-0.31
17862,Minced Garlic,canned jarred vegetables,canned goods,4994,0.2661,9,-0.3104
12838,Sweet Red Chili Dipping & All-Purpose Sauce,asian foods,international,530,0.1774,1,-0.3107
18557,Original Bar BBQ Sauce,marinades meat preparation,pantry,1793,0.2253,7,-0.3107
19749,"Vanilla Extract, Pure, Madagascar",baking ingredients,pantry,533,0.1764,1,-0.3117
27171,Bread Crumbs,baking ingredients,pantry,2030,0.2241,7,-0.3119
47348,Heavy Duty Aluminum Foil,baking supplies decor,pantry,1530,0.2196,6,-0.3125
35182,Gluten Free Cornbread Mix,doughs gelatins bake mixes,pantry,537,0.175,1,-0.313
35018,Coldcalm Homeopathic Tablets,cold flu allergy,personal care,780,0.1718,3,-0.3147
11837,Pure Dark Brown Cane Sugar,baking ingredients,pantry,1830,0.2213,7,-0.3147
23032,Sriracha Chili Sauce,asian foods,international,4189,0.2616,9,-0.3149
23357,Organic Cocktail Sauce,condiments,pantry,711,0.1716,3,-0.3149
20478,Refined Canola Oil,oils vinegars,pantry,657,0.1872,2,-0.3157
22627,Gluten Free Flour,baking ingredients,pantry,1172,0.2022,5,-0.3158
20920,Sage,fresh herbs,produce,891,0.1841,4,-0.3165
9996,Less Sodium Soy Sauce,asian foods,international,1083,0.2013,5,-0.3168
6141,Low Sodium Beef Broth,soup broth bouillon,canned goods,3539,0.2588,9,-0.3177
30021,Distilled White Vinegar,oils vinegars,pantry,4255,0.2588,9,-0.3177
38896,Gluten Free Tapioca Flour,baking ingredients,pantry,1049,0.2002,5,-0.3179
14429,Organic Ground Black Pepper,spices seasonings,pantry,2761,0.2282,8,-0.3179
37993,Coppertop AA Batteries,more household,household,975,0.1826,4,-0.318
7978,Black Pepper Corns Mill Organic Spices,spices seasonings,pantry,829,0.1677,3,-0.3188
45683,Heavy Duty Scrub Sponge,cleaning products,household,1002,0.1816,4,-0.319
25087,No Boil Lasagna,dry pasta,dry goods pasta,2700,0.227,8,-0.3191
26118,Oven Ready Lasagna,dry pasta,dry goods pasta,1315,0.2129,6,-0.3192
47651,Black Pepper,spices seasonings,pantry,654,0.1835,2,-0.3194
160,100% Recycled Aluminum Foil,baking supplies decor,pantry,3282,0.2255,8,-0.3206
19450,Organic Polenta Corn Grits,baking ingredients,pantry,714,0.1653,3,-0.3212
29694,Organic Coconut Oil,oils vinegars,pantry,2682,0.2248,8,-0.3213
14612,Sea Salt Grinder,spices seasonings,pantry,1294,0.2102,6,-0.3219
6649,Organic Oil Canola,oils vinegars,pantry,1458,0.2085,6,-0.3236
31268,Sandwich Bags,food storage,household,3773,0.2515,9,-0.325
49652,"Drain Cleaner, Fresh Citrus & Sage Fragrance",cleaning products,household,620,0.1774,2,-0.3255
27665,Whole Chia Seed,nuts seeds dried fruit,snacks,553,0.1609,1,-0.3271
17299,Organic Grated Ginger,canned jarred vegetables,canned goods,649,0.1757,2,-0.3273
10494,Original Gluten Free Breadcrumbs,marinades meat preparation,pantry,605,0.1752,2,-0.3277
25355,Wild Caught Anchovy Paste,canned meat seafood,canned goods,525,0.16,1,-0.3281
25170,Soy Sauce,asian foods,international,2279,0.2071,7,-0.3289
12157,Tamari Gluten Free Soy Sauce Reduced Sodium,asian foods,international,2102,0.2069,7,-0.3291
44337,Iodized Salt & Pepper,spices seasonings,pantry,674,0.1736,2,-0.3293
45002,Organic Balsamic Vinegar Of Modena,oils vinegars,pantry,4819,0.2469,9,-0.3296
10447,Pearled Barley,grains rice dried goods,dry goods pasta,613,0.1729,2,-0.33
47065,Semolina Flour,baking ingredients,pantry,637,0.1727,2,-0.3302
22007,Minced Ginger,canned jarred vegetables,canned goods,2437,0.2154,8,-0.3307
11384,Naturally Brewed Soy Sauce,asian foods,international,798,0.1554,3,-0.3311
913,Dry Pasta Lasagne,dry pasta,dry goods pasta,781,0.1549,3,-0.3315
40417,Organic Dill Relish,condiments,pantry,1000,0.169,4,-0.3316
21996,Prepared White Horseradish,condiments,pantry,1277,0.1864,5,-0.3317
5735,Spicy Harissa Sauce,condiments,pantry,550,0.1564,1,-0.3317
27363,Green Curry Paste,asian foods,international,2041,0.2038,7,-0.3322
24382,Ranch Dressing,salad dressing toppings,pantry,6719,0.2846,10,-0.3337
7478,Hoisen Sauce,asian foods,international,533,0.1538,1,-0.3342
33560,Italian Bread Crumbs,marinades meat preparation,pantry,1204,0.1836,5,-0.3345
37931,Minced Onion,spices seasonings,pantry,515,0.1534,1,-0.3347
13510,Simply Organic Garlic Salt,spices seasonings,pantry,1156,0.1834,5,-0.3347
25930,Pure Cane Confectioners 10-X Powdered Sugar,baking ingredients,pantry,1205,0.1826,5,-0.3355
30623,Unsweetened 100% Cocoa,baking ingredients,pantry,934,0.1649,4,-0.3357
45608,Kosher Salt,spices seasonings,pantry,2541,0.2086,8,-0.3375
6890,Red Wine Vinegar,oils vinegars,pantry,539,0.1503,1,-0.3378
46271,Unmodified Potato Starch,baking ingredients,pantry,508,0.1496,1,-0.3384
41779,Premium Plastic Wrap,food storage,household,510,0.149,1,-0.339
44303,Organic Shredded Unsweetened Coconut,baking ingredients,pantry,4094,0.2369,9,-0.3396
30759,Freezer Gallon Bags,food storage,household,1429,0.1924,6,-0.3397
16752,Merry Maraschino Pitted Cherries,ice cream toppings,snacks,523,0.1472,1,-0.3408
14332,Organic Yellow Mustard,condiments,pantry,6046,0.2355,9,-0.341
47099,Oyster Sauce,condiments,pantry,736,0.1454,3,-0.3411
22275,Sriracha Hot Chili Sauce,asian foods,international,3537,0.2347,9,-0.3418
4966,37% Less Sodium Soy Sauce,asian foods,international,2713,0.2035,8,-0.3426
23537,Light Brown Sugar,baking ingredients,pantry,13354,0.2756,10,-0.3427
28826,Parchment Baking Paper,baking supplies decor,pantry,1515,0.1894,6,-0.3427
36736,Iodized Salt,spices seasonings,pantry,2607,0.2033,8,-0.3428
42224,Coppertop AA Alkaline Batteries,more household,household,681,0.1601,2,-0.3429
44904,Garlic Salt,spices seasonings,pantry,971,0.1576,4,-0.343
38970,Organic Light Brown Sugar,baking ingredients,pantry,851,0.1575,4,-0.3431
12592,"Miso, Organic, Mellow, White",asian foods,international,1009,0.1566,4,-0.344
20126,Salt,spices seasonings,pantry,1024,0.1738,5,-0.3442
48204,Tamari Gluten Free Soy Sauce,asian foods,international,1869,0.1915,7,-0.3445
29894,Organic Dark Brown Sugar,baking ingredients,pantry,1501,0.1872,6,-0.3449
43129,Panko Bread Crumbs,marinades meat preparation,pantry,9008,0.2725,10,-0.3457
35249,Cake Blend Unbleached Flour,baking ingredients,pantry,847,0.1547,4,-0.3459
27229,Hoisin Sauce,asian foods,international,613,0.1566,2,-0.3463
47547,Cinnamon,spices seasonings,pantry,2781,0.1988,8,-0.3473
15528,Pure Madagascar Vanilla Extract,baking ingredients,pantry,980,0.151,4,-0.3496
37637,Pure Cane Confectioners Powdered Sugar,baking ingredients,pantry,1720,0.1855,7,-0.3506
38903,Spanish Saffron,spices seasonings,pantry,524,0.1374,1,-0.3507
40141,Original Unflavored Gelatine Mix,doughs gelatins bake mixes,pantry,1189,0.1674,5,-0.3507
42858,Baking Powder Aluminum-Free,baking ingredients,pantry,767,0.1356,3,-0.3509
34278,Prepared Horseradish,condiments,pantry,505,0.1366,1,-0.3514
39375,Mirin Rice Cooking Wine,condiments,pantry,1180,0.1653,5,-0.3528
36364,Organic Corn Starch,baking ingredients,pantry,863,0.1448,4,-0.3558
34099,Crushed Red Chili Pepper,spices seasonings,pantry,705,0.1305,3,-0.356
10568,Plain Bread Crumbs,marinades meat preparation,pantry,1011,0.1444,4,-0.3562
36618,"12\"" Aluminium Foil",food storage,household,1803,0.1791,7,-0.3569
6543,"Garam Masala, Organic",spices seasonings,pantry,727,0.1293,3,-0.3572
20052,Organic Cinnamon Sticks,spices seasonings,pantry,1020,0.1608,5,-0.3573
7632,Old Style Whole Grain Dijon Mustard,condiments,pantry,3133,0.1886,8,-0.3575
500,Non-Scratch Scrub Sponges,cleaning products,household,1770,0.1785,7,-0.3575
44014,Authentic Red Curry Paste,condiments,pantry,3946,0.2184,9,-0.3581
4461,Organic Raw Unfiltered Apple Cider Vinegar,oils vinegars,pantry,8408,0.2588,10,-0.3594
31287,Organic Black Peppercorns,spices seasonings,pantry,1076,0.158,5,-0.3601
19468,Classic Yellow Mustard,condiments,pantry,5158,0.2148,9,-0.3617
46473,Pure Vanilla Extract,baking ingredients,pantry,3162,0.1834,8,-0.3627
18411,100% Pure Sesame Seed Oil,asian foods,international,748,0.123,3,-0.3635
31539,Organic Worcestershire,condiments,pantry,925,0.1362,4,-0.3644
43673,Organic Tellicherry Black Peppercorns,spices seasonings,pantry,914,0.1357,4,-0.3649
13440,Chili Garlic Sauce,asian foods,international,1164,0.1529,5,-0.3651
47752,Roasted White Sesame Seeds,asian foods,international,563,0.1226,1,-0.3655
39054,Unsweetened Cocoa Powder,baking ingredients,pantry,2422,0.1804,8,-0.3657
28527,White Horseradish,condiments,pantry,1242,0.1514,5,-0.3667
30664,Organic Beef Base,soup broth bouillon,canned goods,856,0.1332,4,-0.3674
44628,Organic Dijon Mustard,condiments,pantry,11103,0.2507,10,-0.3675
29935,White Paper 8-12 Cups Basket Coffee Filters,coffee,beverages,680,0.1353,2,-0.3676
11758,Arrowroot Starch/Flour,baking ingredients,pantry,923,0.1322,4,-0.3684
48706,Champagne Vinegar,oils vinegars,pantry,977,0.132,4,-0.3686
17956,Cocoa Powder,cocoa drink mixes,beverages,1448,0.1623,6,-0.3698
22658,Organic Curry Powder,spices seasonings,pantry,542,0.1181,1,-0.37
8988,Organic Garlic Powder,spices seasonings,pantry,3250,0.1754,8,-0.3707
8349,Shredded Coconut Unsweetened,baking ingredients,pantry,630,0.1317,2,-0.3712
18761,Balsamic Vinegar Of Modena,oils vinegars,pantry,2941,0.1738,8,-0.3724
8069,Rice Vinegar,asian foods,international,524,0.1145,1,-0.3736
10243,Parchment Paper,food storage,household,3348,0.1723,8,-0.3738
10565,Mellow White Miso,asian foods,international,1630,0.1577,6,-0.3745
26540,Organic All Vegetable Shortening,baking ingredients,pantry,955,0.1257,4,-0.375
38926,Roasted Peanut Oil,oils vinegars,pantry,713,0.1108,3,-0.3757
7500,Organic Vanilla Extract,baking ingredients,pantry,9450,0.24,10,-0.3782
44461,Cling Wrap Clear Food Wrap,food storage,household,1149,0.1384,5,-0.3797
15610,Balsamic Vinegar of Modena,oils vinegars,pantry,1465,0.1522,6,-0.3799
12679,Peppercorn Medley Grinder,spices seasonings,pantry,882,0.1202,4,-0.3804
1308,Organic Coconut Flour,baking ingredients,pantry,646,0.1207,2,-0.3822
26307,Aged Red Wine Vinegar,oils vinegars,pantry,1591,0.149,6,-0.3832
17375,Organic Cornstarch,baking ingredients,pantry,670,0.1194,2,-0.3835
6061,Wax Paper,kitchen supplies,household,815,0.1018,3,-0.3846
48017,Organic Hoisin Sauce,marinades meat preparation,pantry,2012,0.1471,7,-0.3889
35769,Pure Foods Sea Salt Iodized,spices seasonings,pantry,1133,0.128,5,-0.3901
481,Black Peppercorns,spices seasonings,pantry,3020,0.155,8,-0.3911
23405,Pure Baking Soda,baking ingredients,pantry,7952,0.227,10,-0.3912
29740,Organic Chili Powder Blend,spices seasonings,pantry,1748,0.1442,7,-0.3919
49480,Coarse Ground Black Pepper,spices seasonings,pantry,555,0.0955,1,-0.3926
37033,Non-Stick Parchment Paper,baking supplies decor,pantry,1647,0.139,6,-0.3931
22034,Rosemary,spices seasonings,pantry,2684,0.1524,8,-0.3937
48437,Coarse Kosher Salt,spices seasonings,pantry,2991,0.1505,8,-0.3957
17747,Plastic Wrap,paper goods,household,2847,0.15,8,-0.3961
36793,Italian Seasoning,spices seasonings,pantry,504,0.0913,1,-0.3968
9594,Cumin,spices seasonings,pantry,815,0.0896,3,-0.3969
43920,Organic Powdered Sugar,baking ingredients,pantry,3641,0.1782,9,-0.3983
95,Organic Rice Vinegar,asian foods,international,2787,0.1478,8,-0.3983
7746,Oregano,spices seasonings,pantry,5482,0.1779,9,-0.3986
16726,Roasted Red Chili Paste,asian foods,international,865,0.1006,4,-0.4
35725,Organic Oregano,spices seasonings,pantry,3123,0.1457,8,-0.4004
13924,Curry Powder,spices seasonings,pantry,903,0.0997,4,-0.4009
31066,Aluminum Foil,food storage,household,10774,0.2173,10,-0.4009
45258,Parsley Flakes,spices seasonings,pantry,552,0.087,1,-0.4011
31662,Organic White Wine Vinegar,oils vinegars,pantry,1121,0.1169,5,-0.4012
14287,White Wine Vinegar,oils vinegars,pantry,610,0.1016,2,-0.4013
23726,Aluminum Free Baking Powder,baking ingredients,pantry,870,0.0989,4,-0.4018
5006,Cornmeal Medium Grind,baking ingredients,pantry,737,0.0841,3,-0.4023
47500,Coarse Sea Salt,spices seasonings,pantry,2006,0.1336,7,-0.4024
11577,Pure Ground Black Pepper,spices seasonings,pantry,853,0.0973,4,-0.4033
16325,Turmeric,spices seasonings,pantry,1544,0.1276,6,-0.4045
41055,Organic Red Wine Vineger,oils vinegars,pantry,2586,0.1415,8,-0.4046
14849,Ground Turmeric,spices seasonings,pantry,582,0.0825,1,-0.4056
44813,Seasoning Salt,spices seasonings,pantry,596,0.0973,2,-0.4056
5266,Fish Sauce,marinades meat preparation,pantry,1263,0.1085,5,-0.4096
35217,Toasted Sesame Seed Oil,oils vinegars,pantry,3910,0.1668,9,-0.4097
1942,Aged White Wine Vinegar,oils vinegars,pantry,1322,0.1203,6,-0.4119
884,Dried Parsley Flakes,spices seasonings,pantry,1002,0.0868,4,-0.4138
33493,Cotton Swabs,eye ear care,personal care,4197,0.1625,9,-0.414
41006,Organic Onion Powder,spices seasonings,pantry,1768,0.121,7,-0.415
24720,Organic Fennel Seed,spices seasonings,pantry,535,0.0729,1,-0.4152
16834,Premium Quality Cornstarch,baking ingredients,pantry,577,0.0728,1,-0.4153
23001,Genuine Brewed Rice Vinegar,asian foods,international,2144,0.1203,7,-0.4157
10107,Light Corn Syrup with Real Vanilla,honeys syrups nectars,pantry,501,0.0719,1,-0.4162
1830,Organic Almond Extract,baking ingredients,pantry,698,0.0702,3,-0.4163
14976,Organic Paprika,spices seasonings,pantry,1123,0.1015,5,-0.4165
37458,Crushed Red Peppers,spices seasonings,pantry,1014,0.0838,4,-0.4168
9327,Garlic Powder,spices seasonings,pantry,6299,0.158,9,-0.4185
19519,Organic Bay Leaves,spices seasonings,pantry,2091,0.1167,7,-0.4194
13212,Ground Black Pepper,spices seasonings,pantry,4173,0.1553,9,-0.4212
40256,Cinnamon Sticks,spices seasonings,pantry,1148,0.0967,5,-0.4214
5878,Organic Ground Cardamom,spices seasonings,pantry,799,0.0651,3,-0.4214
41483,Smoked Paprika,spices seasonings,pantry,897,0.0792,4,-0.4215
11198,Seasoning Paprika,spices seasonings,pantry,1082,0.0961,5,-0.4219
5621,Sea Salt Fine Crystals,spices seasonings,pantry,4626,0.1546,9,-0.4219
22000,The Original Worcestershire Sauce,condiments,pantry,2439,0.1238,8,-0.4223
31275,Organic High Fiber Coconut Flour,baking ingredients,pantry,1515,0.1069,6,-0.4252
43371,Crushed Red Pepper,spices seasonings,pantry,2627,0.1195,8,-0.4266
6135,Cream Of Tartar,spices seasonings,pantry,908,0.0727,4,-0.4279
46962,Organic Ground Cumin,spices seasonings,pantry,4025,0.1483,9,-0.4282
26764,Seasoning,spices seasonings,pantry,720,0.0569,3,-0.4295
1359,Organic Turmeric,spices seasonings,pantry,2839,0.1166,8,-0.4295
39265,Ground Coriander,spices seasonings,pantry,745,0.0564,3,-0.4301
8854,"Seasoning, Italian",spices seasonings,pantry,1280,0.1016,6,-0.4306
35209,Ground White Pepper,spices seasonings,pantry,505,0.0574,1,-0.4306
12260,Ground Cinnamon,spices seasonings,pantry,1823,0.1048,7,-0.4313
40470,Basil Leaves,spices seasonings,pantry,589,0.0713,2,-0.4316
11755,Chili Powder,spices seasonings,pantry,2352,0.1118,8,-0.4343
4031,Unsulphured Blackstrap Molasses,honeys syrups nectars,pantry,686,0.0685,2,-0.4344
123,Sherry Reserve Vinegar,oils vinegars,pantry,846,0.0662,4,-0.4344
35333,Seasoning Bay Leaf,spices seasonings,pantry,1076,0.079,5,-0.4391
22497,Oregano Leaves,spices seasonings,pantry,865,0.059,4,-0.4416
30064,Double Acting Baking Powder,baking ingredients,pantry,1356,0.09,6,-0.4422
17619,Premium Fish Sauce,asian foods,international,2024,0.0939,7,-0.4422
13231,Organic Cayenne Pepper,spices seasonings,pantry,1434,0.09,6,-0.4422
28805,100% Pure Corn Starch,baking ingredients,pantry,1165,0.0747,5,-0.4434
37107,Ground Cumin,spices seasonings,pantry,4486,0.1317,9,-0.4448
46359,Organic Ground Ginger,spices seasonings,pantry,1511,0.0867,6,-0.4454
29079,Seasoning Curry Powder,spices seasonings,pantry,1681,0.0904,7,-0.4456
35838,Cumin Seed,spices seasonings,pantry,1009,0.0545,4,-0.4461
45664,Onion Powder,spices seasonings,pantry,3047,0.0975,8,-0.4486
49284,Fennel Seed,spices seasonings,pantry,850,0.0506,4,-0.45
6020,Organic Crushed Red Pepper,spices seasonings,pantry,1441,0.0819,6,-0.4503
37120,Dill Weed,spices seasonings,pantry,925,0.0497,4,-0.4509
23180,Ground Nutmeg,spices seasonings,pantry,603,0.0498,2,-0.4532
34592,Organic Allspice,spices seasonings,pantry,579,0.0311,1,-0.457
5605,Sesame Seed,spices seasonings,pantry,1968,0.0788,7,-0.4573
12113,Corn Starch,baking ingredients,pantry,1831,0.0748,7,-0.4612
7513,Round Toothpicks,plates bowls cups flatware,household,587,0.0409,2,-0.462
25089,Whole Cloves,spices seasonings,pantry,649,0.0385,2,-0.4644
33884,Bay Leaves,spices seasonings,pantry,2898,0.0773,8,-0.4688
35973,Paprika,spices seasonings,pantry,2837,0.0772,8,-0.4689
2380,Cayenne Pepper,spices seasonings,pantry,1683,0.0624,7,-0.4737
44626,Ground Allspice,spices seasonings,pantry,605,0.0264,2,-0.4765
8203,Ground Ginger,spices seasonings,pantry,1726,0.0591,7,-0.4769
6288,Ground Cloves,spices seasonings,pantry,647,0.0247,2,-0.4782
42421,Organic Ground Nutmeg,spices seasonings,pantry,1055,0.0351,5,-0.483
44912,Baking Powder,baking ingredients,pantry,4041,0.0898,9,-0.4867
