user_id,u_n_orders,u_total_items,u_n_products,u_n_aisles,u_avg_basket,u_avg_gap,u_sd_gap,u_reorder_rate,n_candidates,expected_basket,n_recommended,n_actual
26841,16,136,52,27,8.5,16.7333,10.2013,0.6176,52,4.3587,6,2
18819,3,30,22,7,10.0,17.0,12.7279,0.2667,22,3.7982,5,5
18441,11,75,59,25,6.8182,12.2,11.1136,0.2133,59,2.0243,3,2
88732,5,34,24,19,6.8,16.75,2.2174,0.2941,24,3.3848,5,1
92432,5,70,41,23,14.0,24.25,11.5,0.4143,41,9.3139,12,10
109783,19,169,121,61,8.8947,5.4444,3.0529,0.284,121,5.1093,7,4
157321,4,43,33,20,10.75,24.3333,9.815,0.2326,33,4.9981,6,7
68926,23,149,26,16,6.4783,9.8182,7.9859,0.8255,26,4.8618,6,10
153000,14,70,56,32,5.0,10.9231,10.8663,0.2,56,2.0925,3,2
171939,6,53,45,23,8.8333,18.8,12.2147,0.1509,45,2.6363,4,5
100228,12,163,77,25,13.5833,20.2727,9.4243,0.5276,77,9.1373,11,11
157611,20,203,123,56,10.15,15.8421,10.0899,0.3941,123,8.5299,11,9
185161,5,37,34,18,7.4,25.25,9.5,0.0811,34,1.9326,3,1
173196,10,89,45,25,8.9,21.0,10.2103,0.4944,45,5.2651,7,7
100206,8,182,69,33,22.75,13.7143,10.1934,0.6209,69,18.4497,23,17
204089,13,157,109,50,12.0769,12.5,8.3937,0.3057,109,5.7638,7,14
154897,33,136,30,12,4.1212,5.75,4.8593,0.7794,30,4.7866,6,3
24053,17,234,113,54,13.7647,18.0625,9.2048,0.5171,113,11.4119,14,11
154001,69,816,375,89,11.8261,4.7059,5.6833,0.5404,375,10.4125,13,2
204182,6,46,25,11,7.6667,6.6,3.5777,0.4565,25,4.8922,6,2
115220,5,23,20,17,4.6,21.5,13.1783,0.1304,20,1.0196,2,1
11703,22,361,144,58,16.4091,13.7143,8.9339,0.6011,144,14.454,18,18
190169,3,12,8,7,4.0,20.0,14.1421,0.3333,8,1.6577,2,2
206133,4,21,21,11,5.25,19.3333,10.504,0.0,21,1.5965,2,1
81685,4,7,3,3,1.75,22.3333,13.2791,0.5714,3,1.0536,2,1
118706,3,39,31,21,13.0,8.0,4.2426,0.2051,31,6.7192,9,6
116676,12,28,13,11,2.3333,15.8182,11.2678,0.5357,13,1.6152,2,1
176094,3,36,32,20,12.0,25.0,7.0711,0.1111,32,3.3036,4,5
17910,10,126,51,19,12.6,21.2222,10.7561,0.5952,51,8.6071,11,10
140129,60,673,206,63,11.2167,5.9322,3.4133,0.6939,206,10.1527,13,7
73065,17,206,64,14,12.1176,6.3125,1.9906,0.6893,64,10.3322,13,11
31840,40,979,175,56,24.475,8.9487,6.4602,0.8212,175,23.8678,29,22
128296,5,28,23,19,5.6,5.75,1.893,0.1786,23,2.9592,4,3
54961,8,109,71,26,13.625,17.5714,12.0258,0.3486,71,7.8577,10,7
29398,20,144,59,23,7.2,14.9474,11.1578,0.5903,59,5.9188,8,6
125219,6,40,35,23,6.6667,27.8,4.9193,0.125,35,2.5098,4,9
178297,9,81,71,33,9.0,18.875,11.4198,0.1235,71,2.8315,4,0
175591,99,536,128,52,5.4141,3.3571,2.3165,0.7612,128,5.0598,7,6
95169,8,137,75,41,17.125,16.5714,11.6456,0.4526,75,14.8431,18,6
33261,14,94,69,28,6.7143,11.6923,8.2904,0.266,69,2.7002,4,1
26352,6,148,96,31,24.6667,20.0,8.86,0.3514,96,11.2961,14,15
68041,17,271,88,45,15.9412,18.8125,8.3922,0.6753,88,14.2727,18,14
195588,17,196,68,33,11.5294,13.6875,9.9513,0.6531,68,11.0996,14,8
114598,4,22,18,12,5.5,15.3333,13.6504,0.1818,18,2.2552,3,2
169461,7,60,42,32,8.5714,24.3333,6.6533,0.3,42,2.4306,3,3
155361,7,69,48,23,9.8571,17.8333,10.496,0.3043,48,4.6444,6,2
126292,15,78,62,19,5.2,14.0,10.3923,0.2051,62,2.3392,3,4
64298,15,279,106,53,18.6,16.5,6.9918,0.6201,106,12.6361,16,14
4289,20,92,59,25,4.6,10.0526,8.4095,0.3587,59,2.1319,3,2
100237,5,8,2,2,1.6,16.0,4.0825,0.75,2,1.4959,2,1
16116,9,106,60,35,11.7778,19.25,10.5661,0.434,60,6.6686,9,8
23922,6,73,40,13,12.1667,30.0,0.0,0.4521,40,6.6188,8,9
13557,22,199,122,50,9.0455,10.1429,8.9347,0.3869,122,5.1113,7,3
21140,3,16,16,11,5.3333,30.0,0.0,0.0,16,0.718,1,0
146502,12,128,60,29,10.6667,17.2727,5.5694,0.5312,60,8.7547,11,9
169977,3,11,7,7,3.6667,27.0,4.2426,0.3636,7,2.2302,3,3
89453,7,38,23,17,5.4286,14.6667,13.3666,0.3947,23,2.267,3,2
66747,6,26,18,12,4.3333,26.6,4.98,0.3077,18,2.6343,4,0
90385,9,20,9,8,2.2222,23.0,8.7014,0.55,9,1.649,2,2
139013,5,24,17,13,4.8,27.25,5.5,0.2917,17,2.187,3,0
109734,13,223,113,54,17.1538,17.9167,7.6451,0.4933,113,12.1953,15,9
296,6,30,27,13,5.0,6.8,12.9885,0.1,27,1.5399,2,0
133623,8,44,38,22,5.5,13.7143,9.8101,0.1364,38,1.9874,3,0
126337,28,401,157,54,14.3214,7.1111,5.8067,0.6085,157,13.756,17,6
42867,6,68,42,17,11.3333,10.8,4.8683,0.3824,42,5.6175,7,8
67828,9,68,62,28,7.5556,22.875,9.8043,0.0882,62,1.858,3,4
21017,21,92,29,17,4.381,15.2,6.7011,0.6848,29,2.6034,4,3
146797,4,90,73,28,22.5,22.0,13.8564,0.1889,73,10.0695,13,12
689,3,49,43,25,16.3333,30.0,0.0,0.1224,43,5.2355,7,7
170959,10,77,47,32,7.7,6.4444,7.4349,0.3896,47,4.5015,6,9
96355,12,206,136,45,17.1667,20.0,7.2664,0.3398,136,8.1753,10,7
179012,5,28,17,14,5.6,12.0,5.099,0.3929,17,3.5337,5,3
201730,15,104,39,25,6.9333,3.7857,3.3323,0.625,39,5.5958,7,8
137525,4,62,42,17,15.5,19.6667,4.5092,0.3226,42,7.308,9,5
26201,3,57,48,31,19.0,24.5,7.7782,0.1579,48,4.9561,6,1
145673,3,8,3,2,2.6667,30.0,0.0,0.625,3,1.5333,2,3
94041,19,279,89,33,14.6842,12.8889,5.5401,0.681,89,12.7761,16,10
71285,8,102,70,42,12.75,15.2857,6.5247,0.3137,70,7.7405,10,11
42132,11,109,82,29,9.9091,12.5,9.1561,0.2477,82,5.7406,7,3
177419,21,144,102,53,6.8571,13.6,9.3437,0.2917,102,3.1815,4,3
117195,13,162,90,49,12.4615,21.8333,8.5049,0.4444,90,7.6937,10,10
12284,19,135,68,39,7.1053,7.0556,6.366,0.4963,68,3.6285,5,8
58273,8,26,20,13,3.25,24.2857,8.0356,0.2308,20,1.2789,2,3
142655,10,36,21,16,3.6,3.0,2.3979,0.4167,21,2.3519,3,1
59191,99,370,43,19,3.7374,1.7755,1.5895,0.8838,43,4.3098,6,1
17447,4,14,13,10,3.5,12.6667,15.308,0.0714,13,0.6744,1,0
24195,89,692,277,61,7.7753,4.0455,3.3319,0.5997,277,5.4818,7,7
137898,4,43,37,22,10.75,23.6667,10.9697,0.1395,37,3.3324,4,2
156607,29,54,14,8,1.8621,12.6071,6.5622,0.7407,14,1.5356,2,2
62998,25,404,80,28,16.16,11.0,8.9102,0.802,80,15.7416,19,23
17422,6,70,40,25,11.6667,19.6,10.9225,0.4286,40,7.0266,9,9
142638,6,57,47,23,9.5,8.2,3.2711,0.1754,47,3.4719,5,6
65040,5,39,25,8,7.8,27.5,5.0,0.359,25,4.0348,5,1
174262,11,71,26,13,6.4545,15.5,8.4623,0.6338,26,4.899,6,4
38052,11,139,74,34,12.6364,19.7,8.8826,0.4676,74,5.5524,7,3
160254,6,24,15,11,4.0,10.0,12.9808,0.375,15,1.5771,2,4
20869,9,136,71,30,15.1111,7.875,4.5806,0.4779,71,12.6681,16,17
47595,3,22,20,17,7.3333,25.5,6.364,0.0909,20,1.731,3,6
158213,55,700,134,48,12.7273,6.5185,4.8007,0.8086,134,10.2896,13,1
40903,22,381,127,49,17.3182,14.5714,9.3358,0.6667,127,19.1168,23,25
20587,6,73,33,17,12.1667,23.4,9.3702,0.5479,33,8.3648,11,12
61695,25,102,78,30,4.08,12.375,8.7567,0.2353,78,2.0256,3,2
5670,6,40,25,20,6.6667,26.6,4.2778,0.375,25,3.6632,5,1
99211,11,112,70,30,10.1818,15.6,7.8344,0.375,70,5.2849,7,5
178675,3,36,27,12,12.0,12.0,11.3137,0.25,27,4.317,6,1
200482,29,123,38,24,4.2414,10.1429,8.7038,0.6911,38,3.0469,4,3
160033,31,168,53,24,5.4194,9.3333,7.3406,0.6845,53,3.1365,4,10
62375,5,67,37,22,13.4,16.0,4.2426,0.4478,37,13.0964,16,14
61038,6,44,37,26,7.3333,4.2,2.9496,0.1591,37,3.3349,5,5
76154,12,312,164,54,26.0,17.6364,8.2979,0.4744,164,18.747,23,24
51454,18,108,59,24,6.0,12.6471,9.0688,0.4537,59,3.1205,4,5
112644,17,118,29,18,6.9412,15.0,8.3347,0.7542,29,6.0363,8,6
43729,4,40,26,11,10.0,7.0,1.7321,0.35,26,6.2596,8,4
140604,8,44,23,17,5.5,17.8571,10.0404,0.4773,23,3.8333,5,5
158725,5,66,54,25,13.2,17.0,9.8319,0.1818,54,6.7109,9,9
179596,19,184,94,36,9.6842,14.8889,9.2666,0.4891,94,6.4412,8,5
202385,4,46,36,25,11.5,15.6667,12.5033,0.2174,36,4.4296,6,4
100083,3,44,32,22,14.6667,16.5,12.0208,0.2727,32,6.6458,8,6
3149,3,20,14,10,6.6667,14.5,3.5355,0.3,14,3.4086,5,3
17830,36,684,165,54,19.0,9.4,5.7456,0.7588,165,24.8723,30,30
99794,6,71,48,26,11.8333,25.0,11.1803,0.3239,48,6.5128,8,13
77554,9,97,50,29,10.7778,18.375,8.4166,0.4845,50,6.2804,8,8
110976,11,186,73,31,16.9091,20.2,9.0774,0.6075,73,13.5628,17,11
87397,28,313,113,48,11.1786,8.6667,7.1468,0.639,113,6.7969,9,8
172929,15,321,100,42,21.4,15.5,9.6934,0.6885,100,15.1995,19,17
199487,14,118,58,33,8.4286,17.0,9.2646,0.5085,58,4.3157,6,5
191886,20,32,19,17,1.6,15.6842,9.5339,0.4062,19,0.8102,1,0
117891,10,146,76,37,14.6,12.0,8.5586,0.4795,76,9.1842,12,16
197970,82,1468,276,72,17.9024,4.4691,3.2981,0.812,276,10.6269,13,5
133587,3,47,31,15,15.6667,21.0,12.7279,0.3404,31,8.8807,11,10
1534,3,61,40,22,20.3333,24.0,8.4853,0.3443,40,13.0989,16,19
126627,23,117,55,35,5.087,8.4091,7.6448,0.5299,55,2.9251,4,3
114488,3,3,1,1,1.0,30.0,0.0,0.6667,1,0.7441,1,0
149861,13,93,53,34,7.1538,11.0,9.0554,0.4301,53,5.3255,7,4
195229,3,24,21,15,8.0,30.0,0.0,0.125,21,3.0477,4,2
70284,10,94,59,24,9.4,10.6667,12.2882,0.3723,59,4.0576,5,4
196151,3,15,14,11,5.0,14.5,9.1924,0.0667,14,1.4924,2,0
1377,12,13,2,2,1.0833,12.5455,8.7677,0.8462,2,0.9645,2,1
66592,11,126,81,36,11.4545,23.0,8.34,0.3571,81,5.5736,7,10
25080,21,188,40,29,8.9524,13.2,7.5016,0.7872,40,8.2037,10,13
16645,99,1135,228,53,11.4646,3.6224,3.0444,0.7991,228,8.6759,11,10
54615,16,255,146,56,15.9375,14.3333,9.5593,0.4275,146,11.5193,14,10
127739,31,125,63,22,4.0323,4.1,4.7587,0.496,63,2.8469,4,2
22632,9,63,37,18,7.0,10.625,12.1059,0.4127,37,3.435,5,2
11280,3,18,14,10,6.0,30.0,0.0,0.2222,14,2.6036,4,1
106921,4,46,45,29,11.5,30.0,0.0,0.0217,45,2.1884,3,4
81814,5,24,20,11,4.8,3.75,2.5,0.1667,20,1.8884,3,0
192665,6,63,36,18,10.5,18.0,8.86,0.4286,36,6.5726,8,6
135574,39,527,83,32,13.5128,9.3158,7.0255,0.8425,83,11.7226,15,15
124450,8,77,50,24,9.625,17.4286,11.5738,0.3506,50,6.3458,8,5
132079,3,16,14,11,5.3333,15.0,14.1421,0.125,14,1.5884,2,2
19154,16,174,114,38,10.875,6.8667,4.5649,0.3448,114,7.0988,9,9
17835,16,46,35,20,2.875,12.5333,9.078,0.2391,35,1.2279,2,1
152246,7,67,44,19,9.5714,13.0,13.5056,0.3433,44,4.569,6,0
21186,10,107,56,28,10.7,17.5556,10.9214,0.4766,56,6.4908,8,7
175219,3,40,26,14,13.3333,14.5,0.7071,0.35,26,7.7442,10,6
125695,56,327,115,40,5.8393,6.2545,3.0925,0.6483,115,6.064,8,6
113226,32,155,31,15,4.8438,11.4516,6.8256,0.8,31,3.8872,5,4
99482,7,9,3,3,1.2857,18.3333,7.0616,0.6667,3,0.9827,2,1
160901,37,621,228,71,16.7838,8.6389,6.3882,0.6329,228,14.796,18,8
141089,7,123,46,24,17.5714,8.1667,3.1252,0.626,46,14.5907,18,14
172317,30,258,50,27,8.6,11.7931,6.3041,0.8062,50,7.0885,9,13
58511,39,155,16,11,3.9744,7.1842,3.4158,0.8968,16,5.223,7,6
204779,3,8,7,6,2.6667,30.0,0.0,0.125,7,0.7801,1,1
18546,7,58,33,17,8.2857,17.3333,10.5388,0.431,33,4.9519,6,2
52367,4,7,3,3,1.75,30.0,0.0,0.5714,3,1.1213,2,1
67067,34,701,257,68,20.6176,10.6667,7.1531,0.6334,257,16.6268,20,18
93247,4,44,35,25,11.0,17.0,11.2694,0.2045,35,3.8613,5,4
49327,16,187,91,43,11.6875,5.0,2.3299,0.5134,91,5.8721,8,2
201279,6,78,56,32,13.0,21.8,11.6276,0.2821,56,4.7137,6,4
121256,21,85,27,21,4.0476,12.8,8.489,0.6824,27,2.2355,3,2
179231,3,68,38,22,22.6667,18.5,16.2635,0.4412,38,14.8653,18,22
107939,3,9,7,4,3.0,10.5,4.9497,0.2222,7,1.387,2,0
123850,6,110,48,17,18.3333,25.2,5.4498,0.5636,48,15.2331,19,17
61433,9,103,39,20,11.4444,18.375,9.1486,0.6214,39,8.3722,11,14
201820,10,59,49,26,5.9,16.2222,10.4735,0.1695,49,1.5655,2,1
43008,24,98,27,18,4.0833,14.8261,7.7027,0.7245,27,3.4452,5,3
50805,45,660,133,41,14.6667,4.3636,1.8813,0.7985,133,13.7941,17,14
189159,15,329,110,37,21.9333,15.9286,3.6261,0.6657,110,19.4833,24,8
39003,31,161,66,31,5.1935,5.8667,3.4415,0.5901,66,3.2143,4,1
94316,81,387,55,21,4.7778,4.5125,2.0867,0.8579,55,4.2034,6,5
103399,7,96,59,25,13.7143,27.3333,5.1251,0.3854,59,6.9765,9,6
62513,9,24,12,12,2.6667,16.0,10.8628,0.5,12,2.6475,4,2
148207,8,38,34,14,4.75,13.2857,12.325,0.1053,34,1.1492,2,0
110802,26,177,117,49,6.8077,10.8,7.3541,0.339,117,4.2113,6,3
195493,3,22,13,11,7.3333,28.5,2.1213,0.4091,13,5.0787,7,4
145692,9,150,71,29,16.6667,8.75,4.9785,0.5267,71,12.528,16,10
86784,9,49,36,25,5.4444,12.125,11.6673,0.2653,36,2.415,3,0
11136,8,62,49,17,7.75,22.7143,10.7659,0.2097,49,3.0907,4,4
31868,13,123,69,37,9.4615,22.75,7.0081,0.439,69,4.263,6,4
40494,8,90,60,33,11.25,26.4286,5.7982,0.3333,60,4.445,6,3
186660,52,666,249,75,12.8077,6.8235,5.979,0.6261,249,14.2723,18,3
36520,5,55,46,26,11.0,19.5,11.0905,0.1636,46,4.8737,6,7
75196,27,126,50,32,4.6667,6.5385,6.3701,0.6032,50,2.042,3,1
135132,23,185,59,25,8.0435,10.0,7.9881,0.6811,59,11.2881,14,15
118753,4,51,30,18,12.75,21.0,8.544,0.4118,30,7.0598,9,6
145080,19,244,178,67,12.8421,16.9444,8.4469,0.2705,178,5.2983,7,4
158119,7,101,57,41,14.4286,26.8333,7.7567,0.4356,57,10.6475,13,14
122590,45,275,91,39,6.1111,4.5682,3.3369,0.6691,91,5.6193,7,3
116766,62,688,180,60,11.0968,5.8525,4.8402,0.7384,180,10.4159,13,7
166939,3,11,9,8,3.6667,30.0,0.0,0.1818,9,1.651,2,2
91641,5,13,9,8,2.6,30.0,0.0,0.3077,9,1.2739,2,0
148876,7,96,67,28,13.7143,16.8333,10.7966,0.3021,67,9.1054,11,8
127320,10,201,159,54,20.1,25.7778,6.6102,0.209,159,9.2816,12,7
77182,8,149,80,37,18.625,17.1429,8.5912,0.4631,80,9.5953,12,13
24311,3,25,22,16,8.3333,19.0,15.5563,0.12,22,2.8556,4,3
175167,75,667,181,57,8.8933,4.8649,2.7063,0.7286,181,11.627,14,10
21744,24,232,119,43,9.6667,11.3043,7.807,0.4871,119,9.8889,12,11
138209,10,153,88,41,15.3,10.6667,7.7136,0.4248,88,7.7818,10,7
143337,7,45,36,25,6.4286,21.1667,10.0283,0.2,36,2.4096,3,2
117245,8,52,28,18,6.5,11.1429,6.0671,0.4615,28,4.2611,6,1
56340,4,26,23,15,6.5,30.0,0.0,0.1154,23,2.8952,4,5
33617,19,226,48,23,11.8947,6.6667,2.8697,0.7876,48,10.3692,13,10
28906,19,218,99,38,11.4737,10.5,9.0894,0.5459,99,8.0715,10,6
104718,7,77,56,40,11.0,4.5,2.0736,0.2727,56,4.1464,5,11
88818,5,94,83,39,18.8,16.75,10.7819,0.117,83,5.7939,7,13
119843,19,171,89,43,9.0,9.0,6.6332,0.4795,89,5.5006,7,3
141862,3,32,26,15,10.6667,24.0,8.4853,0.1875,26,3.9201,5,1
126531,6,69,43,28,11.5,8.8,7.791,0.3768,43,6.2138,8,5
67284,5,66,56,20,13.2,14.0,13.784,0.1515,56,4.9593,6,5
204458,4,133,95,31,33.25,25.0,8.6603,0.2857,95,16.1308,20,15
59580,16,106,52,36,6.625,14.5333,10.1127,0.5094,52,6.0508,8,9
159317,11,145,84,37,13.1818,18.0,11.6333,0.4207,84,9.3387,12,6
168791,9,73,26,15,8.1111,13.25,9.3159,0.6438,26,6.2626,8,7
87557,16,45,19,12,2.8125,17.8,7.6644,0.5778,19,2.0607,3,1
42084,3,39,29,18,13.0,22.0,11.3137,0.2564,29,5.1162,7,5
82254,6,30,16,15,5.0,10.6,4.5607,0.4667,16,3.0408,4,3
118613,37,443,141,39,11.973,3.6111,2.9498,0.6817,141,11.3686,14,7
11089,4,63,50,32,15.75,8.6667,3.0551,0.2063,50,7.5578,10,7
151330,13,85,50,19,6.5385,18.8333,9.7685,0.4118,50,4.9223,6,6
30400,25,166,43,21,6.64,14.7917,7.4073,0.741,43,5.9365,8,7
142925,4,33,25,15,8.25,13.0,11.1355,0.2424,25,3.9531,5,7
166577,3,17,11,8,5.6667,30.0,0.0,0.3529,11,2.862,4,3
143973,40,452,138,61,11.3,8.2821,7.1633,0.6947,138,7.8439,10,3
66117,31,315,89,38,10.1613,7.3,3.2499,0.7175,89,10.4077,13,7
146375,34,380,221,62,11.1765,7.6061,7.3822,0.4184,221,4.821,6,12
202934,4,49,33,17,12.25,18.3333,2.0817,0.3265,33,6.9624,9,8
36241,54,524,117,46,9.7037,6.0377,5.2145,0.7767,117,10.3797,13,14
51522,30,196,123,49,6.5333,9.3448,7.8798,0.3724,123,3.8665,5,1
47854,15,85,26,12,5.6667,12.4286,9.6454,0.6941,26,4.6136,6,6
133640,29,243,119,40,8.3793,11.8571,8.9099,0.5103,119,5.7912,7,5
36075,7,41,26,15,5.8571,21.8333,7.8846,0.3659,26,2.7895,4,3
7040,5,54,44,26,10.8,11.0,7.5719,0.1852,44,4.2477,6,2
72036,8,54,16,12,6.75,14.1429,10.3187,0.7037,16,4.6724,6,5
298,3,49,27,17,16.3333,19.5,7.7782,0.449,27,11.0841,14,14
52993,30,259,136,49,8.6333,6.3103,6.7776,0.4749,136,5.4953,7,7
87218,10,79,55,19,7.9,13.7778,9.0799,0.3038,55,3.81,5,0
53230,11,133,71,35,12.0909,16.0,9.8093,0.4662,71,7.6967,10,1
154535,4,34,25,15,8.5,19.0,4.5826,0.2647,25,3.8978,5,2
196166,13,130,50,28,10.0,21.8333,7.3957,0.6154,50,6.7781,9,10
696,38,308,86,34,8.1053,8.6486,6.3123,0.7208,86,4.2965,6,5
146543,20,37,7,7,1.85,17.3158,5.6278,0.8108,7,1.4679,2,1
43064,6,44,39,27,7.3333,5.2,3.0332,0.1136,39,2.2626,3,2
147944,43,101,15,12,2.3488,7.8333,5.0554,0.8515,15,3.0334,4,4
112902,3,36,32,22,12.0,22.0,11.3137,0.1111,32,3.4278,5,3
126717,10,107,44,14,10.7,7.0,4.1533,0.5888,44,9.0954,11,9
73395,7,26,23,15,3.7143,4.8333,3.5449,0.1154,23,1.2553,2,1
120621,4,47,31,16,11.75,9.6667,7.6376,0.3404,31,6.2011,8,1
137014,36,333,94,35,9.25,6.4,2.692,0.7177,94,10.8774,14,10
73668,14,150,73,29,10.7143,17.9231,11.1465,0.5133,73,9.7822,12,9
108491,12,155,116,55,12.9167,16.0,6.6783,0.2516,116,5.5855,7,9
148190,27,138,81,22,5.1111,11.4615,7.8037,0.413,81,2.5735,4,2
165310,16,58,39,22,3.625,18.5333,10.6158,0.3276,39,1.5222,2,2
20133,8,116,50,27,14.5,3.8571,3.0237,0.569,50,9.7355,12,19
114725,5,22,20,8,4.4,11.25,3.8622,0.0909,20,1.2355,2,2
71210,7,52,34,22,7.4286,29.6667,0.8165,0.3462,34,4.51,6,3
31665,4,26,16,8,6.5,14.0,12.1244,0.3846,16,4.7427,6,3
79318,19,220,85,31,11.5789,12.1111,7.0951,0.6136,85,9.8469,12,4
45960,12,223,101,45,18.5833,15.8182,7.4137,0.5471,101,8.451,11,25
72936,6,25,14,9,4.1667,15.2,8.0747,0.44,14,2.357,3,2
9437,99,528,47,13,5.3333,3.2245,1.8641,0.911,47,4.3298,6,1
34395,4,31,29,19,7.75,23.6667,10.9697,0.0645,29,1.8129,3,0
155111,9,146,52,27,16.2222,13.125,10.9341,0.6438,52,9.6456,12,16
8760,15,215,85,32,14.3333,16.5,6.0986,0.6047,85,12.6033,16,7
177012,8,79,46,26,9.875,17.2857,11.0108,0.4177,46,5.8993,8,11
53778,60,299,67,32,4.9833,6.0508,3.4111,0.7759,67,5.8865,8,8
72901,49,920,259,66,18.7755,6.9792,5.8181,0.7185,259,13.8154,17,18
87495,48,469,122,37,9.7708,6.1702,4.4101,0.7399,122,9.9015,12,13
154414,4,19,9,7,4.75,20.0,17.3205,0.5263,9,2.9293,4,1
118442,6,17,6,4,2.8333,16.4,9.2898,0.6471,6,1.4434,2,3
112647,11,40,18,11,3.6364,10.2,7.3606,0.55,18,2.4604,3,6
34704,3,36,31,21,12.0,13.5,7.7782,0.1389,31,4.9009,6,2
95709,6,26,25,21,4.3333,17.6,15.2414,0.0385,25,0.9077,2,1
145107,9,85,48,27,9.4444,24.125,5.8904,0.4353,48,5.4102,7,10
110427,9,62,49,23,6.8889,18.375,7.7448,0.2097,49,2.7285,4,5
131320,6,99,66,33,16.5,15.6,9.9146,0.3333,66,10.5743,13,11
57510,3,16,15,12,5.3333,21.5,12.0208,0.0625,15,2.0044,3,3
170209,4,74,47,28,18.5,29.0,1.7321,0.3649,47,9.2925,12,12
193947,6,29,22,16,4.8333,22.8,13.0077,0.2414,22,1.8015,3,0
41980,46,336,121,31,7.3043,7.7778,5.7322,0.6399,121,9.892,12,22
85429,4,27,18,14,6.75,21.0,15.5885,0.3333,18,3.7051,5,3
67252,7,57,44,33,8.1429,14.0,13.2966,0.2281,44,2.4682,3,0
94605,5,49,31,23,9.8,18.75,12.9968,0.3673,31,4.3803,6,3
102091,3,5,5,4,1.6667,25.5,6.364,0.0,5,0.6439,1,1
140735,8,70,37,24,8.75,15.8571,9.0449,0.4714,37,7.2615,9,8
34912,6,43,30,21,7.1667,27.6,5.3666,0.3023,30,3.0631,4,2
190991,13,121,62,37,9.3077,12.3333,7.1138,0.4876,62,7.1336,9,4
97913,12,146,45,19,12.1667,7.6364,3.0748,0.6918,45,9.688,12,11
151677,11,289,75,31,26.2727,9.5,7.5314,0.7405,75,17.2334,21,29
120705,23,188,78,30,8.1739,11.8182,8.8513,0.5851,78,6.2616,8,2
182300,14,249,89,33,17.7857,18.2308,7.7045,0.6426,89,9.8645,12,10
134463,33,244,78,25,7.3939,5.1562,7.3489,0.6803,78,6.3667,8,9
39894,7,39,29,16,5.5714,15.1667,10.8704,0.2564,29,3.4217,5,7
132900,11,85,58,28,7.7273,21.7,8.4728,0.3176,58,4.4557,6,7
75275,21,292,112,39,13.9048,9.6,8.0092,0.6164,112,13.8745,17,15
7225,19,264,112,39,13.8947,14.5,9.2498,0.5758,112,9.2872,12,10
22488,32,545,203,61,17.0312,10.5484,7.5226,0.6275,203,14.4879,18,11
62339,8,89,58,23,11.125,19.8571,10.3026,0.3483,58,7.6705,10,6
56524,4,60,53,29,15.0,19.6667,8.1445,0.1167,53,5.4786,7,3
66823,15,69,42,24,4.6,17.7857,10.0932,0.3913,42,2.3233,3,4
184661,8,64,45,29,8.0,17.1429,5.3363,0.2969,45,3.5131,5,7
15490,3,43,34,20,14.3333,14.0,4.2426,0.2093,34,5.9065,8,8
165503,10,46,16,11,4.6,14.4444,10.6432,0.6522,16,4.4998,6,6
159584,11,52,26,17,4.7273,21.0,9.4163,0.5,26,2.8863,4,2
1401,21,272,142,58,12.9524,14.85,10.2098,0.4779,142,7.9223,10,7
179386,18,139,57,28,7.7222,13.6471,6.7541,0.5899,57,4.7897,6,4
9242,16,410,75,37,25.625,9.8667,6.8438,0.8171,75,25.1967,31,24
85103,7,49,31,18,7.0,25.0,7.7717,0.3673,31,4.3616,6,5
67453,10,111,63,41,11.1,15.3333,8.3815,0.4324,63,6.953,9,4
13883,23,240,123,41,10.4348,10.6364,6.5067,0.4875,123,7.1736,9,6
164235,3,27,20,18,9.0,14.5,9.1924,0.2593,20,3.3068,4,11
137113,4,34,20,15,8.5,27.6667,4.0415,0.4118,20,3.876,5,1
70932,27,289,67,37,10.7037,8.0769,4.2325,0.7682,67,7.7489,10,7
134706,6,19,17,14,3.1667,5.4,1.5166,0.1053,17,1.1354,2,1
203528,43,432,126,41,10.0465,7.4048,6.7284,0.7083,126,7.4597,9,4
122984,37,258,78,29,6.973,9.3333,7.002,0.6977,78,4.6343,6,4
23796,28,271,123,60,9.6786,11.2963,7.135,0.5461,123,8.2314,10,11
176317,5,67,48,29,13.4,10.5,3.4157,0.2836,48,3.3575,5,2
71479,10,153,89,46,15.3,12.7778,9.1211,0.4183,89,7.5149,10,13
144904,63,480,136,42,7.619,5.5323,6.0672,0.7167,136,8.0491,10,6
131626,41,528,138,38,12.878,6.4,6.9901,0.7386,138,15.481,19,13
136825,14,34,13,8,2.4286,9.6154,8.9586,0.6176,13,2.3827,3,4
56009,3,19,11,9,6.3333,13.5,0.7071,0.4211,11,4.2832,6,8
192758,8,181,92,33,22.625,25.2857,7.6749,0.4917,92,15.314,19,8
82291,4,48,42,27,12.0,18.0,10.583,0.125,42,4.1478,5,2
115663,3,23,21,9,7.6667,8.5,4.9497,0.087,21,2.9917,4,1
47167,8,10,3,3,1.25,18.1429,9.1183,0.7,3,0.8967,2,1
113598,3,5,3,3,1.6667,23.5,9.1924,0.4,3,1.2454,2,1
34598,5,59,41,14,11.8,8.75,2.9861,0.3051,41,5.1606,7,7
178612,88,1045,149,56,11.875,4.069,2.2557,0.8574,149,13.9309,17,11
89923,10,38,14,10,3.8,5.8889,1.3642,0.6316,14,3.2663,4,4
81417,25,393,147,53,15.72,9.6667,6.7222,0.626,147,11.4938,14,3
139986,8,73,43,23,9.125,5.8571,3.671,0.411,43,4.2411,6,3
40666,8,102,73,32,12.75,16.2857,6.7259,0.2843,73,7.1572,9,8
111953,11,108,47,21,9.8182,20.3,8.92,0.5648,47,7.5587,10,5
114607,8,52,37,19,6.5,21.2857,9.0132,0.2885,37,4.5183,6,5
62810,3,14,12,8,4.6667,17.0,12.7279,0.1429,12,1.7412,3,2
64912,14,32,16,9,2.2857,23.6154,5.81,0.5,16,1.143,2,4
91059,9,77,52,32,8.5556,24.75,9.9535,0.3247,52,3.3989,5,3
49335,23,67,26,17,2.913,13.3182,6.1674,0.6119,26,2.0156,3,0
187439,5,31,23,14,6.2,13.25,11.8145,0.2581,23,3.6747,5,3
117768,11,149,92,36,13.5455,16.0,10.6562,0.3826,92,7.6925,10,6
115440,4,6,3,1,1.5,30.0,0.0,0.5,3,1.504,2,1
43778,15,272,141,44,18.1333,13.4286,9.4764,0.4816,141,11.3416,14,4
29668,25,161,82,30,6.44,10.4583,9.2453,0.4907,82,4.083,5,6
112356,22,201,59,35,9.1364,14.9524,5.1232,0.7065,59,9.486,12,15
12899,84,1103,92,45,13.131,4.2771,1.8955,0.9166,92,16.0438,20,25
144554,19,424,79,36,22.3158,15.0,8.5337,0.8137,79,20.8629,26,18
95095,5,40,31,21,8.0,11.25,11.9826,0.225,31,3.9534,5,3
47462,8,65,59,35,8.125,15.5714,10.9523,0.0923,59,3.0766,4,6
134641,22,214,56,26,9.7273,14.8095,9.0643,0.7383,56,10.4683,13,13
195088,6,31,19,14,5.1667,23.8,11.2783,0.3871,19,2.8122,4,3
47443,4,141,66,39,35.25,30.0,0.0,0.5319,66,25.0117,31,27
79002,11,87,63,28,7.9091,12.6,8.8969,0.2759,63,5.3322,7,6
155571,13,106,55,30,8.1538,19.3333,9.0386,0.4811,55,6.3732,8,7
117229,6,53,42,20,8.8333,9.4,2.881,0.2075,42,4.2989,6,0
5591,21,93,52,25,4.4286,15.0,8.8793,0.4409,52,3.4746,5,7
35749,11,196,158,57,17.8182,14.5,7.9896,0.1939,158,6.0641,8,8
12976,60,320,91,52,5.3333,6.0339,3.1892,0.7156,91,4.5047,6,5
88460,60,669,148,40,11.15,4.4576,3.5151,0.7788,148,5.1966,7,4
147776,7,53,43,23,7.5714,19.1667,10.0083,0.1887,43,3.008,4,0
20743,10,69,50,23,6.9,17.4444,10.8985,0.2754,50,3.4814,5,3
90619,7,76,41,23,10.8571,22.6667,8.8919,0.4605,41,6.7513,9,9
112361,12,66,40,22,5.5,21.0,9.7468,0.3939,40,4.3824,6,8
12844,6,20,8,6,3.3333,8.2,3.4205,0.6,8,2.9603,4,3
118260,6,62,44,21,10.3333,18.4,13.1453,0.2903,44,4.615,6,6
71790,29,356,169,57,12.2759,10.8214,8.0464,0.5253,169,9.0241,11,8
5735,5,92,58,29,18.4,26.0,8.0,0.3696,58,8.6596,11,10
68966,6,16,15,11,2.6667,22.2,5.2154,0.0625,15,0.7599,1,0
32786,8,58,55,36,7.25,20.1429,8.4544,0.0517,55,1.3881,2,1
132452,16,194,36,22,12.125,3.2667,1.0328,0.8144,36,12.1799,15,12
166679,3,25,22,19,8.3333,18.5,16.2635,0.12,22,2.6696,4,0
35785,27,103,22,9,3.8148,12.8846,5.5809,0.7864,22,3.2649,4,4
159794,15,46,20,8,3.0667,10.6429,9.187,0.5652,20,2.1673,3,4
144172,4,46,32,17,11.5,20.0,15.6205,0.3043,32,5.0847,7,7
17669,11,70,49,27,6.3636,19.7,9.4405,0.3,49,3.9765,5,7
103240,9,93,58,28,10.3333,22.25,9.2234,0.3763,58,5.0093,7,6
78655,8,124,80,32,15.5,22.8571,8.2952,0.3548,80,8.6552,11,1
197489,14,131,55,28,9.3571,20.7692,7.9807,0.5802,55,7.2464,9,5
97116,32,329,156,47,10.2812,7.3871,5.8234,0.5258,156,6.8701,9,6
95335,8,63,36,18,7.875,21.4286,9.4491,0.4286,36,5.0318,7,1
10668,7,21,15,10,3.0,25.6667,7.7115,0.2857,15,2.0429,3,2
55577,38,252,115,47,6.6316,9.6486,6.4516,0.5437,115,3.3785,5,2
186316,3,62,47,29,20.6667,13.0,8.4853,0.2419,47,8.9147,11,2
120282,11,109,60,28,9.9091,20.7,11.9448,0.4495,60,5.7016,7,7
38265,12,54,20,13,4.5,21.8182,7.6527,0.6296,20,3.5865,5,2
45811,8,101,47,22,12.625,13.2857,10.8122,0.5347,47,8.9673,11,9
51303,9,97,53,35,10.7778,13.0,8.8802,0.4536,53,5.154,7,5
141872,7,172,97,40,24.5714,11.1667,4.0702,0.436,97,14.9454,18,20
76626,4,40,37,20,10.0,23.6667,10.9697,0.075,37,3.4902,5,10
132244,30,412,126,34,13.7333,9.069,5.7628,0.6942,126,10.312,13,5
185552,15,160,72,46,10.6667,11.5,9.8274,0.55,72,6.9908,9,9
122140,41,354,145,47,8.6341,6.75,3.2245,0.5904,145,5.9215,8,8
69251,17,111,66,41,6.5294,18.0625,9.241,0.4054,66,4.4949,6,5
107126,4,37,27,16,9.25,25.6667,4.0415,0.2703,27,4.7191,6,4
30709,13,109,72,38,8.3846,9.1667,4.5892,0.3394,72,4.1948,6,11
132518,5,35,26,12,7.0,11.5,11.2101,0.2571,26,3.6851,5,1
119365,28,647,241,71,23.1071,11.7407,8.7994,0.6275,241,18.5674,23,13
131778,14,214,153,52,15.2857,13.4615,8.2927,0.285,153,6.5614,8,2
30273,31,438,155,46,14.129,11.6,6.9411,0.6461,155,12.6738,16,12
159381,3,29,19,16,9.6667,15.0,21.2132,0.3448,19,5.0213,7,6
130399,16,62,28,9,3.875,15.2,12.451,0.5484,28,3.1982,4,7
170718,20,141,56,23,7.05,10.4211,8.2618,0.6028,56,7.1679,9,12
190498,7,19,8,8,2.7143,19.8333,12.1065,0.5789,8,1.8241,3,3
95830,5,55,40,22,11.0,18.25,10.4682,0.2727,40,4.7579,6,9
29434,3,29,23,16,9.6667,12.5,6.364,0.2069,23,3.3675,5,0
199073,7,77,51,26,11.0,23.6667,8.501,0.3377,51,4.4406,6,6
82697,5,92,54,27,18.4,18.25,7.932,0.413,54,11.7179,15,14
134395,11,225,121,49,20.4545,19.1,11.4644,0.4622,121,14.8122,18,5
68780,17,253,152,65,14.8824,11.0625,9.0294,0.3992,152,8.4786,11,1
15847,5,53,38,26,10.6,23.5,12.3423,0.283,38,4.8371,6,5
160674,10,26,12,9,2.6,8.4444,5.3177,0.5385,12,1.4872,2,2
25319,3,7,5,4,2.3333,11.0,11.3137,0.2857,5,1.4862,2,1
167607,25,318,129,47,12.72,12.4583,9.3807,0.5943,129,11.6869,15,5
178522,32,348,70,22,10.875,10.5484,6.212,0.7989,70,11.3277,14,9
79869,8,55,38,18,6.875,18.0,9.2376,0.3091,38,4.5707,6,2
104252,8,83,53,30,10.375,22.5714,10.2771,0.3614,53,6.4484,8,13
3228,59,153,40,26,2.5932,5.8276,4.2597,0.7386,40,2.2399,3,1
195245,9,20,11,9,2.2222,6.75,9.5431,0.45,11,2.0871,3,2
69485,11,117,70,34,10.6364,21.1,10.4717,0.4017,70,6.7017,9,6
76679,60,1018,321,75,16.9667,5.7458,3.477,0.6847,321,13.544,17,4
99087,9,94,86,42,10.4444,18.875,12.6088,0.0851,86,2.9198,4,6
10466,15,175,106,36,11.6667,15.2857,10.5351,0.3943,106,9.2305,12,22
41270,9,43,37,12,4.7778,16.5,9.289,0.1395,37,1.458,2,0
70649,12,125,66,20,10.4167,10.0909,4.5487,0.472,66,5.3197,7,2
49285,3,67,48,29,22.3333,11.5,9.1924,0.2836,48,11.032,14,7
89391,3,17,14,10,5.6667,30.0,0.0,0.1765,14,2.119,3,7
178625,3,19,11,5,6.3333,17.5,17.6777,0.4211,11,3.4428,5,2
46392,10,66,47,25,6.6,25.3333,7.2111,0.2879,47,3.178,4,1
200500,47,431,170,51,9.1702,6.9348,6.7869,0.6056,170,7.8013,10,7
7745,9,95,50,28,10.5556,20.0,8.8318,0.4737,50,4.7938,6,1
60327,9,32,26,15,3.5556,22.625,7.7078,0.1875,26,1.1384,2,0
90630,13,339,168,67,26.0769,21.6667,7.2655,0.5044,168,20.3949,25,31
44598,29,572,198,54,19.7241,6.4643,4.2468,0.6538,198,21.9901,27,14
121086,10,65,20,5,6.5,6.8889,5.1099,0.6923,20,6.2822,8,4
184237,10,146,96,41,14.6,21.2222,12.0807,0.3425,96,10.4606,13,7
70293,13,211,113,47,16.2308,14.3333,8.5529,0.4645,113,8.2535,10,7
196161,5,35,24,14,7.0,11.25,12.6062,0.3143,24,4.7076,6,4
100544,18,85,46,29,4.7222,7.7647,5.2622,0.4588,46,2.4162,3,2
55565,5,66,31,11,13.2,7.0,2.1602,0.5303,31,9.7822,12,6
102293,21,214,59,28,10.1905,8.45,5.6983,0.7243,59,8.7769,11,8
36652,35,468,138,50,13.3714,9.8235,7.0816,0.7051,138,17.3802,21,21
127872,5,46,19,13,9.2,23.75,7.7621,0.587,19,6.9771,9,7
155610,50,690,145,50,13.8,7.2245,3.6244,0.7899,145,10.6548,13,10
72204,16,237,97,53,14.8125,4.2,1.8974,0.5907,97,9.7189,12,9
110596,27,367,126,60,13.5926,3.6923,2.1122,0.6567,126,13.8064,17,20
84680,5,29,17,15,5.8,10.0,9.4163,0.4138,17,2.9973,4,2
50630,7,56,36,20,8.0,10.0,9.2304,0.3571,36,2.9332,4,2
138831,7,77,62,32,11.0,15.8333,11.3211,0.1948,62,3.7223,5,2
59896,4,12,11,9,3.0,9.6667,7.5056,0.0833,11,0.9127,2,0
143654,7,100,76,38,14.2857,25.1667,7.7567,0.24,76,9.0375,11,7
53868,16,195,135,51,12.1875,19.1333,10.0631,0.3077,135,4.9789,6,8
184418,21,148,67,23,7.0476,11.7,8.3168,0.5473,67,6.931,9,7
101575,39,437,193,57,11.2051,8.6842,8.3508,0.5584,193,5.0222,7,2
67455,9,60,52,26,6.6667,20.25,11.1195,0.1333,52,3.5758,5,2
59815,5,17,10,8,3.4,24.25,11.5,0.4118,10,2.0928,3,0
160345,5,45,28,15,9.0,24.25,10.8436,0.3778,28,5.8069,7,4
136134,66,1547,342,74,23.4394,5.4923,3.011,0.7789,342,20.3326,25,16
110092,4,39,32,23,9.75,23.3333,8.3267,0.1795,32,2.8858,4,4
98801,5,68,44,23,13.6,17.75,5.7373,0.3529,44,6.4385,8,7
163231,5,18,11,9,3.6,16.0,16.1864,0.3889,11,2.1473,3,4
19166,37,1172,301,79,31.6757,9.25,5.954,0.7432,301,27.7177,34,36
170272,5,33,27,18,6.6,16.25,10.0125,0.1818,27,2.4723,3,2
53514,6,190,102,25,31.6667,13.0,10.1735,0.4632,102,10.2124,13,24
103835,97,671,138,45,6.9175,3.6562,3.1215,0.7943,138,8.8501,11,5
186492,4,20,19,11,5.0,30.0,0.0,0.05,19,1.1639,2,2
120812,22,243,170,59,11.0455,15.5238,8.8917,0.3004,170,5.6079,7,5
146320,7,29,21,16,4.1429,16.0,10.1193,0.2759,21,1.3203,2,2
120130,6,12,4,4,2.0,11.4,3.1305,0.6667,4,1.3423,2,2
4535,12,41,32,14,3.4167,13.7273,11.0552,0.2195,32,1.3418,2,0
98770,5,79,56,36,15.8,12.25,12.9711,0.2911,56,7.0339,9,10
86427,5,86,72,32,17.2,30.0,0.0,0.1628,72,7.2499,9,1
195769,10,74,72,34,7.4,19.7778,12.4175,0.027,72,1.6129,2,0
84079,75,643,165,46,8.5733,4.8378,2.6485,0.7434,165,6.7797,9,5
87695,3,80,65,33,26.6667,6.5,0.7071,0.1875,65,9.9652,12,5
91632,8,73,56,32,9.125,15.8571,13.7044,0.2329,56,3.4486,5,1
99583,51,704,182,60,13.8039,6.56,4.5363,0.7415,182,13.1234,16,7
51126,58,543,135,52,9.3621,6.2632,3.5078,0.7514,135,12.8915,16,11
153070,4,51,25,10,12.75,12.0,2.6458,0.5098,25,6.8611,9,2
36260,19,141,59,34,7.4211,10.5556,5.5648,0.5816,59,5.8621,8,1
85185,77,262,61,23,3.4026,4.6711,3.6088,0.7672,61,3.7672,5,2
179961,15,83,60,36,5.5333,18.7857,11.7092,0.2771,60,2.0322,3,2
172122,21,108,33,19,5.1429,11.0,6.7434,0.6944,33,3.62,5,5
40723,8,39,13,10,4.875,22.4286,7.3679,0.6667,13,3.9706,5,6
186445,19,43,14,10,2.2632,14.8333,7.9576,0.6744,14,2.1658,3,3
61865,6,40,20,10,6.6667,29.2,1.7889,0.5,20,4.3091,6,5
107342,10,42,19,13,4.2,6.7778,4.6577,0.5476,19,1.928,3,2
9047,9,23,9,8,2.5556,6.625,4.502,0.6087,9,1.508,2,0
130031,22,212,151,45,9.6364,15.9524,8.2914,0.2877,151,5.8537,8,6
60198,12,87,30,16,7.25,23.1818,6.8238,0.6552,30,5.1656,7,5
106436,45,475,112,42,10.5556,8.1818,6.12,0.7642,112,7.5966,10,9
153123,32,552,286,77,17.25,8.8387,6.5528,0.4819,286,12.2742,15,8
68896,11,49,42,16,4.4545,22.2,11.6123,0.1429,42,1.9949,3,0
155018,7,42,22,15,6.0,13.6667,5.7155,0.4762,22,4.5605,6,5
80999,10,80,35,20,8.0,20.5556,10.1503,0.5625,35,6.657,8,3
62293,5,58,43,28,11.6,19.0,13.3417,0.2586,43,3.4015,5,1
102936,6,64,49,33,10.6667,22.4,10.015,0.2344,49,4.0982,5,1
139565,4,91,67,37,22.75,9.0,2.0,0.2637,67,11.6102,14,15
58977,7,42,23,11,6.0,12.5,4.4609,0.4524,23,4.3917,6,3
135666,50,479,116,42,9.58,7.102,5.5274,0.7578,116,6.1178,8,4
9421,6,24,11,9,4.0,24.0,6.364,0.5417,11,2.6096,4,6
128434,21,205,137,46,9.7619,9.75,9.4861,0.3317,137,3.5916,5,1
116906,9,69,46,26,7.6667,20.75,8.049,0.3333,46,3.7606,5,2
135459,11,154,67,41,14.0,6.5,3.0641,0.5649,67,7.1283,9,2
56209,9,35,13,10,3.8889,27.375,5.9746,0.6286,13,3.0557,4,4
140864,16,223,115,54,13.9375,14.4,6.9055,0.4843,115,8.2477,10,0
45439,8,52,36,19,6.5,11.0,4.4721,0.3077,36,3.8593,5,6
158392,3,69,52,22,23.0,23.0,9.8995,0.2464,52,13.6286,17,9
52008,47,2386,399,82,50.766,7.8043,2.4551,0.8328,399,52.6404,64,43
88032,6,112,92,34,18.6667,19.8,13.1225,0.1786,92,8.264,10,11
35471,3,37,25,20,12.3333,30.0,0.0,0.3243,25,5.9309,8,10
135143,3,47,33,22,15.6667,26.5,4.9497,0.2979,33,6.8401,9,4
56653,14,25,13,9,1.7857,17.0769,7.0292,0.48,13,1.4284,2,2
129309,42,591,133,53,14.0714,8.0244,4.9218,0.775,133,12.2557,15,10
203943,13,113,58,33,8.6923,5.8333,3.4068,0.4867,58,5.2618,7,9
12083,8,42,14,8,5.25,16.4286,8.7151,0.6667,14,3.7419,5,5
150276,3,42,33,21,14.0,20.5,2.1213,0.2143,33,5.6763,7,9
200991,5,74,50,25,14.8,15.5,10.4722,0.3243,50,9.8646,12,7
98890,6,67,54,24,11.1667,16.4,8.2037,0.194,54,4.9533,6,8
7378,10,69,44,27,6.9,20.0,9.1104,0.3623,44,3.1123,4,5
18948,39,641,146,51,16.4359,2.5789,1.1302,0.7722,146,12.1119,15,6
159313,9,36,17,13,4.0,16.875,8.3911,0.5278,17,2.918,4,4
201234,5,31,20,16,6.2,15.0,12.3558,0.3548,20,2.857,4,2
8006,5,51,51,33,10.2,26.0,8.0,0.0,51,1.9291,3,0
18760,4,57,45,25,14.25,7.0,2.0,0.2105,45,7.0552,9,11
8399,3,7,7,4,2.3333,16.0,19.799,0.0,7,0.6562,1,0
166036,7,119,78,46,17.0,8.6667,2.8048,0.3445,78,10.4209,13,18
55675,9,15,5,5,1.6667,26.0,5.0427,0.6667,5,1.2928,2,3
3990,26,334,116,41,12.8462,12.16,10.1722,0.6527,116,7.83,10,1
137192,6,44,18,11,7.3333,21.6,10.8305,0.5909,18,4.6709,6,5
10719,4,17,13,8,4.25,9.3333,4.1633,0.2353,13,2.1145,3,3
193102,3,27,21,15,9.0,18.5,16.2635,0.2222,21,4.7125,6,4
50480,3,10,10,9,3.3333,30.0,0.0,0.0,10,0.6823,1,1
177225,5,22,21,18,4.4,28.75,2.5,0.0455,21,1.0255,2,4
157014,7,69,43,22,9.8571,13.8333,5.4924,0.3768,43,6.0218,8,5
136932,6,67,42,18,11.1667,13.0,11.4018,0.3731,42,7.2504,9,7
16515,30,132,18,9,4.4,10.6897,7.0056,0.8636,18,4.2303,6,3
42503,5,50,33,17,10.0,16.75,10.9962,0.34,33,5.7087,7,7
74185,3,49,38,20,16.3333,30.0,0.0,0.2245,38,4.982,6,0
130899,4,24,15,9,6.0,15.6667,12.4231,0.375,15,3.1458,4,4
128277,21,118,48,24,5.619,14.05,9.2933,0.5932,48,5.0548,7,14
112580,36,385,137,56,10.6944,9.8,7.2995,0.6442,137,8.1273,10,7
157592,16,101,69,27,6.3125,16.2667,10.879,0.3168,69,3.0591,4,0
53809,5,20,19,14,4.0,9.25,12.0104,0.05,19,1.225,2,2
32948,3,5,3,3,1.6667,20.5,13.435,0.4,3,0.861,2,0
68964,4,16,13,7,4.0,25.3333,8.0829,0.1875,13,1.3098,2,4
50416,51,407,61,26,7.9804,7.2,3.9693,0.8501,61,6.3578,8,9
14886,6,78,60,38,13.0,25.6,4.827,0.2308,60,6.0138,8,6
99593,3,27,22,19,9.0,8.5,4.9497,0.1852,22,3.7436,5,2
49185,12,143,77,32,11.9167,18.3636,11.8682,0.4615,77,6.0772,8,3
154258,10,146,86,44,14.6,19.1111,9.9177,0.411,86,8.69,11,6
169416,9,127,77,46,14.1111,19.25,10.2085,0.3937,77,8.7409,11,10
141911,24,189,78,30,7.875,13.1739,8.0659,0.5873,78,6.6579,8,9
72661,9,178,106,55,19.7778,13.75,5.9462,0.4045,106,9.267,12,2
141779,32,627,146,60,19.5938,8.8065,6.332,0.7671,146,15.3067,19,16
139585,6,6,1,1,1.0,26.4,4.9295,0.8333,1,0.8079,1,0
160340,5,126,79,40,25.2,6.75,5.8523,0.373,79,8.7961,11,0
64416,17,111,74,32,6.5294,11.5625,10.6831,0.3333,74,3.1118,4,2
165641,3,32,25,12,10.6667,17.5,4.9497,0.2188,25,5.7659,7,7
11581,18,74,32,25,4.1111,11.7059,9.5575,0.5676,32,2.9199,4,5
53557,7,110,72,29,15.7143,9.3333,4.3205,0.3455,72,11.2901,14,8
136598,6,67,46,24,11.1667,13.8,7.8549,0.3134,46,4.8012,6,5
42348,4,38,20,10,9.5,17.3333,7.3711,0.4737,20,7.1261,9,1
162119,3,7,5,5,2.3333,16.5,9.1924,0.2857,5,1.0479,2,1
154849,3,15,7,6,5.0,23.0,9.8995,0.5333,7,3.559,5,3
6992,3,33,26,16,11.0,6.5,2.1213,0.2121,26,5.8584,8,3
125841,4,40,28,18,10.0,21.6667,9.7125,0.3,28,5.2194,7,5
3339,6,163,89,37,27.1667,12.8,4.9699,0.454,89,16.7688,21,16
66688,6,44,28,19,7.3333,25.4,6.5422,0.3636,28,4.4165,6,6
40311,5,59,42,18,11.8,24.25,11.5,0.2881,42,6.0453,8,2
123963,3,24,21,14,8.0,25.5,6.364,0.125,21,4.2315,6,8
114674,6,50,32,22,8.3333,13.6,10.9681,0.36,32,4.8788,6,6
123110,9,143,50,30,15.8889,22.75,10.7005,0.6503,50,12.0704,15,4
91768,14,141,93,40,10.0714,17.3077,9.3931,0.3404,93,6.4603,8,7
174331,6,20,11,9,3.3333,25.2,10.1833,0.45,11,2.4672,3,2
175952,10,128,79,32,12.8,22.3333,8.3964,0.3828,79,10.9592,14,7
194045,42,194,37,12,4.619,8.2195,5.7728,0.8093,37,4.5377,6,9
40962,11,60,41,20,5.4545,7.2,3.4254,0.3167,41,2.362,3,2
63506,16,141,93,45,8.8125,13.4667,9.9848,0.3404,93,4.6503,6,5
129231,20,60,13,5,3.0,9.9474,9.7495,0.7833,13,1.626,2,4
152971,8,38,18,13,4.75,14.8571,9.7027,0.5263,18,2.736,4,6
102143,5,33,15,10,6.6,15.75,4.8563,0.5455,15,3.9824,5,6
138182,8,96,53,20,12.0,13.1429,10.2377,0.4479,53,8.6776,11,4
107293,16,179,64,28,11.1875,11.0667,8.2762,0.6425,64,7.0426,9,6
181657,5,19,14,9,3.8,23.25,10.9962,0.2632,14,1.5657,2,4
63,39,504,197,55,12.9231,9.1316,5.4335,0.6091,197,10.3131,13,12
149982,19,80,59,28,4.2105,8.2778,7.0694,0.2625,59,1.705,3,0
1773,8,97,62,39,12.125,8.4286,2.6367,0.3608,62,7.5006,10,3
159051,14,166,109,37,11.8571,18.5385,9.4306,0.3434,109,6.5295,8,5
92411,5,45,29,19,9.0,14.5,6.3509,0.3556,29,4.2165,6,6
91762,10,34,27,14,3.4,13.8889,9.5844,0.2059,27,1.8294,3,2
189702,6,24,19,12,4.0,17.8,11.8828,0.2083,19,1.4247,2,2
197725,3,26,25,16,8.6667,30.0,0.0,0.0385,25,3.1036,4,3
151455,12,238,126,45,19.8333,11.9091,8.4906,0.4706,126,12.3927,15,10
160011,58,390,128,42,6.7241,5.4912,4.9466,0.6718,128,5.5345,7,17
122785,3,64,49,24,21.3333,5.0,0.0,0.2344,49,8.7741,11,11
46222,19,130,58,28,6.8421,17.8889,7.259,0.5538,58,5.2506,7,5
121555,8,73,52,30,9.125,23.4286,9.5194,0.2877,52,4.6547,6,3
196304,48,473,138,52,9.8542,7.3404,6.8597,0.7082,138,4.0115,5,4
186053,23,231,142,57,10.0435,12.0455,9.4641,0.3853,142,5.3977,7,3
185866,36,690,169,39,19.1667,8.5429,5.0547,0.7551,169,11.9079,15,27
172210,3,26,23,14,8.6667,23.0,9.8995,0.1154,23,3.0021,4,3
186558,11,97,55,25,8.8182,18.1,9.7804,0.433,55,6.9143,9,2
81170,20,156,91,40,7.8,11.8421,8.9954,0.4167,91,4.9407,6,11
181128,12,117,68,33,9.75,12.0,6.738,0.4188,68,6.1084,8,6
44117,16,100,50,25,6.25,14.0667,10.5253,0.5,50,6.0591,8,10
112015,20,481,260,75,24.05,6.9474,3.4717,0.4595,260,14.3302,18,14
204613,56,595,185,57,10.625,6.4545,3.5424,0.6891,185,8.7107,11,12
145853,6,68,41,28,11.3333,10.8,6.7602,0.3971,41,6.6876,9,3
82279,25,320,123,45,12.8,14.0,8.6728,0.6156,123,9.5493,12,8
128877,8,73,47,27,9.125,14.0,11.6476,0.3562,47,4.5032,6,5
94441,12,90,60,33,7.5,21.7273,7.9258,0.3333,60,3.7755,5,3
6514,4,16,12,12,4.0,16.6667,9.2376,0.25,12,2.0694,3,1
85542,20,303,83,29,15.15,12.4737,9.2878,0.7261,83,14.87,18,16
61935,21,198,62,35,9.4286,13.4,10.2053,0.6869,62,10.9993,14,11
44155,9,53,28,17,5.8889,7.25,3.5355,0.4717,28,3.6902,5,1
202427,4,18,8,5,4.5,25.6667,7.5056,0.5556,8,2.9165,4,2
182000,6,41,23,9,6.8333,23.2,9.4446,0.439,23,5.17,7,4
180211,23,73,44,27,3.1739,12.5,8.4445,0.3973,44,1.9619,3,1
18859,16,54,16,12,3.375,8.4,5.2481,0.7037,16,3.6219,5,2
33943,6,76,26,10,12.6667,19.6,9.5026,0.6579,26,9.0665,11,12
156041,15,204,112,38,13.6,3.5,3.6321,0.451,112,9.978,12,10
8047,13,331,188,48,25.4615,9.8333,6.5621,0.432,188,16.1886,20,13
12438,8,144,79,33,18.0,23.4286,9.4138,0.4514,79,11.9359,15,14
38391,48,352,85,34,7.3333,6.8936,6.4815,0.7585,85,8.0467,10,9
53284,40,281,69,32,7.025,6.7949,6.3211,0.7544,69,6.4524,8,6
9053,20,50,5,4,2.5,7.4737,4.4891,0.9,5,2.7488,4,1
27337,19,282,87,35,14.8421,13.5556,7.679,0.6915,87,13.3445,17,14
41602,12,143,105,41,11.9167,14.3636,11.7582,0.2657,105,4.7933,6,6
88864,25,77,24,15,3.08,13.4583,8.9975,0.6883,24,3.003,4,6
114991,10,121,83,48,12.1,19.2222,8.983,0.314,83,5.3073,7,1
85005,11,99,66,36,9.0,11.5,11.2076,0.3333,66,7.1871,9,18
163500,7,76,60,32,10.8571,10.5,10.015,0.2105,60,4.829,6,4
65723,29,201,50,28,6.931,12.4286,4.2638,0.7512,50,7.4182,9,12
69090,7,129,69,41,18.4286,18.0,10.2176,0.4651,69,11.7229,15,11
145144,64,145,34,18,2.2656,5.6667,2.286,0.7655,34,2.06,3,2
149645,63,789,64,15,12.5238,3.4677,1.3271,0.9189,64,12.5961,16,17
60845,8,55,32,15,6.875,10.4286,9.9139,0.4182,32,5.4659,7,2
89397,6,60,54,27,10.0,16.2,9.4446,0.1,54,3.3502,5,2
77597,14,158,90,34,11.2857,19.6154,9.3411,0.4304,90,6.684,9,1
36921,11,137,72,33,12.4545,6.7,4.1379,0.4745,72,9.3668,12,8
53509,6,47,34,18,7.8333,20.0,10.1735,0.2766,34,4.3203,6,1
103497,4,5,4,4,1.25,10.6667,16.773,0.2,4,0.7519,1,0
102099,14,53,17,12,3.7857,11.4615,8.7046,0.6792,17,2.7023,4,3
155187,14,262,107,51,18.7143,7.6923,3.146,0.5916,107,14.6212,18,11
6238,6,73,58,33,12.1667,19.6,8.9051,0.2055,58,4.0961,5,1
6908,5,51,42,32,10.2,11.5,6.245,0.1765,42,5.0869,7,9
134539,17,93,37,24,5.4706,15.375,9.3086,0.6022,37,3.6955,5,5
143864,13,125,73,38,9.6154,20.25,9.6307,0.416,73,4.5512,6,5
52597,25,49,27,16,1.96,13.0833,9.7798,0.449,27,1.2528,2,5
13588,3,27,20,15,9.0,18.5,16.2635,0.2593,20,4.7689,6,5
167331,4,8,3,1,2.0,19.6667,7.2342,0.625,3,1.4567,2,2
1320,25,185,81,38,7.4,10.5,7.0341,0.5622,81,4.7497,6,2
4852,7,54,44,28,7.7143,18.0,9.5289,0.1852,44,3.694,5,3
205233,44,124,56,27,2.8182,8.1395,5.9265,0.5484,56,1.7051,3,1
13628,69,698,249,74,10.1159,3.4706,1.943,0.6433,249,8.1905,10,4
85681,3,21,17,13,7.0,24.0,4.2426,0.1905,17,2.8788,4,3
189223,29,303,143,42,10.4483,11.8214,8.051,0.5281,143,6.9238,9,16
173299,7,102,50,19,14.5714,17.8333,10.6097,0.5098,50,7.117,9,6
45274,3,47,40,24,15.6667,30.0,0.0,0.1489,40,4.5491,6,1
143515,40,517,169,74,12.925,9.2051,3.2621,0.6731,169,9.3484,12,7
112272,12,30,10,7,2.5,13.2727,8.1987,0.6667,10,1.8974,3,3
107675,3,5,4,4,1.6667,30.0,0.0,0.2,4,0.9211,2,0
175442,4,44,27,16,11.0,30.0,0.0,0.3864,27,5.6804,7,9
11069,4,21,17,13,5.25,6.6667,1.5275,0.1905,17,2.443,3,6
24733,7,65,38,23,9.2857,10.1667,7.1391,0.4154,38,4.8405,6,5
38658,10,33,28,22,3.3,4.2222,3.9616,0.1515,28,1.1333,2,0
198800,8,50,40,18,6.25,22.2857,10.5942,0.2,40,2.4455,3,3
4069,28,100,26,14,3.5714,10.037,8.6624,0.74,26,3.3136,4,6
87743,6,52,32,20,8.6667,23.8,6.6106,0.3846,32,4.5527,6,7
31759,6,86,62,23,14.3333,25.8,9.3915,0.2791,62,8.8211,11,7
42241,3,14,12,8,4.6667,26.5,4.9497,0.1429,12,1.9124,3,1
131539,8,77,50,31,9.625,26.4286,6.4513,0.3506,50,6.1471,8,11
172132,4,43,30,19,10.75,22.0,8.0,0.3023,30,5.5275,7,3
173937,34,441,189,53,12.9706,6.3333,3.1885,0.5714,189,7.3556,9,10
137009,3,15,14,12,5.0,30.0,0.0,0.0667,14,1.6532,2,1
102004,4,24,13,12,6.0,30.0,0.0,0.4583,13,3.8503,5,7
89547,7,16,11,8,2.2857,22.8333,8.0353,0.3125,11,1.4168,2,1
38703,9,39,38,24,4.3333,21.5,12.6265,0.0256,38,1.3733,2,0
44572,11,88,55,28,8.0,15.8,10.6854,0.375,55,3.8173,5,2
114507,18,193,146,54,10.7222,14.1176,11.942,0.2435,146,6.2297,8,9
79139,7,103,71,41,14.7143,21.6667,12.9254,0.3107,71,6.8659,9,6
123286,6,20,13,9,3.3333,25.0,10.6301,0.35,13,1.3449,2,1
48121,6,58,48,25,9.6667,11.4,10.5262,0.1724,48,3.9915,5,3
106168,28,280,65,36,10.0,12.9259,7.5393,0.7679,65,10.3305,13,12
133410,7,139,90,27,19.8571,27.3333,4.274,0.3525,90,11.7083,15,15
162996,5,54,32,17,10.8,29.5,1.0,0.4074,32,4.8467,6,7
68622,3,31,19,14,10.3333,18.5,16.2635,0.3871,19,5.2136,7,7
115339,3,16,16,10,5.3333,30.0,0.0,0.0,16,1.5307,2,1
111281,9,163,90,35,18.1111,20.75,10.1805,0.4479,90,10.5723,13,6
183436,10,141,55,35,14.1,19.5556,9.2616,0.6099,55,11.1803,14,19
107907,15,150,56,25,10.0,18.0,9.1399,0.6267,56,9.7355,12,8
80833,17,167,84,46,9.8235,8.4375,5.4524,0.497,84,5.4593,7,1
111127,7,19,11,7,2.7143,28.6667,3.266,0.4211,11,1.7383,3,0
133155,3,40,29,18,13.3333,25.5,6.364,0.275,29,4.9485,6,6
100910,8,90,53,23,11.25,15.0,8.9256,0.4111,53,8.8996,11,14
7128,14,116,73,34,8.2857,12.5385,8.4223,0.3707,73,3.7132,5,4
119423,11,127,83,26,11.5455,4.5,3.0641,0.3465,83,7.3051,9,11
66740,10,122,63,37,12.2,8.6667,4.5277,0.4836,63,7.5325,10,6
82777,8,58,34,18,7.25,21.2857,12.0376,0.4138,34,5.6784,7,9
107908,3,37,30,19,12.3333,30.0,0.0,0.1892,30,5.643,7,7
161565,5,27,21,14,5.4,11.25,2.63,0.2222,21,2.9124,4,5
70072,7,57,35,10,8.1429,13.8333,8.0104,0.386,35,4.8091,6,3
91532,7,10,5,5,1.4286,29.3333,1.633,0.5,5,1.1719,2,1
9013,5,46,42,29,9.2,16.5,10.3441,0.087,42,2.6196,4,4
123322,62,665,246,61,10.7258,5.8689,2.9523,0.6301,246,8.3739,11,4
204560,8,62,33,18,7.75,9.7143,5.5291,0.4677,33,4.7687,6,3
123323,45,1066,152,64,23.6889,8.0455,4.12,0.8574,152,23.3658,29,31
189938,9,80,45,27,8.8889,25.375,8.7658,0.4375,45,5.0081,7,2
126030,5,16,12,7,3.2,23.25,9.4296,0.25,12,2.065,3,1
180270,6,138,81,36,23.0,21.6,11.5239,0.413,81,10.5904,13,19
198056,13,145,73,46,11.1538,20.75,7.8059,0.4966,73,7.8232,10,10
124082,8,47,46,24,5.875,18.4286,12.5014,0.0213,46,1.417,2,0
139997,24,153,28,18,6.375,7.1739,2.4616,0.817,28,5.1156,7,2
33183,4,24,18,13,6.0,30.0,0.0,0.25,18,2.2382,3,5
54146,4,57,40,23,14.25,12.3333,4.9329,0.2982,40,7.4915,9,8
139613,4,36,28,17,9.0,18.0,7.2111,0.2222,28,3.3642,5,1
196105,30,304,85,48,10.1333,8.931,4.4395,0.7204,85,9.763,12,12
5901,18,173,103,46,9.6111,16.7647,8.9619,0.4046,103,5.6582,7,6
48415,26,180,80,44,6.9231,4.76,3.7112,0.5556,80,5.3067,7,2
182383,17,98,65,38,5.7647,9.875,6.0978,0.3367,65,3.4524,5,5
192102,8,99,87,38,12.375,17.2857,12.0929,0.1212,87,3.0189,4,3
141901,15,126,67,31,8.4,16.9286,10.2317,0.4683,67,9.3018,12,11
78052,4,7,6,6,1.75,17.0,11.3578,0.1429,6,0.8191,1,0
35468,4,55,40,26,13.75,14.3333,3.7859,0.2727,40,6.832,9,6
95479,22,215,88,31,9.7727,12.8571,9.2698,0.5907,88,7.2695,9,6
162792,7,64,29,14,9.1429,23.3333,7.3121,0.5469,29,7.5946,10,6
101177,43,148,50,26,3.4419,7.3571,8.0542,0.6622,50,3.362,5,1
196913,33,576,145,50,17.4545,8.4688,4.0797,0.7483,145,14.0076,17,13
102106,47,147,38,26,3.1277,7.8478,5.6881,0.7415,38,2.8016,4,5
79345,40,372,133,55,9.3,9.1026,6.3982,0.6425,133,6.5271,8,5
40857,6,63,25,19,10.5,20.0,6.7454,0.6032,25,7.4562,9,5
17278,12,59,32,15,4.9167,21.0909,12.0038,0.4576,32,2.1974,3,1
145767,35,258,82,30,7.3714,10.0588,7.2235,0.6822,82,4.5265,6,3
41089,5,57,42,24,11.4,28.25,3.5,0.2632,42,5.09,7,6
73811,8,95,57,35,11.875,23.1429,10.746,0.4,57,7.634,10,11
73721,4,21,14,9,5.25,7.3333,10.116,0.3333,14,1.9428,3,1
94344,16,384,133,46,24.0,20.9333,8.447,0.6536,133,16.5352,20,17
51840,16,293,104,48,18.3125,16.3333,10.9588,0.6451,104,14.712,18,21
69663,8,108,64,19,13.5,13.5714,11.3997,0.4074,64,5.3747,7,6
116185,28,193,64,30,6.8929,8.963,6.2356,0.6684,64,6.5877,8,6
105041,3,78,61,23,26.0,12.0,5.6569,0.2179,61,12.1988,15,18
52874,35,228,28,4,6.5143,9.7353,6.2972,0.8772,28,8.4286,11,7
62144,61,201,80,35,3.2951,6.0167,5.4818,0.602,80,3.1998,4,8
114460,12,151,94,44,12.5833,11.5455,9.9736,0.3775,94,7.3022,9,3
92365,4,54,41,22,13.5,27.6667,4.0415,0.2407,41,5.804,7,3
149704,15,221,126,53,14.7333,15.0,10.3031,0.4299,126,8.0731,10,4
37713,3,21,19,15,7.0,18.5,16.2635,0.0952,19,1.2269,2,2
155910,47,490,242,72,10.4255,4.3261,4.719,0.5061,242,8.4213,11,11
173785,19,176,81,35,9.2632,12.1667,10.3767,0.5398,81,7.4113,9,8
65748,3,17,13,7,5.6667,5.0,4.2426,0.2353,13,2.9531,4,2
29971,55,1334,184,57,24.2545,6.6852,2.2304,0.8621,184,19.6216,24,20
127661,99,315,33,17,3.1818,2.7347,4.1729,0.8952,33,3.5697,5,3
117218,12,104,45,27,8.6667,22.9091,7.713,0.5673,45,6.5832,8,9
80975,4,7,5,5,1.75,26.0,5.2915,0.2857,5,0.8439,2,0
203240,13,274,156,54,21.0769,14.1667,12.1119,0.4307,156,15.6393,19,11
82138,23,275,121,35,11.9565,10.8636,7.3504,0.56,121,11.7381,15,17
144414,13,105,76,36,8.0769,6.3333,6.1398,0.2762,76,2.771,4,0
23669,4,25,25,15,6.25,18.0,12.0,0.0,25,1.3506,2,0
145005,6,43,31,15,7.1667,11.0,11.7047,0.2791,31,2.9916,4,4
172484,17,232,172,61,13.6471,4.875,3.2223,0.2586,172,5.7257,7,6
38522,27,379,112,45,14.037,12.8077,5.8036,0.7045,112,11.8416,15,6
51810,3,43,34,20,14.3333,19.5,14.8492,0.2093,34,7.1295,9,5
168813,4,77,46,26,19.25,10.0,4.3589,0.4026,46,10.4092,13,10
154302,16,85,44,20,5.3125,17.9333,9.0354,0.4824,44,2.6441,4,2
117641,8,30,13,10,3.75,10.7143,9.4112,0.5667,13,2.07,3,1
170434,8,24,16,10,3.0,11.7143,5.219,0.3333,16,1.8251,3,1
168831,27,340,169,60,12.5926,12.8077,10.377,0.5029,169,6.7452,9,9
79382,15,70,34,19,4.6667,11.7857,11.6367,0.5143,34,2.5948,4,4
41880,4,27,18,12,6.75,24.3333,9.815,0.3333,18,3.8507,5,4
75623,3,51,43,25,17.0,12.5,3.5355,0.1569,43,5.7634,7,4
17919,11,57,30,12,5.1818,21.6,9.5592,0.4737,30,3.9357,5,2
162002,25,155,82,38,6.2,13.2917,8.5896,0.471,82,2.9509,4,1
42795,59,364,141,49,6.1695,6.0172,4.9293,0.6126,141,5.8613,8,8
182995,33,431,126,48,13.0606,9.9375,6.6911,0.7077,126,15.6806,19,21
148861,89,1159,205,64,13.0225,4.0795,2.1293,0.8231,205,13.0333,16,11
129626,6,15,10,8,2.5,21.8,12.4177,0.3333,10,1.3209,2,1
111279,16,261,154,48,16.3125,9.7333,9.1063,0.41,154,11.5496,14,22
123912,12,99,53,25,8.25,7.2727,3.4955,0.4646,53,5.065,7,3
49128,17,263,89,37,15.4706,12.8125,7.5385,0.6616,89,11.6794,15,9
108373,14,128,100,50,9.1429,5.3077,3.2245,0.2188,100,3.3925,5,3
186448,50,281,149,54,5.62,7.1224,5.2624,0.4698,149,5.3074,7,2
63222,6,105,61,40,17.5,7.0,0.7071,0.419,61,10.9031,14,11
187279,5,55,31,17,11.0,13.5,5.4467,0.4364,31,5.7301,7,4
48634,16,85,30,19,5.3125,21.2,6.9303,0.6471,30,4.5396,6,7
26437,7,59,47,27,8.4286,18.6667,12.5007,0.2034,47,4.4563,6,2
139611,40,417,76,33,10.425,6.5385,2.9455,0.8177,76,8.3975,11,9
36191,12,79,40,24,6.5833,25.1818,6.1938,0.4937,40,4.1941,6,3
169434,30,274,69,34,9.1333,9.1034,7.272,0.7482,69,6.1338,8,0
111292,3,8,7,4,2.6667,19.0,15.5563,0.125,7,0.9863,2,1
189588,42,320,110,36,7.619,5.0976,2.7368,0.6562,110,7.2183,9,9
117703,32,550,176,42,17.1875,8.1935,6.5392,0.68,176,10.1898,13,1
170426,36,385,163,51,10.6944,7.7429,8.9782,0.5766,163,4.1075,5,1
176304,3,20,16,16,6.6667,26.0,5.6569,0.2,16,2.7273,4,3
126289,5,32,19,14,6.4,25.0,10.0,0.4062,19,3.281,4,3
146684,19,152,64,27,8.0,5.8333,4.2875,0.5789,64,5.2547,7,3
174800,11,100,60,29,9.0909,12.7,10.7399,0.4,60,5.6472,7,0
79849,22,271,141,48,12.3182,3.5238,3.6962,0.4797,141,8.2308,10,6
30698,24,242,66,36,10.0833,11.2174,7.9542,0.7273,66,8.617,11,11
115658,13,133,65,28,10.2308,16.0,9.4195,0.5113,65,7.5857,10,10
165205,4,47,34,12,11.75,27.6667,4.0415,0.2766,34,6.34,8,0
129838,28,685,146,54,24.4643,12.8889,5.3661,0.7869,146,24.4408,30,29
137189,12,235,96,40,19.5833,16.1818,7.7177,0.5915,96,20.2631,25,17
138782,28,280,95,33,10.0,12.0741,7.859,0.6607,95,9.3161,12,8
172040,22,312,103,46,14.1818,13.3333,8.2785,0.6699,103,13.9844,17,6
189939,22,51,14,13,2.3182,15.1905,9.1903,0.7255,14,1.7758,3,2
201891,84,582,219,64,6.9286,3.8072,3.4657,0.6237,219,4.8176,6,3
38229,8,47,33,15,5.875,21.2857,10.5942,0.2979,33,1.4153,2,0
176258,4,51,47,24,12.75,19.3333,9.2916,0.0784,47,4.7902,6,4
93469,17,175,96,34,10.2941,12.25,9.0664,0.4514,96,7.1856,9,8
2475,17,222,74,42,13.0588,16.25,9.1031,0.6667,74,9.7209,12,4
169043,15,112,98,46,7.4667,16.1429,11.421,0.125,98,2.1754,3,4
186006,99,413,103,34,4.1717,2.2653,2.2774,0.7506,103,4.1067,5,5
37777,6,66,58,26,11.0,23.8,8.0125,0.1212,58,3.1009,4,6
100323,6,32,16,10,5.3333,22.2,11.1445,0.5,16,2.4123,3,5
151272,9,72,59,26,8.0,10.625,10.3639,0.1806,59,2.7806,4,1
24228,12,51,41,15,4.25,19.7273,9.3925,0.1961,41,2.4354,3,2
153253,3,32,29,17,10.6667,8.5,7.7782,0.0938,29,3.4444,5,7
154344,4,31,25,16,7.75,9.0,4.5826,0.1935,25,4.9827,6,3
68216,4,15,6,4,3.75,24.0,7.2111,0.6,6,2.7146,4,2
49307,54,441,117,41,8.1667,6.566,4.7617,0.7347,117,8.2819,10,5
171225,5,12,6,6,2.4,5.0,3.7417,0.5,6,1.7184,3,2
134694,3,11,10,6,3.6667,16.0,19.799,0.0909,10,0.815,1,1
105669,5,19,14,14,3.8,21.75,11.3248,0.2632,14,1.6622,2,4
185663,4,69,47,26,17.25,14.0,5.0,0.3188,47,10.199,13,13
4616,12,230,121,48,19.1667,12.0909,9.2461,0.4739,121,9.8482,12,10
24526,40,139,23,8,3.475,4.8462,4.338,0.8345,23,3.2115,4,4
58038,58,840,283,74,14.4828,6.2281,2.6593,0.6631,283,12.0105,15,16
195783,10,156,83,34,15.6,22.8889,7.3899,0.4679,83,9.2218,12,14
198376,8,62,42,25,7.75,22.1429,8.9709,0.3226,42,4.8772,6,3
45800,7,78,42,25,11.1429,15.5,10.0946,0.4615,42,7.3226,9,4
18403,8,41,31,20,5.125,8.8571,5.9,0.2439,31,2.3457,3,2
99039,7,71,41,19,10.1429,18.8333,12.937,0.4225,41,6.0524,8,12
5412,13,103,43,25,7.9231,8.0,5.3767,0.5825,43,4.4491,6,5
142492,3,28,23,13,9.3333,30.0,0.0,0.1786,23,3.7997,5,6
174795,23,269,142,53,11.6957,12.0,7.3679,0.4721,142,8.0671,10,8
64423,11,87,40,24,7.9091,8.2,5.5936,0.5402,40,3.2611,4,7
13151,6,92,68,42,15.3333,30.0,0.0,0.2609,68,7.3946,9,8
2518,32,666,172,40,20.8125,5.3226,3.5156,0.7417,172,22.152,27,20
75011,3,17,13,12,5.6667,26.0,5.6569,0.2353,13,2.3806,3,2
26364,15,185,107,40,12.3333,22.8571,6.2124,0.4216,107,7.8255,10,6
22839,5,24,17,12,4.8,25.0,5.831,0.2917,17,1.8208,3,0
18928,5,48,37,21,9.6,22.0,9.2376,0.2292,37,3.1181,4,1
175092,8,87,68,25,10.875,12.0,10.1325,0.2184,68,5.8581,8,14
101066,10,70,40,28,7.0,22.3333,9.0416,0.4286,40,3.7525,5,0
180852,6,42,16,10,7.0,28.2,3.4928,0.619,16,4.3753,6,5
128816,11,83,61,31,7.5455,6.8,3.3267,0.2651,61,4.2216,6,1
96993,19,308,118,52,16.2105,16.6667,8.4436,0.6169,118,10.7367,13,13
35213,24,241,100,39,10.0417,14.2174,7.4159,0.5851,100,11.4678,14,12
100776,4,39,37,26,9.75,18.0,13.7477,0.0513,37,2.5843,4,0
76126,3,12,10,8,4.0,24.5,7.7782,0.1667,10,2.1573,3,1
115222,3,5,5,4,1.6667,17.0,18.3848,0.0,5,0.6873,1,1
83319,20,254,109,32,12.7,15.3684,8.2003,0.5709,109,11.5057,14,13
9849,6,64,52,27,10.6667,11.6,6.8775,0.1875,52,4.8803,6,8
20833,44,469,130,41,10.6591,7.9767,4.4212,0.7228,130,11.4408,14,17
177779,9,147,100,42,16.3333,12.375,9.6797,0.3197,100,6.5442,8,3
110463,4,38,35,17,9.5,22.0,13.8564,0.0789,35,4.6787,6,6
153525,8,83,42,14,10.375,16.1429,10.1887,0.494,42,6.8471,9,9
30349,51,375,81,34,7.3529,6.5,2.6515,0.784,81,8.1166,10,7
4000,42,169,90,40,4.0238,7.4146,6.7564,0.4675,90,2.5053,4,8
150062,48,619,120,39,12.8958,7.5957,3.012,0.8061,120,12.309,15,12
110793,16,155,92,45,9.6875,13.6,8.5256,0.4065,92,5.6032,7,4
101916,18,184,76,34,10.2222,14.0588,10.2132,0.587,76,10.2954,13,13
85179,4,21,14,11,5.25,16.0,13.1149,0.3333,14,2.3806,3,1
159395,9,33,23,16,3.6667,21.25,10.2085,0.303,23,2.0094,3,0
39383,8,18,13,11,2.25,14.8571,12.3346,0.2778,13,1.2689,2,0
67836,6,25,18,16,4.1667,24.8,10.0349,0.28,18,2.4853,3,0
126340,6,112,74,38,18.6667,19.8,9.576,0.3393,74,6.9849,9,3
159506,7,96,68,33,13.7143,9.0,4.899,0.2917,68,7.3455,9,5
87049,9,28,16,12,3.1111,23.5,8.4684,0.4286,16,1.8284,3,6
76976,20,245,95,33,12.25,16.7895,8.4168,0.6122,95,11.6236,14,18
192138,7,59,48,27,8.4286,12.6667,7.4476,0.1864,48,3.8026,5,12
135045,4,10,7,6,2.5,22.3333,13.2791,0.3,7,1.438,2,2
39441,9,106,80,49,11.7778,14.75,10.3337,0.2453,80,4.0787,5,1
49698,11,91,69,39,8.2727,14.3,9.9448,0.2418,69,4.6859,6,4
88765,8,101,73,40,12.625,12.1429,8.726,0.2772,73,5.9191,8,5
166016,18,120,75,33,6.6667,10.4706,5.1735,0.375,75,3.7241,5,9
111730,10,155,69,26,15.5,18.6667,8.5294,0.5548,69,13.1758,16,1
34418,3,6,5,5,2.0,13.5,4.9497,0.1667,5,0.8317,1,2
166424,4,21,14,9,5.25,11.0,4.3589,0.3333,14,2.7653,4,1
91072,13,195,142,46,15.0,17.9167,11.7354,0.2718,142,9.0039,11,4
118685,99,808,45,23,8.1616,1.3367,1.093,0.9443,45,7.6142,10,11
190393,16,239,102,39,14.9375,14.4667,11.1859,0.5732,102,13.2154,16,18
46347,22,213,110,48,9.6818,15.7619,8.2517,0.4836,110,5.8951,8,3
138117,5,24,21,13,4.8,23.75,7.7621,0.125,21,1.9009,3,3
167026,5,9,4,4,1.8,21.0,11.4891,0.5556,4,1.3571,2,1
28710,15,305,137,50,20.3333,18.7143,9.2273,0.5508,137,15.2078,19,16
15240,11,152,76,40,13.8182,20.5,9.0093,0.5,76,8.9564,11,13
14118,11,76,44,15,6.9091,16.9,10.2681,0.4211,44,4.431,6,2
157457,4,32,28,20,8.0,21.3333,15.0111,0.125,28,2.2501,3,3
32028,19,126,33,15,6.6316,18.1667,7.6177,0.7381,33,6.9036,9,5
531,29,164,60,29,5.6552,11.6786,8.8947,0.6341,60,5.3399,7,3
79248,14,52,21,13,3.7143,19.3846,10.7977,0.5962,21,3.7362,5,2
7384,15,134,93,41,8.9333,16.5,10.1659,0.306,93,5.7604,7,5
84703,14,82,23,10,5.8571,7.9231,3.6392,0.7195,23,5.6464,7,5
140214,13,118,70,25,9.0769,18.0,9.9909,0.4068,70,7.2629,9,3
201665,8,44,35,23,5.5,16.2857,12.8675,0.2045,35,2.1313,3,0
202138,5,20,11,9,4.0,18.75,14.3614,0.45,11,2.4171,3,2
35061,99,743,303,77,7.5051,1.3776,1.2964,0.5922,303,7.0757,9,4
123389,35,215,77,34,6.1429,7.4118,4.8997,0.6419,77,5.4844,7,4
11040,45,429,136,41,9.5333,8.1364,6.3962,0.683,136,10.4701,13,6
163903,17,206,89,37,12.1176,5.6875,2.2127,0.568,89,13.7365,17,16
135942,54,648,59,33,12.0,6.7358,5.4988,0.909,59,7.5584,10,9
89507,16,198,68,34,12.375,19.6667,7.0778,0.6566,68,10.2564,13,3
199298,10,115,51,24,11.5,7.7778,1.9861,0.5565,51,8.5168,11,11
313,99,787,130,42,7.9495,1.7041,1.3863,0.8348,130,8.0574,10,6
140288,43,408,130,47,9.4884,8.3333,5.2669,0.6814,130,11.7696,15,8
40028,30,460,154,48,15.3333,8.7931,7.2574,0.6652,154,15.5885,19,26
23489,6,36,18,11,6.0,16.8,12.1943,0.5,18,4.1196,5,2
79871,18,299,171,47,16.6111,11.0588,8.5912,0.4281,171,8.9049,11,2
13104,5,51,41,25,10.2,18.25,12.4466,0.1961,41,4.2771,6,3
149929,23,194,94,29,8.4348,15.0909,9.355,0.5155,94,6.2208,8,5
51521,19,129,38,20,6.7895,14.8333,8.3754,0.7054,38,6.9416,9,7
70979,7,57,31,23,8.1429,15.5,8.1915,0.4561,31,5.9621,8,7
200114,10,13,7,6,1.3,19.0,7.7136,0.4615,7,1.026,2,1
141812,6,76,27,16,12.6667,7.0,1.0,0.6447,27,10.6836,13,13
109594,6,76,51,30,12.6667,16.8,9.4181,0.3289,51,8.1453,10,8
100071,53,649,163,53,12.2453,5.6538,4.8422,0.7488,163,12.7703,16,17
27349,6,61,48,28,10.1667,15.8,12.9885,0.2131,48,3.44,5,0
187643,7,204,122,42,29.1429,12.8333,6.2423,0.402,122,13.1999,16,4
1979,19,138,78,34,7.2632,16.6111,9.8706,0.4348,78,5.9717,8,4
145727,3,39,37,22,13.0,4.5,3.5355,0.0513,37,3.5336,5,4
53474,60,364,140,49,6.0667,6.1695,5.6998,0.6154,140,3.5695,5,2
187789,17,132,73,34,7.7647,16.8125,8.6888,0.447,73,4.6686,6,2
184588,16,218,85,20,13.625,18.0667,10.8921,0.6101,85,10.1977,13,10
132654,5,71,65,36,14.2,20.75,11.5866,0.0845,65,3.7155,5,8
177252,8,68,44,25,8.5,15.5714,12.6867,0.3529,44,7.248,9,7
161060,4,15,6,5,3.75,14.0,0.0,0.6,6,2.7166,4,1
192496,7,27,16,9,3.8571,26.0,8.8544,0.4074,16,1.6812,3,1
103847,3,21,21,11,7.0,18.0,16.9706,0.0,21,1.4397,2,1
132382,48,690,150,58,14.375,5.8085,2.1431,0.7826,150,18.1597,22,22
28353,3,7,5,5,2.3333,20.0,14.1421,0.2857,5,1.1753,2,0
23962,33,244,78,47,7.3939,10.5938,7.8775,0.6803,78,5.7685,7,8
14843,5,107,68,26,21.4,17.5,10.3441,0.3645,68,14.1418,17,17
191885,33,859,149,56,26.0303,10.8125,5.1333,0.8265,149,24.1531,29,26
54896,17,161,76,45,9.4706,8.1875,4.2146,0.528,76,5.2548,7,8
71337,10,76,33,12,7.6,23.6667,8.231,0.5658,33,6.5991,8,8
154945,10,110,37,23,11.0,19.3333,9.0692,0.6636,37,11.9766,15,15
48910,15,290,88,37,19.3333,17.5714,10.4124,0.6966,88,15.7008,19,12
171173,5,76,49,33,15.2,17.75,13.5984,0.3553,49,8.0762,10,6
130996,6,40,26,15,6.6667,8.4,12.2597,0.35,26,2.6329,4,1
19484,24,174,48,24,7.25,14.1739,7.6256,0.7241,48,6.0839,8,7
40053,9,170,114,36,18.8889,6.0,2.0702,0.3294,114,6.9373,9,7
3345,3,43,28,13,14.3333,10.5,3.5355,0.3488,28,6.2455,8,6
104507,27,98,16,12,3.6296,9.6923,5.5625,0.8367,16,3.417,5,3
14448,25,299,153,66,11.96,8.5,5.9782,0.4883,153,6.8446,9,10
132215,5,139,69,36,27.8,7.5,1.291,0.5036,69,20.6542,25,21
33913,3,36,25,20,12.0,17.0,18.3848,0.3056,25,5.4247,7,6
48053,40,186,128,43,4.65,2.5385,2.9096,0.3118,128,2.4856,3,4
200726,4,21,15,14,5.25,4.6667,0.5774,0.2857,15,2.8345,4,0
121485,16,152,73,47,9.5,15.2667,10.2572,0.5197,73,7.8774,10,12
199606,12,69,54,24,5.75,10.4545,12.8558,0.2174,54,3.4745,5,4
27066,6,99,44,22,16.5,15.2,9.985,0.5556,44,8.8568,11,5
198118,10,109,48,22,10.9,14.6667,7.5166,0.5596,48,6.6752,9,9
52016,36,194,83,34,5.3889,9.8571,5.4295,0.5722,83,4.3312,6,4
40697,12,109,65,32,9.0833,11.1818,9.8267,0.4037,65,6.063,8,14
183818,13,383,168,52,29.4615,5.4167,2.2747,0.5614,168,21.0206,26,36
182362,17,321,161,56,18.8824,9.375,6.1087,0.4984,161,10.7656,13,8
107074,35,924,184,66,26.4,8.3824,4.7099,0.8009,184,28.0845,34,34
55741,40,590,104,48,14.75,9.1026,5.9771,0.8237,104,14.4263,18,21
384,9,21,9,9,2.3333,20.0,9.9283,0.5714,9,1.8293,3,2
29125,50,150,103,40,3.0,7.2041,7.5965,0.3133,103,1.5702,2,2
98463,17,152,94,39,8.9412,14.5,11.9387,0.3816,94,5.1976,7,1
48016,4,42,33,21,10.5,25.0,4.3589,0.2143,33,3.826,5,2
151250,8,64,41,20,8.0,8.1429,3.579,0.3594,41,5.2303,7,4
140297,4,29,23,10,7.25,19.6667,7.5056,0.2069,23,3.4375,5,2
109398,22,476,198,53,21.6364,13.4762,7.4204,0.584,198,17.2043,21,22
164141,16,142,79,35,8.875,17.6,6.4343,0.4437,79,6.5357,8,8
184161,6,52,27,18,8.6667,12.0,10.2956,0.4808,27,6.2766,8,6
101887,8,19,11,8,2.375,18.4286,9.8802,0.4211,11,1.5714,2,1
144748,11,36,24,17,3.2727,6.8,6.5963,0.3333,24,2.0867,3,1
123140,10,155,74,39,15.5,20.3333,8.8034,0.5226,74,11.3095,14,13
149322,7,69,29,13,9.8571,9.3333,4.5461,0.5797,29,7.7886,10,8
42906,13,220,111,38,16.9231,19.4167,9.09,0.4955,111,12.7073,16,12
132028,84,828,162,54,9.8571,4.3133,3.1465,0.8043,162,9.9084,12,7
197912,14,157,72,37,11.2143,19.4615,11.0876,0.5414,72,7.1798,9,7
167788,4,30,26,18,7.5,14.3333,12.8582,0.1333,26,2.6577,4,1
50495,6,14,7,6,2.3333,15.8,9.8843,0.5,7,1.0776,2,1
68907,5,30,18,11,6.0,20.75,8.2209,0.4,18,3.5824,5,4
49507,21,54,29,22,2.5714,10.6,8.8994,0.463,29,1.5808,2,1
133344,10,56,37,23,5.6,23.5556,10.1009,0.3393,37,3.2157,4,1
831,19,97,47,26,5.1053,14.8889,8.6561,0.5155,47,3.2836,4,6
90244,3,27,18,16,9.0,7.5,0.7071,0.3333,18,4.1753,6,8
186384,14,34,21,11,2.4286,14.4615,8.9407,0.3824,21,1.6634,2,2
65526,21,476,185,67,22.6667,16.05,8.4385,0.6113,185,20.5773,25,24
50350,6,73,64,39,12.1667,18.4,11.7601,0.1233,64,3.102,4,3
85243,18,133,93,44,7.3889,9.1765,8.8193,0.3008,93,4.1816,6,4
152888,14,146,69,37,10.4286,15.5385,9.2432,0.5274,69,6.4675,8,6
113405,3,4,3,3,1.3333,26.0,5.6569,0.25,3,0.718,1,1
122448,14,183,96,32,13.0714,11.0,6.2981,0.4754,96,9.339,12,13
14258,21,294,117,43,14.0,16.8,9.0472,0.602,117,15.2659,19,15
39432,7,37,25,16,5.2857,15.3333,10.7083,0.3243,25,2.5721,4,1
168024,6,38,25,17,6.3333,25.2,10.1833,0.3421,25,3.0025,4,1
61512,17,343,111,49,20.1765,7.25,2.3238,0.6764,111,16.7138,21,18
172266,13,64,30,14,4.9231,12.0,9.0754,0.5312,30,2.1554,3,0
69505,31,302,110,43,9.7419,10.0667,6.164,0.6358,110,7.4912,9,6
141505,42,291,71,27,6.9286,8.7561,6.5145,0.756,71,6.8556,9,7
24327,19,365,148,47,19.2105,15.7222,9.1059,0.5945,148,12.3232,15,17
179865,4,69,50,25,17.25,7.6667,6.4291,0.2754,50,9.3102,12,8
187198,11,137,74,41,12.4545,22.4,10.0355,0.4599,74,7.1891,9,0
76098,27,352,129,49,13.037,8.0385,4.2377,0.6335,129,14.3066,18,13
203566,33,214,56,33,6.4848,6.2188,5.2347,0.7383,56,6.6002,8,8
2794,11,105,84,36,9.5455,18.1,12.7667,0.2,84,2.9768,4,1
124989,32,346,178,61,10.8125,10.4839,8.9251,0.4855,178,7.329,9,5
199794,16,254,89,36,15.875,19.4667,8.9032,0.6496,89,14.6537,18,10
82437,32,460,161,59,14.375,10.8387,7.9879,0.65,161,14.7514,18,13
130941,6,102,80,34,17.0,12.2,10.6395,0.2157,80,6.5602,8,7
130010,13,155,63,17,11.9231,8.1667,2.1249,0.5935,63,10.9636,14,8
20681,6,112,65,32,18.6667,7.2,2.9496,0.4196,65,13.1776,16,15
92955,30,134,26,12,4.4667,10.7931,4.3865,0.806,26,4.8474,6,2
94947,27,335,118,47,12.4074,13.8462,8.498,0.6478,118,12.867,16,21
157278,46,484,184,48,10.5217,7.5556,6.444,0.6198,184,12.1777,15,12
187181,12,100,58,32,8.3333,18.4545,8.4186,0.42,58,3.7077,5,2
174256,38,251,85,40,6.6053,8.7568,5.9039,0.6614,85,6.1437,8,7
112826,22,175,38,21,7.9545,12.5714,7.3114,0.7829,38,7.5716,10,9
95793,10,119,65,25,11.9,21.2222,9.9471,0.4538,65,9.707,12,2
122023,5,5,2,2,1.0,30.0,0.0,0.6,2,0.7645,1,1
96085,9,133,82,32,14.7778,20.25,9.9964,0.3835,82,7.0696,9,10
20628,6,68,33,22,11.3333,13.4,5.5498,0.5147,33,6.9732,9,3
137488,4,18,13,6,4.5,9.0,4.3589,0.2778,13,1.9024,3,0
22389,7,183,116,33,26.1429,9.8333,8.3287,0.3661,116,15.6553,19,6
111305,16,24,7,4,1.5,8.2667,7.2256,0.7083,7,1.1797,2,1
170385,3,13,13,10,4.3333,16.0,19.799,0.0,13,0.9407,2,0
100393,10,149,100,45,14.9,12.4444,11.4686,0.3289,100,8.5449,11,8
78473,22,284,116,48,12.9091,15.1429,9.5671,0.5915,116,11.4905,14,6
92658,42,239,98,37,5.6905,6.878,6.5161,0.59,98,3.9615,5,4
113698,19,305,82,33,16.0526,15.0556,7.1164,0.7311,82,13.1069,16,15
141857,4,38,30,19,9.5,13.6667,14.2244,0.2105,30,5.2378,7,8
130771,4,38,35,24,9.5,8.0,7.0,0.0789,35,3.6535,5,1
98664,16,398,177,57,24.875,11.8,6.4054,0.5553,177,14.6949,18,4
160293,6,78,47,23,13.0,18.4,10.7378,0.3974,47,6.9987,9,3
67542,26,248,76,38,9.5385,13.2,10.1448,0.6935,76,7.3465,9,10
114804,35,463,102,35,13.2286,10.2647,5.9864,0.7797,102,12.0431,15,9
64511,3,49,27,21,16.3333,20.0,5.6569,0.449,27,9.4806,12,12
17982,7,57,44,24,8.1429,18.1667,10.2843,0.2281,44,2.878,4,3
120974,52,797,158,49,15.3269,5.8039,4.3082,0.8018,158,11.941,15,6
55812,36,107,84,38,2.9722,8.4571,8.9125,0.215,84,1.0932,2,1
68235,9,50,32,22,5.5556,13.25,10.8989,0.36,32,2.0415,3,3
69467,5,21,20,9,4.2,19.5,7.7244,0.0476,20,0.9275,2,3
89008,35,178,112,39,5.0857,9.7941,7.8191,0.3708,112,2.7106,4,4
89178,8,74,59,36,9.25,13.1429,8.7831,0.2027,59,3.3779,5,1
182782,30,298,117,43,9.9333,10.9655,6.5818,0.6074,117,6.1575,8,8
1919,3,4,3,2,1.3333,3.0,2.8284,0.25,3,0.8306,1,0
105638,20,194,92,37,9.7,14.1053,6.4713,0.5258,92,6.5308,8,2
194486,13,296,174,66,22.7692,12.8333,7.2467,0.4122,174,15.4127,19,15
194744,10,130,45,25,13.0,13.5556,9.8503,0.6538,45,7.5842,10,9
25458,46,233,62,34,5.0652,7.1111,4.3496,0.7339,62,5.6698,7,4
70688,7,104,68,27,14.8571,16.3333,8.7331,0.3462,68,6.9334,9,3
117805,3,11,11,8,3.6667,26.5,4.9497,0.0,11,0.9466,2,0
158749,22,143,68,38,6.5,4.4286,2.9423,0.5245,68,5.4765,7,4
71221,22,167,97,45,7.5909,15.0952,10.4494,0.4192,97,6.4044,8,3
86602,23,291,107,43,12.6522,13.0455,10.8341,0.6323,107,10.5895,13,9
204469,8,148,97,36,18.5,19.5714,9.3605,0.3446,97,11.8432,15,5
54055,6,23,13,7,3.8333,17.2,12.1532,0.4348,13,2.7921,4,7
189692,11,155,102,40,14.0909,18.9,10.4504,0.3419,102,7.6931,10,13
132385,3,25,23,13,8.3333,17.0,18.3848,0.08,23,3.275,4,9
185309,3,7,6,6,2.3333,30.0,0.0,0.1429,6,0.7012,1,2
173378,8,62,47,25,7.75,17.0,10.3118,0.2419,47,3.6606,5,7
175280,31,597,143,49,19.2581,7.7333,3.3829,0.7605,143,14.8256,18,16
149952,8,168,87,35,21.0,21.0,8.6023,0.4821,87,15.8868,20,13
153926,8,51,35,22,6.375,4.8571,2.4103,0.3137,35,3.3514,5,2
12088,9,77,59,34,8.5556,19.875,11.4572,0.2338,59,6.4233,8,0
42527,3,13,6,5,4.3333,30.0,0.0,0.5385,6,2.6635,4,3
74650,15,69,36,19,4.6,13.2143,6.6585,0.4783,36,3.8997,5,6
161412,38,1075,381,74,28.2895,9.3784,6.2198,0.6456,381,20.4596,25,13
50631,16,110,27,20,6.875,21.7333,5.7379,0.7545,27,7.4396,9,7
10523,14,154,89,45,11.0,17.7692,8.2174,0.4221,89,8.0995,10,1
109820,3,3,3,3,1.0,30.0,0.0,0.0,3,0.3853,1,0
199426,11,30,15,8,2.7273,13.2,11.3998,0.5,15,4.4068,6,4
44601,47,983,211,57,20.9149,7.7609,3.3545,0.7854,211,21.1063,26,18
22108,13,172,114,50,13.2308,2.8333,1.4035,0.3372,114,8.102,10,12
158145,5,104,57,31,20.8,30.0,0.0,0.4519,57,12.149,15,22
186745,15,121,40,24,8.0667,17.7143,8.2874,0.6694,40,6.1168,8,9
75842,57,479,76,30,8.4035,6.375,3.4089,0.8413,76,9.6015,12,7
101363,3,50,38,24,16.6667,26.0,5.6569,0.24,38,6.8693,9,7
156514,3,30,25,19,10.0,24.5,7.7782,0.1667,25,3.5341,5,2
121842,7,48,35,27,6.8571,11.1667,10.0681,0.2708,35,2.4644,3,4
59174,8,56,39,30,7.0,17.1429,10.9762,0.3036,39,2.981,4,2
146251,6,78,52,32,13.0,12.6,7.9561,0.3333,52,7.82,10,6
104245,6,100,47,20,16.6667,7.8,1.3038,0.53,47,14.2734,18,0
141057,9,13,13,9,1.4444,6.75,10.025,0.0,13,0.4218,1,0
62278,4,52,37,24,13.0,12.3333,2.0817,0.2885,37,5.1745,7,2
84421,7,41,20,11,5.8571,14.0,12.506,0.5122,20,5.3283,7,3
127249,11,77,48,28,7.0,12.1,9.4921,0.3766,48,3.234,4,1
98899,22,158,54,28,7.1818,13.4286,8.072,0.6582,54,5.5174,7,5
41920,25,238,131,51,9.52,12.7083,9.5439,0.4496,131,5.5942,7,8
141940,10,93,72,38,9.3,13.3333,12.1347,0.2258,72,3.6989,5,2
104844,41,609,200,54,14.8537,8.275,3.7553,0.6716,200,11.904,15,17
66466,37,177,74,30,4.7838,9.7778,7.3799,0.5819,74,4.0915,5,4
44298,30,85,21,14,2.8333,6.5517,6.1504,0.7529,21,1.695,3,2
173728,6,55,23,16,9.1667,13.0,3.3912,0.5818,23,6.0751,8,9
107211,16,119,84,34,7.4375,13.8,10.6851,0.2941,84,4.2768,6,2
81204,7,42,27,20,6.0,21.8333,9.6003,0.3571,27,2.9342,4,0
187169,5,69,48,31,13.8,8.5,3.873,0.3043,48,6.6776,9,4
69097,4,18,17,10,4.5,14.3333,13.6504,0.0556,17,1.727,3,0
33383,68,1087,272,68,15.9853,5.3284,3.9057,0.7498,272,18.5379,23,25
57084,11,70,56,26,6.3636,12.9,10.1811,0.2,56,7.8075,10,2
140994,64,607,243,67,9.4844,5.7143,4.0973,0.5997,243,5.2419,7,2
92160,3,32,19,13,10.6667,18.0,16.9706,0.4062,19,6.4176,8,8
42005,6,74,33,18,12.3333,15.4,9.5289,0.5541,33,8.587,11,9
156169,11,78,64,38,7.0909,14.2,8.9294,0.1795,64,2.5179,4,2
121006,3,51,46,29,17.0,21.0,12.7279,0.098,46,5.1797,7,11
1324,4,68,55,29,17.0,17.0,12.1244,0.1912,55,7.7538,10,12
173028,11,89,59,34,8.0909,20.7,8.9076,0.3371,59,5.3032,7,5
37905,18,312,77,23,17.3333,13.4118,8.0782,0.7532,77,15.6741,19,11
10083,45,426,158,56,9.4667,2.9091,1.6399,0.6291,158,7.246,9,10
173764,6,43,28,16,7.1667,24.0,6.7454,0.3488,28,2.7967,4,1
38758,17,184,88,41,10.8235,3.25,2.0817,0.5217,88,8.1541,10,8
35600,4,50,34,14,12.5,10.6667,11.7189,0.32,34,5.6453,7,6
18490,18,258,182,65,14.3333,16.4706,10.6191,0.2946,182,5.58,7,12
108754,10,110,50,31,11.0,24.4444,8.2175,0.5455,50,7.5478,10,9
117103,10,66,57,24,6.6,18.6667,9.8615,0.1364,57,1.9617,3,0
106315,37,187,81,46,5.0541,9.5278,7.7662,0.5668,81,4.5836,6,5
72050,30,120,53,30,4.0,7.3448,6.9759,0.5583,53,5.6251,7,2
59357,30,342,166,47,11.4,12.1034,8.1387,0.5146,166,11.4365,14,11
118094,5,71,35,21,14.2,20.25,6.702,0.507,35,7.9049,10,5
75835,8,16,10,9,2.0,15.5714,10.3579,0.375,10,1.228,2,1
30427,11,54,32,18,4.9091,11.7,12.8327,0.4074,32,2.458,3,1
8467,4,10,4,4,2.5,24.3333,9.815,0.6,4,1.5929,2,2
43618,3,37,30,19,12.3333,10.5,3.5355,0.1892,30,5.6416,7,8
189463,10,78,51,22,7.8,19.2222,8.1513,0.3462,51,5.4163,7,2
198869,6,83,49,28,13.8333,28.8,2.6833,0.4096,49,7.4399,9,11
203962,6,36,35,29,6.0,9.0,11.7686,0.0278,35,1.4471,2,5
19355,9,143,92,41,15.8889,5.625,3.7393,0.3566,92,9.7184,12,10
136625,18,120,50,31,6.6667,17.7059,9.6032,0.5833,50,5.4547,7,8
157246,7,82,60,21,11.7143,14.5,9.9146,0.2683,60,6.5262,8,8
11347,5,52,36,17,10.4,7.5,4.3589,0.3077,36,6.5018,8,5
31646,11,310,89,41,28.1818,14.2,5.1164,0.7129,89,26.22,32,19
49203,29,591,262,61,20.3793,12.0714,8.9149,0.5567,262,15.9895,20,21
72546,22,67,35,19,3.0455,7.2857,4.9512,0.4776,35,2.2473,3,1
23395,19,116,55,27,6.1053,5.6667,4.5633,0.5259,55,3.48,5,2
38666,8,92,65,37,11.5,12.0,9.3452,0.2935,65,4.3452,6,8
117734,9,38,22,9,4.2222,14.625,11.8314,0.4211,22,2.1929,3,1
68689,5,44,39,19,8.8,28.0,4.0,0.1136,39,2.872,4,4
29979,53,1034,126,43,19.5094,6.8846,1.6646,0.8781,126,22.449,27,24
166459,37,875,267,79,23.6486,9.5278,5.8918,0.6949,267,19.181,24,20
109090,7,37,23,13,5.2857,19.1667,8.7044,0.3784,23,2.5615,4,2
205543,99,687,189,55,6.9394,2.0204,3.185,0.7249,189,4.7651,6,5
53628,18,203,136,50,11.2778,15.0588,9.769,0.33,136,6.3197,8,2
195661,41,135,16,9,3.2927,6.85,1.9942,0.8815,16,3.5239,5,3
54228,6,48,27,18,8.0,8.6,3.5777,0.4375,27,6.0312,8,11
196044,6,75,37,16,12.5,17.2,7.8549,0.5067,37,6.2466,8,6
29593,6,149,93,37,24.8333,17.6,9.7108,0.3758,93,18.7874,23,21
16846,4,44,35,20,11.0,21.3333,9.609,0.2045,35,6.0362,8,9
182833,15,195,32,20,13.0,11.5,7.3354,0.8359,32,9.9262,12,12
97451,7,40,14,10,5.7143,30.0,0.0,0.65,14,4.4235,6,3
104204,6,27,12,9,4.5,22.6,7.9246,0.5556,12,2.8772,4,5
187477,4,9,6,5,2.25,20.6667,16.1658,0.3333,6,1.4071,2,1
31346,16,139,55,26,8.6875,18.8,9.2443,0.6043,55,6.3187,8,7
170852,12,178,71,29,14.8333,14.0909,9.0604,0.6011,71,14.1288,17,9
23640,12,170,90,43,14.1667,15.9091,10.4638,0.4706,90,8.9853,11,16
177768,9,191,124,41,21.2222,24.75,7.6485,0.3508,124,18.2178,22,23
153023,3,16,13,10,5.3333,19.5,14.8492,0.1875,13,2.2731,3,3
159849,5,135,97,48,27.0,14.0,8.0829,0.2815,97,11.905,15,2
83136,29,328,138,37,11.3103,7.8571,5.5825,0.5793,138,4.9436,6,11
184587,7,60,38,25,8.5714,23.1667,9.6833,0.3667,38,5.8112,7,4
174494,3,37,29,16,12.3333,22.5,10.6066,0.2162,29,5.423,7,2
86384,48,745,222,61,15.5208,7.5106,5.8118,0.702,222,12.1462,15,10
240,5,15,11,8,3.0,23.75,12.5,0.2667,11,2.1614,3,1
172669,7,76,39,21,10.8571,5.6667,4.5898,0.4868,39,7.6774,10,6
77821,4,38,32,20,9.5,22.0,13.0,0.1579,32,3.0278,4,1
159235,9,128,97,38,14.2222,24.25,8.5815,0.2422,97,6.5459,8,7
14239,3,47,28,19,15.6667,29.0,1.4142,0.4043,28,5.0655,7,3
111239,33,168,77,23,5.0909,8.375,6.6805,0.5417,77,3.2084,4,5
105116,14,57,41,22,4.0714,12.1538,8.8774,0.2807,41,1.8327,3,3
39968,13,120,45,31,9.2308,13.8333,10.2055,0.625,45,6.344,8,3
27442,22,300,132,50,13.6364,14.7143,7.7791,0.56,132,13.9074,17,15
175104,3,36,29,21,12.0,30.0,0.0,0.1944,29,3.8171,5,4
104799,12,106,28,7,8.8333,13.3636,8.0904,0.7358,28,8.361,11,12
115120,4,56,46,20,14.0,23.3333,11.547,0.1786,46,6.9205,9,7
52327,29,112,74,37,3.8621,7.7857,7.1562,0.3393,74,2.7451,4,1
185306,3,27,25,19,9.0,19.0,15.5563,0.0741,25,2.0876,3,3
200098,12,42,18,13,3.5,19.3636,7.7107,0.5714,18,3.3999,5,2
138988,57,410,113,40,7.193,4.5536,5.4135,0.7244,113,8.5542,11,9
160988,3,13,11,7,4.3333,25.0,7.0711,0.1538,11,2.599,4,2
134859,27,365,197,69,13.5185,10.6154,8.7685,0.4603,197,8.3899,11,7
49613,33,284,183,65,8.6061,10.5,8.5723,0.3556,183,3.9971,5,2
163376,19,67,23,17,3.5263,13.8333,6.2048,0.6567,23,2.3958,3,3
200517,3,74,59,26,24.6667,15.5,3.5355,0.2027,59,11.9051,15,11
60761,5,55,45,26,11.0,19.75,7.4106,0.1818,45,4.485,6,2
204502,15,162,82,47,10.8,3.9286,1.7305,0.4938,82,6.1876,8,12
171227,37,310,101,32,8.3784,7.9444,6.113,0.6742,101,8.8225,11,7
134988,10,25,8,7,2.5,11.4444,4.1567,0.68,8,2.4972,3,2
44871,37,409,139,27,11.0541,8.8611,5.1055,0.6601,139,7.0573,9,6
103748,19,331,170,55,17.4211,10.9444,6.593,0.4864,170,10.1039,13,4
147522,4,52,44,29,13.0,28.0,3.4641,0.1538,44,3.9611,5,3
37827,18,150,68,38,8.3333,13.0588,6.0049,0.5467,68,5.8254,7,8
159345,4,9,9,6,2.25,20.3333,14.2244,0.0,9,0.2929,1,0
115342,4,7,6,6,1.75,22.3333,13.2791,0.1429,6,0.6502,1,1
192225,24,253,100,29,10.5417,13.2609,6.6757,0.6047,100,9.1644,11,7
128070,19,122,16,7,6.4211,10.3889,5.9817,0.8689,16,6.057,8,8
198925,4,35,31,13,8.75,26.6667,5.7735,0.1143,31,3.7652,5,2
156833,15,53,14,7,3.5333,16.1429,8.9258,0.7358,14,2.1046,3,1
28986,12,209,76,38,17.4167,21.0909,10.5115,0.6364,76,10.6918,13,9
193224,7,33,16,14,4.7143,27.5,6.1237,0.5152,16,3.8708,5,3
33147,14,112,66,34,8.0,14.7692,7.7045,0.4107,66,3.7408,5,2
141195,30,109,56,28,3.6333,11.1379,8.8387,0.4862,56,2.5894,4,4
129651,10,146,76,28,14.6,14.6667,10.247,0.4795,76,10.4277,13,7
138618,5,30,23,15,6.0,24.25,11.5,0.2333,23,1.999,3,2
81984,5,55,44,27,11.0,25.25,7.6322,0.2,44,4.6472,6,6
191289,4,37,36,19,9.25,24.6667,4.6188,0.027,36,3.2616,4,2
87681,17,89,58,25,5.2353,10.0625,8.6677,0.3483,58,2.6475,4,1
176250,5,45,28,19,9.0,9.5,1.9149,0.3778,28,3.998,5,3
152229,6,118,86,43,19.6667,10.0,4.9497,0.2712,86,10.8727,14,2
125554,3,19,13,6,6.3333,5.5,0.7071,0.3158,13,4.4093,6,3
84882,3,35,33,21,11.6667,16.0,19.799,0.0571,33,3.9299,5,2
185928,15,160,94,40,10.6667,16.7857,10.6495,0.4125,94,6.325,8,8
65153,29,164,51,16,5.6552,7.9643,6.7081,0.689,51,7.8039,10,10
186124,5,46,31,21,9.2,27.25,5.5,0.3261,31,4.2176,6,7
142092,4,122,101,56,30.5,12.6667,7.0946,0.1721,101,13.2177,16,6
95156,11,67,44,21,6.0909,11.4,5.8157,0.3433,44,4.0707,5,0
47415,33,410,138,42,12.4242,8.9688,6.6744,0.6634,138,13.037,16,20
174243,9,73,35,9,8.1111,15.25,11.3484,0.5205,35,5.5069,7,14
205134,29,202,97,37,6.9655,11.3214,8.7731,0.5198,97,5.4182,7,3
109176,8,42,26,17,5.25,6.7143,8.9389,0.381,26,1.3859,2,1
27219,43,421,95,28,9.7907,8.5714,7.3854,0.7743,95,7.3698,9,2
194464,5,29,22,16,5.8,20.0,8.9815,0.2414,22,4.256,6,9
53285,6,37,23,14,6.1667,15.2,13.5351,0.3784,23,3.428,5,5
9289,3,46,36,12,15.3333,8.0,2.8284,0.2174,36,6.2067,8,3
34021,58,452,175,63,7.7931,6.0702,5.6343,0.6128,175,7.0036,9,7
168804,6,81,27,18,13.5,24.6,6.1887,0.6667,27,9.3004,12,10
153992,17,185,106,35,10.8824,14.0,12.0554,0.427,106,7.7148,10,6
34580,4,22,16,12,5.5,29.0,1.7321,0.2727,16,2.5912,4,1
85304,3,6,5,3,2.0,18.5,16.2635,0.1667,5,1.0468,2,1
123966,23,411,148,52,17.8696,13.9545,9.1364,0.6399,148,18.9445,23,13
164602,5,18,11,5,3.6,7.25,2.8723,0.3889,11,2.3528,3,2
175767,32,262,94,38,8.1875,10.4839,8.0576,0.6412,94,5.3293,7,4
39683,31,367,164,50,11.8387,9.3333,7.6714,0.5531,164,9.4543,12,11
100590,16,136,82,37,8.5,13.3333,11.9622,0.3971,82,3.3653,5,2
84966,6,42,20,14,7.0,25.4,7.1274,0.5238,20,4.9191,6,7
48458,7,48,29,22,6.8571,15.6667,11.1833,0.3958,29,3.6046,5,5
156442,3,35,34,21,11.6667,30.0,0.0,0.0286,34,3.5585,5,7
20440,6,70,53,27,11.6667,9.0,6.0415,0.2429,53,6.5154,8,3
157398,10,144,95,38,14.4,19.0,10.9087,0.3403,95,8.1353,10,7
50979,5,45,35,14,9.0,30.0,0.0,0.2222,35,4.6542,6,1
160405,4,26,21,7,6.5,21.3333,7.5056,0.1923,21,2.2746,3,1
50380,3,36,27,18,12.0,25.0,7.0711,0.25,27,4.7342,6,4
87416,17,48,17,12,2.8235,18.1875,7.67,0.6458,17,2.5112,4,2
32765,34,361,171,52,10.6176,6.3939,5.528,0.5263,171,9.3561,12,9
99558,60,481,140,39,8.0167,6.1356,4.5768,0.7089,140,5.9323,8,0
96679,6,11,9,5,1.8333,25.4,10.2859,0.1818,9,0.9593,2,1
130783,7,56,44,18,8.0,13.3333,6.532,0.2143,44,4.8223,6,4
32265,20,156,76,26,7.8,14.7368,10.4288,0.5128,76,7.2133,9,12
122337,4,7,5,4,1.75,19.6667,6.5064,0.2857,5,1.0063,2,1
87709,32,300,171,51,9.375,8.0968,8.2557,0.43,171,6.9923,9,9
136586,3,9,9,6,3.0,18.0,16.9706,0.0,9,0.964,2,1
18193,9,208,91,46,23.1111,15.125,11.4946,0.5625,91,16.2337,20,18
108684,5,19,14,11,3.8,9.75,13.5984,0.2632,14,1.4477,2,3
83802,22,182,112,41,8.2727,11.0476,8.7033,0.3846,112,5.7784,7,0
168165,4,34,28,12,8.5,28.3333,2.8868,0.1765,28,2.7997,4,0
110855,5,32,29,15,6.4,24.25,11.5,0.0938,29,2.0226,3,0
7793,7,152,93,37,21.7143,14.0,9.5708,0.3882,93,12.0361,15,14
66305,3,43,32,20,14.3333,10.5,2.1213,0.2558,32,7.8337,10,14
186738,3,38,29,15,12.6667,19.5,14.8492,0.2368,29,5.8693,8,3
160764,10,37,15,12,3.7,23.6667,7.1414,0.5946,15,2.68,4,0
180621,90,794,35,14,8.8222,3.8427,1.4763,0.9559,35,8.8774,11,9
31843,3,16,14,9,5.3333,18.0,16.9706,0.125,14,1.8344,3,3
47732,6,77,43,24,12.8333,25.2,6.5727,0.4416,43,6.4818,8,6
139303,6,71,41,26,11.8333,13.4,9.7108,0.4225,41,7.4211,9,5
156039,5,113,92,38,22.6,12.5,11.7331,0.1858,92,9.4034,12,1
26319,15,218,67,37,14.5333,19.0,8.6647,0.6927,67,14.5474,18,15
181858,53,742,226,68,14.0,6.7885,4.1223,0.6954,226,8.0812,10,12
8051,22,480,188,55,21.8182,12.2857,5.9594,0.6083,188,17.5442,22,18
6803,47,121,29,16,2.5745,7.7826,5.024,0.7603,29,2.0717,3,2
133182,51,572,131,49,11.2157,7.14,2.9693,0.771,131,10.9504,14,17
71352,10,39,29,17,3.9,22.4444,10.887,0.2564,29,1.7819,3,1
70644,22,152,75,39,6.9091,9.8095,6.7425,0.5066,75,8.7256,11,11
87886,7,48,30,24,6.8571,9.8333,6.2102,0.375,30,2.6862,4,2
205914,5,37,20,10,7.4,23.5,10.504,0.4595,20,4.6346,6,5
135072,3,48,43,30,16.0,21.5,12.0208,0.1042,43,3.5643,5,5
168082,6,21,21,13,3.5,8.8,9.4446,0.0,21,0.7191,1,0
179490,10,175,95,42,17.5,17.8889,9.1576,0.4571,95,6.3065,8,3
25024,19,196,43,9,10.3158,7.7778,3.0785,0.7806,43,10.9816,14,8
3904,3,9,9,9,3.0,21.0,8.4853,0.0,9,0.6245,1,0
149356,17,54,31,24,3.1765,14.3125,8.7233,0.4259,31,1.8682,3,1
82783,12,72,58,33,6.0,17.0909,11.0766,0.1944,58,2.768,4,4
166917,39,506,195,59,12.9744,9.2632,6.9891,0.6146,195,11.674,15,4
101479,5,81,65,35,16.2,26.0,8.0,0.1975,65,5.1353,7,9
154145,7,46,34,13,6.5714,20.8333,12.0734,0.2609,34,2.7507,4,5
175291,23,359,97,49,15.6087,12.7273,6.3859,0.7298,97,12.1386,15,14
26506,21,404,166,58,19.2381,13.2,7.7974,0.5891,166,13.7778,17,32
129189,4,40,22,17,10.0,23.3333,7.6376,0.45,22,5.0334,7,10
40978,14,333,195,61,23.7857,12.6154,8.5687,0.4144,195,14.8943,18,11
139084,6,149,55,28,24.8333,29.6,0.8944,0.6309,55,14.5386,18,23
58615,43,891,248,59,20.7209,8.2143,3.2799,0.7217,248,20.7116,25,18
56057,13,84,19,11,6.4615,18.5833,9.4336,0.7738,19,7.5491,10,5
203895,6,40,34,22,6.6667,15.6,10.5499,0.15,34,2.3577,3,2
53116,13,178,123,56,13.6923,15.1667,9.3792,0.309,123,7.5146,10,6
3531,29,385,138,53,13.2759,11.4286,7.4457,0.6416,138,9.0171,11,1
115503,4,143,90,47,35.75,21.0,12.1244,0.3706,90,18.3524,23,33
200413,30,269,112,49,8.9667,11.2414,10.0344,0.5836,112,5.8342,8,14
70889,6,69,57,29,11.5,17.4,12.9923,0.1739,57,3.2121,4,1
14248,5,76,44,31,15.2,10.5,6.3509,0.4211,44,9.833,12,6
46918,22,82,25,14,3.7273,7.3333,6.8435,0.6951,25,2.4155,3,2
49675,27,346,117,43,12.8148,11.5769,6.8537,0.6618,117,13.5656,17,16
173620,73,742,181,40,10.1644,5.0139,3.1287,0.7561,181,10.2368,13,12
75172,6,75,62,25,12.5,15.2,12.3167,0.1733,62,5.432,7,5
35228,30,719,208,56,23.9667,9.5172,7.9535,0.7107,208,17.2957,21,18
13534,5,50,31,21,10.0,12.75,10.6262,0.38,31,6.4841,8,6
198087,4,65,49,28,16.25,24.6667,9.2376,0.2462,49,6.2638,8,3
42698,22,67,37,24,3.0455,16.3333,8.6159,0.4478,37,3.1923,4,2
121355,3,18,15,13,6.0,11.0,4.2426,0.1667,15,1.8499,3,4
159492,7,65,40,24,9.2857,22.8333,9.0203,0.3846,40,6.406,8,10
191706,19,413,101,51,21.7368,9.4444,7.0646,0.7554,101,18.535,23,21
64577,13,135,101,38,10.3846,17.6667,11.8193,0.2519,101,4.7464,6,2
90141,6,12,11,9,2.0,15.2,6.5345,0.0833,11,1.0873,2,2
94573,55,412,64,30,7.4909,6.6852,3.7053,0.8447,64,5.2888,7,7
71539,6,65,42,26,10.8333,26.8,7.1554,0.3538,42,6.7897,9,5
129927,23,78,30,18,3.3913,12.0455,6.7997,0.6154,30,2.9838,4,1
165438,6,49,33,21,8.1667,20.8,12.775,0.3265,33,4.3205,6,5
11836,3,21,20,11,7.0,27.0,4.2426,0.0476,20,2.1604,3,4
135135,3,49,44,26,16.3333,13.0,15.5563,0.102,44,6.0221,8,6
161075,8,12,8,8,1.5,21.0,10.3602,0.3333,8,0.7405,1,1
200908,3,26,25,23,8.6667,6.5,0.7071,0.0385,25,2.1509,3,0
122652,6,173,110,44,28.8333,24.8,7.1204,0.3642,110,8.1934,10,1
20137,3,3,1,1,1.0,17.0,18.3848,0.6667,1,0.7168,1,1
130583,11,120,75,34,10.9091,21.1,9.5155,0.375,75,8.1162,10,8
129563,41,626,153,51,15.2683,8.525,7.7987,0.7556,153,13.0467,16,18
96260,3,37,35,21,12.3333,15.5,10.6066,0.0541,35,3.4322,5,4
2622,9,127,81,47,14.1111,13.375,4.8385,0.3622,81,8.5306,11,16
184689,5,111,59,27,22.2,26.75,6.5,0.4685,59,14.7081,18,6
205966,32,314,111,47,9.8125,11.3226,8.3642,0.6465,111,5.155,7,3
17088,3,11,10,8,3.6667,27.5,3.5355,0.0909,10,1.0029,2,2
164086,3,26,21,17,8.6667,18.0,16.9706,0.1923,21,3.0307,4,4
71621,4,16,16,10,4.0,14.3333,13.7961,0.0,16,0.498,1,0
11763,19,146,87,33,7.6842,12.7222,8.6283,0.4041,87,6.7909,9,10
103589,17,81,44,27,4.7647,5.4375,3.2653,0.4568,44,3.8227,5,6
50947,4,24,18,14,6.0,12.0,15.7162,0.25,18,2.328,3,1
180160,14,191,98,40,13.6429,22.1538,8.0916,0.4869,98,10.4415,13,8
74678,13,48,28,18,3.6923,23.3333,7.7264,0.4167,28,1.7884,3,1
179799,6,34,16,13,5.6667,29.8,0.4472,0.5294,16,3.8435,5,0
201899,11,119,63,36,10.8182,11.8,7.6129,0.4706,63,5.7231,7,12
198476,14,34,18,16,2.4286,10.7692,7.9389,0.4706,18,0.9021,2,1
160223,3,36,30,18,12.0,30.0,0.0,0.1667,30,5.7512,7,10
193365,9,32,21,14,3.5556,9.875,2.4165,0.3438,21,2.3972,3,3
84450,29,549,215,56,18.931,11.5714,7.9229,0.6084,215,13.6133,17,9
90500,4,49,47,20,12.25,28.0,3.4641,0.0408,47,3.1605,4,3
84160,30,160,97,42,5.3333,10.8276,8.0891,0.3938,97,2.2282,3,3
146822,52,487,299,79,9.3654,6.7647,6.7159,0.386,299,4.6382,6,6
113481,8,95,50,32,11.875,13.1429,8.5524,0.4737,50,8.2692,10,7
65859,3,6,4,4,2.0,26.0,5.6569,0.3333,4,1.0313,2,0
194987,9,20,10,8,2.2222,19.5,11.514,0.5,10,1.5483,2,1
110630,6,40,22,15,6.6667,13.6,8.5615,0.45,22,4.0802,5,2
189755,4,32,25,18,8.0,18.0,10.8167,0.2188,25,4.7478,6,2
141583,38,662,156,55,17.4211,9.1892,5.8634,0.7644,156,17.9297,22,23
40343,5,31,9,8,6.2,17.5,8.226,0.7097,9,4.1177,5,6
123005,3,24,14,10,8.0,24.0,8.4853,0.4167,14,5.0567,7,2
201150,4,46,38,17,11.5,19.3333,9.2916,0.1739,38,4.2484,6,1
68843,21,70,31,23,3.3333,15.95,7.7966,0.5571,31,3.6125,5,7
133223,16,208,72,35,13.0,8.6667,6.3994,0.6538,72,11.26,14,14
191712,20,76,28,14,3.8,15.7368,7.5118,0.6316,28,3.3515,5,2
39245,53,705,55,17,13.3019,6.8654,1.9707,0.922,55,15.5571,19,11
108927,4,18,9,8,4.5,24.3333,9.815,0.5,9,2.356,3,3
109345,18,191,87,39,10.6111,13.7059,9.7837,0.5445,87,6.3307,8,1
114245,12,275,110,40,22.9167,7.6364,2.1574,0.6,110,19.6893,24,20
178152,3,73,57,26,24.3333,7.0,0.0,0.2192,57,12.0221,15,7
93804,5,49,29,18,9.8,13.25,11.2361,0.4082,29,7.2616,9,13
77363,39,336,166,52,8.6154,7.8947,6.4422,0.506,166,6.7954,9,7
93762,27,230,79,37,8.5185,8.2308,5.0065,0.6565,79,9.1635,11,13
125882,12,84,56,21,7.0,12.2727,10.2185,0.3333,56,2.6944,4,1
118471,10,18,9,8,1.8,28.6667,1.7321,0.5,9,0.9655,2,1
150242,28,641,358,73,22.8929,9.037,9.4522,0.4415,358,14.5874,18,19
38516,9,135,92,45,15.0,14.625,7.2494,0.3185,92,5.924,8,6
12492,10,89,66,28,8.9,7.6667,7.6811,0.2584,66,5.154,7,10
3897,6,124,51,23,20.6667,7.2,2.3875,0.5887,51,16.0573,20,12
194603,26,307,94,45,11.8077,12.6,7.8049,0.6938,94,8.9608,11,0
25922,18,30,9,9,1.6667,17.2353,8.5844,0.7,9,0.7595,1,0
137690,9,59,42,24,6.5556,20.875,11.8616,0.2881,42,3.8751,5,5
41614,6,46,39,22,7.6667,28.6,1.9494,0.1522,39,2.6228,4,1
159138,12,152,107,39,12.6667,21.4545,8.347,0.2961,107,6.8487,9,8
193474,3,12,8,7,4.0,30.0,0.0,0.3333,8,2.2815,3,3
146333,38,354,131,55,9.3158,9.4595,6.3096,0.6299,131,5.7691,7,12
54804,99,1299,141,41,13.1212,3.3673,1.841,0.8915,141,11.0816,14,11
71100,4,20,12,10,5.0,21.0,2.0,0.4,12,2.2986,3,4
80432,7,85,58,21,12.1429,23.0,10.8444,0.3176,58,6.7166,9,0
107255,6,44,14,11,7.3333,6.6,0.5477,0.6818,14,5.9509,8,6
156910,19,192,94,37,10.1053,12.8333,8.6789,0.5104,94,6.3972,8,12
98597,10,96,91,46,9.6,13.4444,12.551,0.0521,91,3.2569,4,1
72810,19,61,12,8,3.2105,19.2778,6.2948,0.8033,12,2.6283,4,4
143176,21,149,70,32,7.0952,15.15,9.8102,0.5302,70,4.2982,6,3
65516,16,96,65,33,6.0,10.0667,8.7706,0.3229,65,1.9234,3,0
149706,30,109,56,26,3.6333,8.8276,7.1418,0.4862,56,2.6599,4,1
73539,3,37,27,16,12.3333,24.0,2.8284,0.2703,27,5.9954,8,2
50505,5,90,71,41,18.0,29.0,2.0,0.2111,71,7.5194,10,17
169552,7,50,26,21,7.1429,8.1667,3.5449,0.48,26,6.0483,8,9
88209,20,642,205,72,32.1,14.5789,7.9465,0.6807,205,18.5217,23,30
88752,4,59,50,34,14.75,8.6667,4.0415,0.1525,50,5.2118,7,7
25131,4,35,23,10,8.75,24.6667,9.2376,0.3429,23,4.2595,6,5
24843,10,149,69,28,14.9,14.0,9.8742,0.5369,69,11.0248,14,4
101192,8,79,38,26,9.875,16.7143,11.8281,0.519,38,5.5372,7,8
25394,42,601,308,66,14.3095,6.5366,5.4456,0.4875,308,9.7512,12,6
154491,12,75,40,26,6.25,9.0,5.6745,0.4667,40,5.0797,7,8
118523,13,98,57,32,7.5385,14.6667,9.0587,0.4184,57,7.634,10,4
87955,32,359,111,39,11.2188,6.1613,3.6706,0.6908,111,11.2149,14,18
48390,4,26,26,22,6.5,5.0,1.0,0.0,26,2.0021,3,2
87793,8,62,22,13,7.75,24.7143,7.5435,0.6452,22,4.5169,6,3
36608,12,52,22,17,4.3333,14.4545,9.9936,0.5769,22,4.1187,5,1
113764,11,141,89,38,12.8182,21.5,11.078,0.3688,89,7.6641,10,6
203623,6,55,41,26,9.1667,15.8,8.2885,0.2545,41,4.7883,6,4
36132,6,49,38,26,8.1667,25.0,10.0995,0.2245,38,3.7275,5,5
71254,9,109,57,32,12.1111,14.375,7.8729,0.4771,57,10.2936,13,10
122557,83,139,25,15,1.6747,4.0122,3.6294,0.8201,25,1.6683,3,1
146294,8,57,37,21,7.125,17.5714,11.6025,0.3509,37,4.855,6,5
119249,10,121,65,29,12.1,19.3333,8.0777,0.4628,65,7.706,10,5
145051,3,10,8,5,3.3333,17.5,3.5355,0.2,8,2.3875,3,5
101904,24,53,9,7,2.2083,7.8261,2.7411,0.8302,9,2.1418,3,4
70595,15,140,43,21,9.3333,6.9286,1.0716,0.6929,43,6.9403,9,4
59640,6,33,24,15,5.5,6.8,6.2209,0.2727,24,3.0516,4,2
104416,18,63,22,15,3.5,18.3529,8.2836,0.6508,22,3.1856,4,3
114073,13,23,9,7,1.7692,11.0,5.6408,0.6087,9,1.4635,2,2
142910,3,61,55,33,20.3333,8.5,7.7782,0.0984,55,7.233,9,7
179420,22,203,76,42,9.2273,13.381,8.3873,0.6256,76,8.471,11,21
41945,3,21,20,14,7.0,19.0,15.5563,0.0476,20,2.3658,3,2
137372,10,73,30,19,7.3,12.2222,7.9495,0.589,30,4.5658,6,7
189671,6,33,30,23,5.5,26.6,7.6026,0.0909,30,2.1945,3,0
203744,6,58,35,15,9.6667,11.4,10.4307,0.3966,35,6.0942,8,5
192441,4,14,11,8,3.5,25.6667,7.5056,0.2143,11,1.5207,2,1
124046,3,35,29,18,11.6667,5.0,2.8284,0.1714,29,4.2591,6,2
185077,33,527,167,59,15.9697,10.0625,8.466,0.6831,167,12.3096,15,23
25323,39,407,147,56,10.4359,7.0526,4.1456,0.6388,147,7.0879,9,4
206100,3,5,3,3,1.6667,30.0,0.0,0.4,3,0.9659,2,0
6602,7,119,67,32,17.0,20.3333,12.9254,0.437,67,12.2439,15,18
35461,14,176,97,38,12.5714,18.3077,9.0956,0.4489,97,8.13,10,5
64942,29,171,20,11,5.8966,7.25,4.419,0.883,20,2.6952,4,6
120425,13,130,44,23,10.0,18.0833,6.0221,0.6615,44,7.904,10,5
141219,3,20,17,10,6.6667,15.5,12.0208,0.15,17,3.1851,4,4
194886,12,207,99,41,17.25,22.9091,9.1483,0.5217,99,12.6394,16,14
186950,17,35,6,5,2.0588,11.8125,4.9155,0.8286,6,1.4763,2,1
23098,5,45,35,22,9.0,24.25,11.5,0.2222,35,3.8437,5,7
84866,8,34,27,21,4.25,22.1429,10.3671,0.2059,27,2.4574,3,0
163772,8,27,16,13,3.375,16.4286,13.2521,0.4074,16,1.5567,2,1
162001,4,46,38,18,11.5,18.6667,14.7422,0.1739,38,4.5035,6,3
97997,17,57,23,16,3.3529,13.0625,7.1969,0.5965,23,2.1755,3,0
35881,24,115,37,23,4.7917,13.913,5.7597,0.6783,37,3.6017,5,6
117708,4,28,20,13,7.0,15.6667,3.7859,0.2857,20,2.7657,4,3
155398,41,254,59,31,6.1951,6.575,7.0634,0.7677,59,4.0992,5,6
150474,4,29,24,13,7.25,22.3333,9.2916,0.1724,24,2.3198,3,1
146596,11,186,68,32,16.9091,23.0,5.1424,0.6344,68,13.7563,17,18
57702,45,174,12,10,3.8667,7.9091,3.7961,0.931,12,4.2174,6,6
138400,13,115,40,19,8.8462,21.9167,10.0132,0.6522,40,6.7841,9,10
25492,13,113,68,23,8.6923,6.75,4.6344,0.3982,68,5.3447,7,7
21970,20,140,80,41,7.0,10.3684,9.7594,0.4286,80,3.165,4,2
137667,7,20,9,7,2.8571,21.8333,9.9683,0.55,9,2.4944,3,2
104233,7,210,115,57,30.0,10.5,10.5404,0.4524,115,15.9418,20,0
124392,23,137,20,11,5.9565,15.6364,6.7156,0.854,20,4.9796,6,4
150787,50,264,55,28,5.28,7.2857,4.2671,0.7917,55,4.6941,6,4
141628,13,67,48,24,5.1538,13.75,9.8362,0.2836,48,2.5278,4,2
2585,4,31,23,11,7.75,12.6667,15.1438,0.2581,23,3.6344,5,6
86128,5,54,39,26,10.8,7.5,6.1373,0.2778,39,2.9584,4,1
59264,4,34,26,14,8.5,17.0,11.7898,0.2353,26,3.0824,4,7
49264,16,115,75,38,7.1875,12.2667,9.3539,0.3478,75,4.9228,6,4
78774,6,36,17,14,6.0,29.4,1.3416,0.5278,17,4.7034,6,5
1085,3,8,4,4,2.6667,18.0,16.9706,0.5,4,1.4811,2,1
89356,4,16,12,11,4.0,22.3333,13.2791,0.25,12,1.7303,3,1
154396,3,41,31,19,13.6667,22.0,11.3137,0.2439,31,5.4425,7,2
60387,8,42,26,18,5.25,23.5714,6.2678,0.381,26,2.619,4,2
63607,4,63,30,14,15.75,25.6667,4.0415,0.5238,30,9.332,12,10
129517,3,36,33,25,12.0,29.5,0.7071,0.0833,33,3.275,4,8
137345,20,169,61,34,8.45,14.7895,9.455,0.6391,61,7.1084,9,9
200930,4,70,46,31,17.5,22.6667,12.7017,0.3429,46,9.0818,11,12
32176,3,5,4,4,1.6667,10.5,3.5355,0.2,4,1.1027,2,1
205700,52,568,122,40,10.9231,5.5294,2.0035,0.7852,122,17.0788,21,20
15336,11,68,46,24,6.1818,14.4,10.7414,0.3235,46,3.0523,4,2
147214,4,10,7,6,2.5,7.0,1.0,0.3,7,0.9658,2,2
87760,3,6,6,5,2.0,30.0,0.0,0.0,6,0.9767,2,0
61709,10,36,18,8,3.6,11.7778,8.5261,0.5,18,3.7305,5,3
188020,99,879,253,71,8.8788,2.7755,1.8022,0.7122,253,5.6395,7,4
157336,3,16,16,11,5.3333,29.0,1.4142,0.0,16,1.0697,2,0
145345,8,46,23,17,5.75,18.2857,8.1387,0.5,23,3.9238,5,5
78071,4,52,31,14,13.0,7.3333,2.3094,0.4038,31,6.0712,8,7
13424,8,59,40,20,7.375,22.7143,7.2276,0.322,40,3.6733,5,2
179863,8,66,16,10,8.25,8.1429,3.0237,0.7576,16,8.4825,11,12
93923,25,275,88,35,11.0,13.0,9.2172,0.68,88,8.9071,11,15
19463,17,160,100,45,9.4118,16.0,11.5758,0.375,100,5.1205,7,8
168646,5,56,45,26,11.2,14.75,9.6738,0.1964,45,2.9241,4,6
119368,59,476,127,34,8.0678,5.8103,3.7811,0.7332,127,4.7864,6,2
160400,4,42,38,23,10.5,21.6667,14.4338,0.0952,38,2.0914,3,2
98960,12,141,81,45,11.75,16.0909,12.2512,0.4255,81,5.4215,7,3
171284,60,733,193,50,12.2167,6.0169,4.5542,0.7367,193,13.2144,16,10
159925,31,397,90,33,12.8065,11.5,6.506,0.7733,90,9.8182,12,10
47282,6,83,59,29,13.8333,15.4,9.2358,0.2892,59,5.2908,7,15
82411,8,102,78,32,12.75,20.8571,7.4482,0.2353,78,6.5759,8,9
5029,6,116,55,31,19.3333,14.0,9.5656,0.5259,55,10.9928,14,6
6229,26,478,189,68,18.3846,10.32,7.1747,0.6046,189,17.3794,21,25
16636,7,9,5,5,1.2857,23.3333,6.377,0.4444,5,0.8728,2,0
189530,17,109,62,33,6.4118,15.75,8.8355,0.4312,62,4.1191,5,8
103236,13,84,58,28,6.4615,12.1667,8.1445,0.3095,58,3.0755,4,4
144603,4,77,68,26,19.25,22.0,13.8564,0.1169,68,6.3747,8,2
98022,20,263,116,47,13.15,10.3684,6.405,0.5589,116,8.7566,11,7
32659,16,76,42,22,4.75,10.8,10.7915,0.4474,42,2.0353,3,1
63368,24,156,54,28,6.5,10.4783,5.6316,0.6538,54,4.3131,6,5
200113,6,149,121,47,24.8333,12.2,8.7864,0.1879,121,8.1664,10,6
199222,3,114,87,35,38.0,30.0,0.0,0.2368,87,12.7749,16,26
145373,9,51,14,4,5.6667,8.375,3.5026,0.7255,14,4.2791,6,1
106439,15,54,18,13,3.6,10.3571,2.6197,0.6667,18,2.6241,4,4
20687,73,256,43,22,3.5068,5.0556,3.3897,0.832,43,2.6709,4,1
185154,3,16,15,11,5.3333,24.5,7.7782,0.0625,15,1.5898,2,1
141367,16,185,102,49,11.5625,7.4667,7.3569,0.4486,102,7.0658,9,8
7719,13,177,76,30,13.6154,17.0833,9.395,0.5706,76,7.6644,10,6
181338,4,96,72,30,24.0,22.6667,12.7017,0.25,72,11.8206,15,6
131666,6,59,54,31,9.8333,11.8,8.8713,0.0847,54,2.0585,3,4
56290,4,25,21,15,6.25,26.3333,6.3509,0.16,21,2.0025,3,0
74450,5,158,94,29,31.6,19.75,10.2103,0.4051,94,14.5088,18,17
191653,5,35,28,13,7.0,17.0,13.8804,0.2,28,2.99,4,6
5372,5,31,17,12,6.2,17.25,10.2429,0.4516,17,4.9719,6,4
49752,13,296,127,49,22.7692,12.5,6.5851,0.5709,127,15.7108,19,29
41441,4,36,32,21,9.0,19.3333,15.9478,0.1111,32,3.6215,5,0
177039,16,340,123,51,21.25,14.6667,9.2092,0.6382,123,17.5798,22,24
26407,7,117,46,26,16.7143,26.0,6.3246,0.6068,46,16.0242,20,12
177472,37,436,73,33,11.7838,9.4722,4.6812,0.8326,73,12.6612,16,15
157936,7,20,10,3,2.8571,20.0,10.9909,0.5,10,1.2043,2,0
205100,5,19,18,10,3.8,19.75,11.7296,0.0526,18,1.1023,2,1
137439,8,77,50,18,9.625,19.8571,11.9224,0.3506,50,5.6202,7,4
50226,20,157,58,29,7.85,15.6316,9.1482,0.6306,58,5.8034,7,2
4017,3,24,24,15,8.0,30.0,0.0,0.0,24,1.448,2,0
71246,5,50,36,16,10.0,12.0,8.756,0.28,36,5.2865,7,2
195558,7,46,31,21,6.5714,13.8333,9.261,0.3261,31,2.9951,4,0
73239,17,90,33,20,5.2941,12.4375,9.4302,0.6333,33,3.0276,4,5
54983,12,15,4,4,1.25,19.2727,10.882,0.7333,4,1.2964,2,2
110617,16,385,256,63,24.0625,18.6667,11.2483,0.3351,256,13.698,17,13
170529,14,81,57,32,5.7857,13.0769,8.261,0.2963,57,2.9436,4,4
87441,32,153,48,15,4.7812,11.4516,7.3159,0.6863,48,4.5589,6,5
149004,3,8,7,4,2.6667,19.0,15.5563,0.125,7,1.0808,2,0
10986,7,115,56,21,16.4286,25.1667,9.6003,0.513,56,10.9633,14,20
193393,65,573,136,49,8.8154,5.3594,3.0413,0.7627,136,9.8471,12,10
188421,13,83,53,29,6.3846,14.25,10.7291,0.3614,53,4.2353,6,6
201779,76,916,231,64,12.0526,4.6267,4.4533,0.7478,231,14.5199,18,20
65943,24,145,49,23,6.0417,14.5652,8.9535,0.6621,49,4.4798,6,10
198549,6,73,59,28,12.1667,18.2,13.3116,0.1918,59,5.5258,7,8
113844,29,191,102,49,6.5862,10.5714,8.4434,0.466,102,4.2834,6,4
46616,4,10,6,5,2.5,6.3333,1.1547,0.4,6,1.5185,2,1
144592,12,82,55,30,6.8333,15.6364,10.4045,0.3293,55,3.5291,5,2
103750,10,160,94,38,16.0,18.0,10.7703,0.4125,94,10.9164,14,9
144754,17,129,52,26,7.5882,13.0,9.3524,0.5969,52,9.114,11,9
18258,4,39,20,10,9.75,14.3333,3.0551,0.4872,20,5.0351,7,2
70850,7,132,116,47,18.8571,8.1667,3.656,0.1212,116,6.7795,9,10
28456,16,232,140,41,14.5,18.4667,8.4926,0.3966,140,9.37,12,7
47496,16,435,215,56,27.1875,13.8,10.4006,0.5057,215,15.8828,20,13
17592,9,82,60,31,9.1111,12.0,10.0712,0.2683,60,4.9025,6,11
133304,16,65,49,25,4.0625,11.4,6.9467,0.2462,49,2.0966,3,0
145824,50,541,262,77,10.82,6.449,6.4066,0.5157,262,6.9821,9,2
179822,3,25,20,12,8.3333,30.0,0.0,0.2,20,3.7705,5,1
157285,4,47,32,14,11.75,27.0,3.6056,0.3191,32,6.2627,8,9
52931,16,137,50,25,8.5625,12.9333,9.7502,0.635,50,6.7635,9,6
129783,57,556,148,53,9.7544,6.3393,4.1309,0.7338,148,11.3167,14,18
165372,17,106,71,34,6.2353,16.8125,10.0745,0.3302,71,3.3771,5,3
157943,6,89,76,29,14.8333,23.2,10.1587,0.1461,76,5.0332,7,7
165713,5,33,26,13,6.6,3.25,1.2583,0.2121,26,3.6517,5,5
63303,47,189,117,46,4.0213,7.1957,8.1038,0.381,117,2.7644,4,1
202069,4,28,26,17,7.0,16.6667,11.9304,0.0714,26,2.1357,3,0
51255,3,27,14,9,9.0,25.0,5.6569,0.4815,14,5.6882,7,6
68479,6,52,42,24,8.6667,10.8,11.5629,0.1923,42,3.8368,5,2
48725,20,126,80,25,6.3,12.4737,9.9798,0.3651,80,3.5938,5,1
177479,3,10,9,8,3.3333,19.0,15.5563,0.1,9,1.3772,2,1
1768,13,114,79,44,8.7692,10.75,7.0727,0.307,79,3.2584,4,6
204404,5,74,42,20,14.8,23.5,8.1854,0.4324,42,7.8513,10,8
185540,8,65,35,24,8.125,25.8571,9.2633,0.4615,35,5.9034,8,4
174946,17,83,42,29,4.8824,4.5,3.6515,0.494,42,3.6975,5,5
129500,25,117,34,13,4.68,9.4167,8.851,0.7094,34,4.2379,6,5
70678,16,109,62,26,6.8125,12.4,10.4047,0.4312,62,4.4046,6,3
13436,3,3,1,1,1.0,19.0,9.8995,0.6667,1,0.8216,1,1
164095,5,27,12,9,5.4,28.25,3.5,0.5556,12,4.606,6,2
115396,42,231,140,62,5.5,8.7073,6.1856,0.3939,140,3.4835,5,6
206149,5,56,32,21,11.2,21.5,8.7369,0.4286,32,5.8638,8,7
192049,14,165,66,30,11.7857,8.0769,7.0411,0.6,66,7.6813,10,6
136841,7,77,62,35,11.0,13.5,8.7121,0.1948,62,3.9167,5,3
139444,7,31,20,15,4.4286,30.0,0.0,0.3548,20,3.3891,5,1
186883,6,42,41,21,7.0,12.8,10.7331,0.0238,41,1.991,3,1
91237,44,398,178,55,9.0455,7.5116,4.7277,0.5528,178,3.6725,5,6
105981,34,532,143,44,15.6471,10.9394,6.2096,0.7312,143,13.386,17,27
99442,4,21,9,7,5.25,23.0,5.1962,0.5714,9,3.3115,4,6
19195,13,376,121,36,28.9231,17.5833,10.0766,0.6782,121,27.4434,33,30
160649,3,58,45,26,19.3333,16.0,11.3137,0.2241,45,10.611,13,9
42490,3,4,3,1,1.3333,25.0,7.0711,0.25,3,0.7299,1,1
61557,17,181,64,15,10.6471,9.75,6.4859,0.6464,64,8.5095,11,0
157455,10,156,82,40,15.6,18.2222,10.8602,0.4744,82,11.7303,15,10
141111,5,56,34,21,11.2,17.0,10.8934,0.3929,34,6.3993,8,7
14438,66,1046,237,54,15.8485,5.4462,3.0975,0.7734,237,13.0886,16,13
26874,8,136,84,38,17.0,21.5714,10.8299,0.3824,84,9.3367,12,19
34746,7,86,55,28,12.2857,4.6667,2.8752,0.3605,55,5.5978,7,3
123853,4,34,20,17,8.5,20.0,17.3205,0.4118,20,2.4407,3,1
46201,3,32,23,19,10.6667,13.0,0.0,0.2812,23,4.3138,6,8
95513,38,1111,293,80,29.2368,9.5946,6.7924,0.7363,293,24.8937,30,2
94107,5,32,20,14,6.4,23.75,6.2383,0.375,20,4.9362,6,2
188921,5,27,15,4,5.4,28.25,1.2583,0.4444,15,3.3406,5,0
44563,21,364,107,42,17.3333,10.1,5.6745,0.706,107,12.387,15,18
198417,7,122,85,51,17.4286,12.0,10.0399,0.3033,85,7.1892,9,1
107060,9,93,49,26,10.3333,18.125,10.1057,0.4731,49,5.0586,7,8
127403,4,21,15,11,5.25,27.3333,3.7859,0.2857,15,3.3893,5,3
119344,14,275,126,46,19.6429,17.4615,9.3239,0.5418,126,14.6429,18,14
36984,11,221,85,35,20.0909,23.7,9.0314,0.6154,85,16.0233,20,20
13718,10,53,28,17,5.3,18.8889,9.4399,0.4717,28,4.0129,5,2
47237,24,215,132,48,8.9583,6.5652,5.6474,0.386,132,5.8676,8,5
40159,13,92,32,14,7.0769,24.4167,6.5569,0.6522,32,4.993,6,9
52490,19,293,113,42,15.4211,14.8333,10.1358,0.6143,113,15.1218,19,2
57670,13,194,79,37,14.9231,21.6667,8.3919,0.5928,79,10.1691,13,7
67774,22,328,182,51,14.9091,14.8095,8.8861,0.4451,182,8.5357,11,12
76753,23,300,77,32,13.0435,12.3636,8.4659,0.7433,77,10.3296,13,7
174144,3,47,45,26,15.6667,16.0,19.799,0.0426,45,4.973,6,0
30911,10,46,30,18,4.6,17.5556,9.0982,0.3478,30,2.2136,3,2
142588,11,26,19,14,2.3636,15.3,10.4568,0.2692,19,1.2483,2,3
205407,5,33,18,12,6.6,17.25,9.2871,0.4545,18,4.482,6,5
109361,6,74,46,26,12.3333,26.0,8.9443,0.3784,46,5.1147,7,8
52924,33,311,78,38,9.4242,10.8438,6.2533,0.7492,78,6.7996,9,8
169206,4,51,31,10,12.75,14.3333,12.7017,0.3922,31,8.5157,11,12
67352,5,41,33,15,8.2,6.0,3.4641,0.1951,33,4.8189,6,2
100884,14,32,20,7,2.2857,22.3846,8.0987,0.375,20,1.7385,3,2
195806,41,669,112,30,16.3171,6.825,3.4484,0.8326,112,18.2233,22,19
15984,7,63,51,26,9.0,18.3333,10.7827,0.1905,51,2.9187,4,3
144210,9,21,13,10,2.3333,17.125,8.442,0.381,13,0.9487,2,4
7173,13,152,76,31,11.6923,13.0,8.3339,0.5,76,7.1917,9,10
75499,5,64,50,29,12.8,10.25,2.3629,0.2188,50,5.8127,7,5
19973,10,30,18,11,3.0,22.6667,9.206,0.4,18,3.2294,4,4
77213,6,62,49,28,10.3333,13.4,6.6558,0.2097,49,4.734,6,5
35548,34,369,172,62,10.8529,10.1515,7.8187,0.5339,172,6.7591,9,14
158539,11,49,26,17,4.4545,21.9,6.7239,0.4694,26,3.4375,5,4
59935,5,139,74,28,27.8,30.0,0.0,0.4676,74,20.3434,25,19
190290,10,173,52,25,17.3,7.7778,3.1535,0.6994,52,16.4037,20,18
139373,3,16,16,14,5.3333,17.5,17.6777,0.0,16,1.0074,2,1
1579,27,324,175,49,12.0,12.6154,9.1698,0.4599,175,8.0272,10,4
38782,3,52,43,22,17.3333,30.0,0.0,0.1731,43,6.6931,9,9
117973,11,84,70,30,7.6364,16.5,12.0208,0.1667,70,2.6617,4,2
114771,4,47,42,23,11.75,11.0,8.6603,0.1064,42,4.6187,6,4
114115,15,66,31,17,4.4,12.2857,9.563,0.5303,31,2.8042,4,2
109795,6,19,17,7,3.1667,19.4,13.9929,0.1053,17,1.3383,2,0
175144,4,38,32,18,9.5,11.3333,7.5056,0.1579,32,4.3669,6,8
186282,22,333,138,56,15.1364,14.2381,8.6018,0.5856,138,10.9008,14,8
143466,3,4,2,2,1.3333,27.5,3.5355,0.5,2,0.5916,1,2
122528,33,250,102,32,7.5758,11.1562,5.1312,0.592,102,6.2064,8,8
181578,3,24,14,12,8.0,7.5,0.7071,0.4167,14,5.647,7,9
68940,6,120,70,29,20.0,12.4,7.6681,0.4167,70,11.1192,14,18
60850,5,27,20,15,5.4,30.0,0.0,0.2593,20,2.5783,4,2
81382,22,293,141,49,13.3182,14.0952,10.1139,0.5188,141,11.372,14,14
45576,46,162,15,2,3.5217,7.8667,3.1738,0.9074,15,2.5235,4,2
112368,9,182,117,50,20.2222,10.25,3.6154,0.3571,117,10.7615,13,26
123041,8,108,64,23,13.5,21.1429,9.1365,0.4074,64,6.2,8,9
128565,5,35,26,18,7.0,23.0,12.7017,0.2571,26,2.9596,4,2
182085,8,73,37,26,9.125,12.7143,6.4734,0.4932,37,4.583,6,6
130724,4,24,14,10,6.0,30.0,0.0,0.4167,14,3.8255,5,2
177787,31,194,23,13,6.2581,9.5667,5.7577,0.8814,23,5.8115,7,7
14287,7,87,63,23,12.4286,10.3333,8.4538,0.2759,63,4.1157,5,4
90825,3,85,64,28,28.3333,21.5,12.0208,0.2471,64,12.1933,15,15
46271,11,150,87,37,13.6364,13.4,9.4657,0.42,87,7.2869,9,9
97711,3,33,21,11,11.0,26.0,5.6569,0.3636,21,5.7744,7,4
34588,9,44,35,22,4.8889,14.125,12.1118,0.2045,35,1.8877,3,3
176078,3,11,10,5,3.6667,18.5,16.2635,0.0909,10,1.0977,2,2
205253,18,226,88,31,12.5556,14.5882,9.8492,0.6106,88,10.1141,13,2
200006,18,84,39,23,4.6667,16.8824,9.4992,0.5357,39,2.1509,3,2
23041,6,19,8,6,3.1667,27.2,4.0866,0.5789,8,1.7638,3,2
66373,78,750,143,64,9.6154,4.4026,3.9811,0.8093,143,9.6016,12,7
107243,45,514,171,50,11.4222,8.1591,5.9726,0.6673,171,7.9692,10,6
198070,3,7,6,6,2.3333,18.0,16.9706,0.1429,6,0.5992,1,1
171959,8,69,39,14,8.625,15.0,11.299,0.4348,39,7.0932,9,4
98220,11,50,30,15,4.5455,19.1,7.8662,0.4,30,2.4864,3,2
20759,34,169,77,31,4.9706,9.5758,7.3486,0.5444,77,3.6515,5,3
37957,14,128,74,36,9.1429,15.1538,10.1065,0.4219,74,5.1917,7,4
55039,26,302,60,32,11.6154,13.92,7.4382,0.8013,60,14.758,18,15
66406,3,13,13,9,4.3333,10.5,6.364,0.0,13,1.1327,2,1
131672,7,67,50,29,9.5714,21.3333,10.4817,0.2537,50,3.4849,5,1
126313,5,120,75,34,24.0,23.5,8.1854,0.375,75,12.5787,16,7
140037,19,175,93,41,9.2105,5.5,3.6822,0.4686,93,6.8785,9,5
184439,21,153,101,41,7.2857,12.05,9.3272,0.3399,101,3.1581,4,2
92821,4,131,78,34,32.75,22.3333,13.2791,0.4046,78,20.5735,25,25
21874,27,206,48,26,7.6296,12.1923,8.2415,0.767,48,6.1276,8,4
162909,18,179,66,29,9.9444,16.3529,10.1793,0.6313,66,6.7923,9,4
204058,34,444,96,37,13.0588,6.7879,2.8257,0.7838,96,16.2106,20,13
186365,27,250,110,44,9.2593,11.4231,8.213,0.56,110,5.6643,7,2
194265,6,14,8,7,2.3333,20.4,8.961,0.4286,8,1.3127,2,0
126120,41,246,123,46,6.0,8.475,6.7406,0.5,123,4.9387,6,5
188764,14,46,18,11,3.2857,22.1538,8.3351,0.6087,18,2.6914,4,2
13398,3,11,10,8,3.6667,30.0,0.0,0.0909,10,0.8001,1,0
62105,3,30,26,15,10.0,29.0,1.4142,0.1333,26,3.2729,4,2
114153,19,161,92,41,8.4737,15.9444,10.0673,0.4286,92,5.8714,8,4
157650,46,362,54,34,7.8696,7.8444,3.8016,0.8508,54,5.1454,7,9
39804,19,128,73,42,6.7368,5.9444,4.7213,0.4297,73,3.6538,5,0
131223,99,492,201,51,4.9697,3.0204,4.9845,0.5915,201,3.4248,5,9
169454,12,17,13,10,1.4167,18.3636,8.512,0.2353,13,0.8515,2,1
163754,3,32,28,19,10.6667,30.0,0.0,0.125,28,4.3494,6,5
161519,48,427,124,38,8.8958,7.7447,4.0885,0.7096,124,4.2209,6,1
9494,18,215,128,37,11.9444,12.1765,9.2144,0.4047,128,7.5198,10,2
111266,5,128,74,37,25.6,7.25,0.9574,0.4219,74,17.0771,21,25
114501,3,39,28,12,13.0,14.5,0.7071,0.2821,28,6.7349,9,6
17163,40,498,169,52,12.45,8.4359,6.3486,0.6606,169,11.3241,14,22
103467,15,170,75,33,11.3333,14.8571,9.3632,0.5588,75,8.1021,10,6
76498,18,282,96,36,15.6667,14.5882,9.4872,0.6596,96,11.0976,14,9
130409,8,88,66,30,11.0,13.1429,10.4312,0.25,66,4.4767,6,5
198528,4,50,49,29,12.5,24.0,8.7178,0.02,49,2.2888,3,0
61784,3,14,12,10,4.6667,15.5,20.5061,0.1429,12,1.5856,2,4
142231,3,19,11,8,6.3333,30.0,0.0,0.4211,11,4.5214,6,5
29800,7,39,22,14,5.5714,14.0,10.4307,0.4359,22,3.3976,5,8
150212,34,287,135,61,8.4412,10.2121,5.9359,0.5296,135,7.217,9,6
49785,15,89,55,34,5.9333,15.7857,9.3741,0.382,55,3.5373,5,4
85002,5,98,74,34,19.6,25.25,9.5,0.2449,74,4.7152,6,0
26048,69,352,122,45,5.1014,4.3088,5.9457,0.6534,122,6.8598,9,6
164753,13,140,70,34,10.7692,11.5833,8.0618,0.5,70,8.2617,10,12
75024,16,284,175,72,17.75,15.6667,10.3141,0.3838,175,9.7984,12,9
194700,11,196,80,36,17.8182,23.8,8.979,0.5918,80,12.8271,16,9
29185,7,130,108,43,18.5714,19.6667,11.3959,0.1692,108,5.6198,7,6
86574,11,125,85,35,11.3636,19.6,9.5009,0.32,85,5.5303,7,11
120278,3,21,21,18,7.0,16.5,19.0919,0.0,21,1.6308,2,0
52431,26,123,51,28,4.7308,11.92,8.3413,0.5854,51,2.8336,4,1
205010,8,23,8,7,2.875,13.2857,9.16,0.6522,8,2.6712,4,0
100759,31,222,80,34,7.1613,8.1333,6.3231,0.6396,80,6.1215,8,4
123303,3,16,14,11,5.3333,16.5,13.435,0.125,14,2.0864,3,0
158737,4,50,33,22,12.5,15.0,13.4536,0.34,33,5.7655,7,4
164186,4,28,27,18,7.0,19.6667,8.9629,0.0357,27,2.536,4,0
144334,9,66,48,25,7.3333,10.25,8.4473,0.2727,48,2.6585,4,4
133236,3,28,19,10,9.3333,19.5,14.8492,0.3214,19,5.7928,7,3
189411,20,103,43,28,5.15,6.3158,2.4279,0.5825,43,4.3476,6,8
143033,23,654,294,72,28.4348,16.2273,6.6757,0.5505,294,28.431,35,31
180054,11,102,71,37,9.2727,6.0,3.4319,0.3039,71,4.1968,6,4
24601,3,19,16,14,6.3333,26.5,4.9497,0.1579,16,2.4283,3,4
75234,15,221,121,45,14.7333,14.7143,10.5934,0.4525,121,7.7882,10,5
54461,14,118,55,35,8.4286,9.6154,9.3143,0.5339,55,5.2749,7,4
73852,25,60,39,24,2.4,7.4167,7.8735,0.35,39,0.9567,2,2
22151,16,90,49,19,5.625,11.1333,9.9057,0.4556,49,3.2007,4,3
16358,9,65,40,21,7.2222,22.0,8.4007,0.3846,40,3.3162,4,6
170479,6,73,37,18,12.1667,19.0,10.6771,0.4932,37,6.2612,8,3
95375,26,182,54,27,7.0,9.72,8.5368,0.7033,54,6.8073,9,8
75666,9,52,32,24,5.7778,19.125,11.9096,0.3846,32,3.7064,5,4
170076,6,101,73,34,16.8333,28.4,3.5777,0.2772,73,6.9942,9,11
54585,25,126,31,12,5.04,7.0,4.8901,0.754,31,6.8697,9,7
72062,42,540,157,53,12.8571,7.4634,5.1918,0.7093,157,13.9413,17,9
158250,4,34,27,17,8.5,16.6667,11.5902,0.2059,27,3.7369,5,4
134056,3,24,21,12,8.0,6.0,2.8284,0.125,21,2.4442,3,1
142504,27,272,78,32,10.0741,10.2308,6.8487,0.7132,78,5.3926,7,3
43023,12,202,120,47,16.8333,17.3636,7.8265,0.4059,120,10.0606,13,16
52548,18,113,57,26,6.2778,10.4118,5.2804,0.4956,57,6.4465,8,6
65831,4,30,19,14,7.5,18.0,10.583,0.3667,19,4.4529,6,3
115166,11,92,69,34,8.3636,11.5,6.5362,0.25,69,3.2873,4,3
23119,4,33,27,19,8.25,19.6667,10.0167,0.1818,27,2.7977,4,0
187132,4,61,56,30,15.25,30.0,0.0,0.082,56,4.2478,6,1
161512,4,32,22,21,8.0,15.0,2.6458,0.3125,22,3.2032,4,3
195932,5,54,20,11,10.8,6.75,4.5,0.6296,20,8.8678,11,9
151033,30,203,109,42,6.7667,10.4138,9.8144,0.4631,109,4.1573,5,3
37747,7,45,21,15,6.4286,20.3333,9.5847,0.5333,21,5.4779,7,5
16587,10,172,67,39,17.2,6.7778,1.3017,0.6105,67,12.15,15,5
135881,14,194,76,32,13.8571,15.9231,9.9537,0.6082,76,10.3288,13,12
136383,43,400,159,62,9.3023,7.9048,6.4309,0.6025,159,9.8466,12,4
169862,30,98,28,20,3.2667,10.1724,6.7985,0.7143,28,3.3172,4,9
183571,16,73,28,17,4.5625,16.0,7.3969,0.6164,28,3.589,5,4
106687,10,66,47,24,6.6,18.4444,10.6667,0.2879,47,3.8886,5,2
48184,14,115,82,41,8.2143,5.5385,2.5038,0.287,82,4.1333,5,7
200255,7,64,23,19,9.1429,28.1667,3.6009,0.6406,23,5.0107,7,1
25703,16,140,83,29,8.75,14.1333,11.3381,0.4071,83,6.0353,8,5
70964,79,1552,239,74,19.6456,3.3077,1.8041,0.846,239,18.416,23,8
128090,17,218,99,52,12.8235,15.125,10.9293,0.5459,99,8.2187,10,5
202893,16,90,30,16,5.625,18.8667,8.782,0.6667,30,6.2282,8,4
181044,5,78,50,24,15.6,29.0,2.0,0.359,50,9.1207,11,9
9357,16,273,105,49,17.0625,9.5333,8.0699,0.6154,105,9.0789,11,9
83567,11,95,71,37,8.6364,19.2,9.9755,0.2526,71,4.5591,6,5
85625,5,49,33,22,9.8,24.5,11.0,0.3265,33,3.7881,5,5
111260,25,264,123,59,10.56,13.4167,7.5637,0.5341,123,6.3898,8,7
87683,9,87,53,32,9.6667,18.125,11.1026,0.3908,53,6.0611,8,6
157452,3,27,24,18,9.0,28.5,2.1213,0.1111,24,2.5391,4,1
195635,29,532,146,47,18.3448,10.9286,7.478,0.7256,146,18.4417,23,7
198459,60,250,89,40,4.1667,5.8814,5.9772,0.644,89,3.9134,5,2
42778,3,17,14,12,5.6667,21.0,12.7279,0.1765,14,2.5889,4,4
38960,7,30,16,6,4.2857,19.5,8.4794,0.4667,16,2.7265,4,0
119057,3,8,7,6,2.6667,21.5,12.0208,0.125,7,0.8585,2,0
141449,13,47,18,12,3.6154,14.8333,10.5472,0.617,18,3.1369,4,5
60479,13,177,112,45,13.6154,5.5,2.7798,0.3672,112,7.7044,10,1
122526,4,99,57,27,24.75,7.0,2.6458,0.4242,57,10.8347,14,8
196230,3,70,57,24,23.3333,11.0,2.8284,0.1857,57,8.9552,11,2
75229,5,73,56,21,14.6,3.75,2.7538,0.2329,56,8.3439,11,4
89430,7,30,17,12,4.2857,26.5,6.8044,0.4333,17,6.0101,8,6
173727,7,84,65,25,12.0,20.1667,8.0602,0.2262,65,6.2144,8,7
4365,3,51,43,31,17.0,30.0,0.0,0.1569,43,3.9326,5,5
62694,9,64,44,19,7.1111,20.875,11.3318,0.3125,44,4.3275,6,1
183708,3,41,24,12,13.6667,6.0,0.0,0.4146,24,8.9866,11,15
147969,4,33,27,17,8.25,16.6667,11.9304,0.1818,27,4.0857,5,12
128327,18,246,145,55,13.6667,13.1176,10.2401,0.4106,145,8.2653,10,3
109443,23,156,78,28,6.7826,13.4545,10.5367,0.5,78,3.0767,4,1
27702,17,148,76,24,8.7059,18.125,8.3974,0.4865,76,7.3599,9,6
56091,5,25,14,9,5.0,19.75,9.535,0.44,14,4.2686,6,6
146049,24,313,97,34,13.0417,12.2609,8.4811,0.6901,97,11.0066,14,9
81915,28,343,62,25,12.25,6.7778,2.3425,0.8192,62,15.2929,19,16
53506,4,25,16,6,6.25,29.6667,0.5774,0.36,16,3.6419,5,3
169346,11,99,64,32,9.0,15.5,11.2175,0.3535,64,4.6959,6,9
6040,19,67,15,7,3.5263,17.0,7.9187,0.7761,15,3.8286,5,2
52552,18,184,68,36,10.2222,7.1765,2.8774,0.6304,68,7.8069,10,8
132997,10,119,47,23,11.9,17.8889,11.6559,0.605,47,7.7137,10,2
162404,6,106,60,23,17.6667,30.0,0.0,0.434,60,8.5095,11,8
103476,20,240,103,44,12.0,5.1579,3.9618,0.5708,103,12.2765,15,2
75125,13,117,78,30,9.0,22.3333,7.1266,0.3333,78,4.4781,6,4
195652,4,23,15,12,5.75,30.0,0.0,0.3478,15,2.8275,4,2
192132,16,105,66,34,6.5625,5.7333,3.6345,0.3714,66,4.5403,6,8
22081,30,183,54,25,6.1,12.1724,7.6768,0.7049,54,5.0979,7,14
27251,8,41,36,21,5.125,19.8571,10.9762,0.122,36,1.1458,2,2
190100,8,73,38,24,9.125,18.5714,11.4289,0.4795,38,7.1009,9,4
18229,3,18,12,6,6.0,26.5,4.9497,0.3333,12,3.3736,5,6
140223,4,54,42,19,13.5,30.0,0.0,0.2222,42,6.1347,8,8
105071,3,33,30,18,11.0,18.0,16.9706,0.0909,30,3.5579,5,4
112291,8,152,85,42,19.0,19.2857,12.0238,0.4408,85,13.3649,17,16
176703,6,107,77,32,17.8333,15.0,13.7113,0.2804,77,11.1988,14,9
102491,3,67,48,32,22.3333,19.0,15.5563,0.2836,48,10.6539,13,17
202864,6,42,27,20,7.0,18.8,12.853,0.3571,27,3.6749,5,6
164791,4,17,16,12,4.25,20.3333,9.5044,0.0588,16,1.2368,2,0
43933,4,46,27,19,11.5,9.3333,5.1316,0.413,27,7.8341,10,10
9827,9,222,86,36,24.6667,9.875,5.7678,0.6126,86,20.8569,26,19
133659,7,59,35,17,8.4286,11.8333,9.347,0.4068,35,6.0513,8,8
123905,3,21,21,13,7.0,6.0,2.8284,0.0,21,1.5871,2,2
135093,7,66,59,26,9.4286,19.5,9.7108,0.1061,59,3.9615,5,6
81133,4,57,37,28,14.25,2.3333,1.1547,0.3509,37,8.7692,11,8
60299,54,409,176,62,7.5741,3.8491,5.408,0.5697,176,8.5323,11,2
74460,5,93,70,29,18.6,5.25,1.5,0.2473,70,8.5071,11,14
107345,6,13,4,4,2.1667,9.2,5.5408,0.6923,4,1.9297,3,2
187356,34,503,190,61,14.7941,4.0303,1.7938,0.6223,190,14.0976,17,10
162791,3,32,24,16,10.6667,21.0,12.7279,0.25,24,4.8505,6,4
199263,6,29,24,12,4.8333,12.4,11.2827,0.1724,24,1.5483,2,2
45711,9,92,57,33,10.2222,4.0,2.0702,0.3804,57,6.6644,8,15
65449,9,72,45,28,8.0,15.375,10.3086,0.375,45,3.1041,4,5
62191,53,1101,185,44,20.7736,6.8269,3.1976,0.832,185,22.6497,28,20
41640,5,29,14,9,5.8,21.0,11.1654,0.5172,14,3.1243,4,1
96778,18,469,130,51,26.0556,17.1176,8.8592,0.7228,130,17.8607,22,13
173303,15,162,73,30,10.8,15.5714,10.4345,0.5494,73,8.473,11,12
47210,4,48,34,12,12.0,30.0,0.0,0.2917,34,6.6815,9,8
86418,3,27,24,13,9.0,21.0,12.7279,0.1111,24,2.6471,4,0
74192,18,70,22,19,3.8889,17.4118,9.8175,0.6857,22,3.0849,4,6
73097,3,31,20,9,10.3333,22.0,0.0,0.3548,20,5.169,7,4
41462,17,359,131,48,21.1176,13.6875,8.9645,0.6351,131,19.2178,24,17
114762,3,31,28,16,10.3333,8.0,5.6569,0.0968,28,4.7479,6,5
24920,3,13,13,10,4.3333,26.5,4.9497,0.0,13,1.2378,2,3
112616,7,41,21,10,5.8571,20.8333,9.0646,0.4878,21,3.7151,5,6
154986,5,43,32,26,8.6,12.5,10.9697,0.2558,32,3.962,5,3
151092,5,82,51,25,16.4,8.25,3.9476,0.378,51,10.739,13,3
161347,4,51,34,18,12.75,19.3333,10.0664,0.3333,34,5.5726,7,6
19920,7,124,65,37,17.7143,27.1667,6.0139,0.4758,65,11.7514,15,14
198877,48,583,90,48,12.1458,7.4681,4.0799,0.8456,90,10.5136,13,8
61833,12,49,33,22,4.0833,10.4545,11.5357,0.3265,33,2.0888,3,0
203850,10,20,4,3,2.0,20.1111,10.301,0.8,4,1.7077,3,2
187872,4,53,42,19,13.25,18.6667,12.6623,0.2075,42,5.1923,7,4
32367,10,65,39,20,6.5,8.8889,5.9043,0.4,39,4.2966,6,4
31941,15,306,195,66,20.4,14.6429,10.4116,0.3627,195,12.1182,15,20
38942,6,63,49,34,10.5,6.0,1.5811,0.2222,49,4.4604,6,1
113530,3,34,33,16,11.3333,28.0,2.8284,0.0294,33,2.7619,4,4
47741,18,465,201,56,25.8333,8.7647,8.7216,0.5677,201,15.8667,20,19
169009,11,111,69,28,10.0909,11.3,6.5158,0.3784,69,6.8684,9,7
173542,6,42,33,22,7.0,26.4,6.9857,0.2143,33,3.3576,5,4
51485,10,85,51,21,8.5,6.1111,5.8405,0.4,51,5.3843,7,6
137781,5,43,39,19,8.6,26.25,7.5,0.093,39,3.0296,4,5
64119,4,58,54,22,14.5,8.0,5.0,0.069,54,4.6618,6,2
8863,3,15,14,10,5.0,5.5,0.7071,0.0667,14,1.7339,3,1
110818,3,46,34,26,15.3333,18.0,1.4142,0.2609,34,7.0842,9,5
66161,42,167,33,7,3.9762,8.4878,5.4869,0.8024,33,4.0074,5,6
57150,9,65,42,28,7.2222,23.0,6.7401,0.3538,42,4.8119,6,3
122315,14,87,31,18,6.2143,11.6923,11.5498,0.6437,31,4.2682,6,5
145916,36,369,139,43,10.25,9.9143,8.4762,0.6233,139,9.9426,12,6
17376,9,122,77,34,13.5556,8.75,9.083,0.3689,77,6.9676,9,11
128135,3,29,18,13,9.6667,10.0,12.7279,0.3793,18,2.8067,4,3
56258,11,123,77,41,11.1818,19.9,10.1483,0.374,77,5.993,8,7
88155,6,90,51,23,15.0,22.8,12.5579,0.4333,51,6.7268,9,8
166601,8,32,5,4,4.0,7.0,0.5774,0.8438,5,3.798,5,5
140639,20,140,67,25,7.0,16.2105,10.7785,0.5214,67,5.1008,7,2
152215,5,16,15,10,3.2,12.75,11.1766,0.0625,15,0.7372,1,0
162724,11,50,32,17,4.5455,23.9,7.6077,0.36,32,3.6398,5,3
28073,5,76,59,28,15.2,20.0,11.547,0.2237,59,7.326,9,7
774,10,103,48,27,10.3,9.4444,3.8115,0.534,48,5.9557,8,3
109558,3,26,24,15,8.6667,30.0,0.0,0.0769,24,3.1463,4,1
128908,7,112,78,40,16.0,16.3333,5.0067,0.3036,78,10.2491,13,5
57994,7,73,44,23,10.4286,18.0,13.6088,0.3973,44,4.9992,6,5
72407,13,46,31,16,3.5385,15.8333,10.6927,0.3261,31,2.193,3,2
121512,11,20,3,2,1.8182,25.2,9.0037,0.85,3,1.4743,2,2
21772,9,13,8,8,1.4444,20.5,10.583,0.3846,8,1.1137,2,1
76732,3,22,18,14,7.3333,30.0,0.0,0.1818,18,3.2812,4,4
148053,26,181,123,44,6.9615,11.56,8.6414,0.3204,123,3.6637,5,1
31247,6,41,30,19,6.8333,13.8,11.5629,0.2683,30,2.8932,4,1
176285,10,54,37,26,5.4,17.7778,8.9551,0.3148,37,2.5944,4,3
72616,5,17,12,7,3.4,18.0,13.8804,0.2941,12,2.0273,3,2
49709,3,8,6,4,2.6667,5.5,4.9497,0.25,6,1.2904,2,2
152441,5,70,58,40,14.0,9.75,7.3655,0.1714,58,7.8156,10,7
33977,8,81,67,25,10.125,12.7143,10.177,0.1728,67,9.0474,11,19
135299,47,361,163,54,7.6809,6.2391,6.4608,0.5485,163,5.7119,7,12
88281,25,386,225,54,15.44,6.5417,5.3077,0.4171,225,8.271,10,4
44273,21,177,77,38,8.4286,5.2,3.6505,0.565,77,5.3915,7,3
198991,6,220,135,40,36.6667,26.6,3.1305,0.3864,135,18.0933,22,14
142000,7,38,34,21,5.4286,21.8333,12.0069,0.1053,34,1.6825,3,2
28837,4,115,52,27,28.75,10.6667,7.2342,0.5478,52,17.9753,22,6
153784,3,5,4,3,1.6667,20.0,14.1421,0.2,4,1.0759,2,2
134142,7,50,38,20,7.1429,21.8333,9.9883,0.24,38,3.5432,5,8
194982,73,551,177,62,7.5479,3.4861,2.6216,0.6788,177,9.0409,11,4
205514,9,43,23,17,4.7778,26.625,3.7773,0.4651,23,3.2015,4,2
43163,11,70,41,25,6.3636,20.5,9.4192,0.4143,41,4.6506,6,5
35276,25,165,61,29,6.6,12.2083,9.7355,0.6303,61,6.4391,8,7
3468,20,293,121,48,14.65,17.2632,7.5927,0.587,121,12.39,15,3
24019,55,595,130,50,10.8182,6.0741,7.8737,0.7815,130,9.0879,11,5
140879,5,68,31,18,13.6,20.25,11.6154,0.5441,31,7.6343,10,5
77203,3,16,15,11,5.3333,24.5,2.1213,0.0625,15,1.594,2,2
138543,3,31,24,16,10.3333,30.0,0.0,0.2258,24,4.5874,6,4
83323,22,369,162,57,16.7727,4.2381,2.2562,0.561,162,14.025,17,11
130787,14,109,48,17,7.7857,12.5385,7.9332,0.5596,48,5.1347,7,1
201339,9,154,62,35,17.1111,8.125,3.3991,0.5974,62,14.9295,18,14
166677,13,140,95,38,10.7692,19.4167,10.3085,0.3214,95,6.9549,9,7
33675,13,128,42,30,9.8462,19.1667,7.7908,0.6719,42,8.8543,11,6
96796,3,22,21,18,7.3333,30.0,0.0,0.0455,21,2.2715,3,0
133363,9,87,46,26,9.6667,11.375,8.8469,0.4713,46,5.0443,7,1
186598,7,115,96,34,16.4286,14.5,12.3248,0.1652,96,7.2009,9,12
89851,4,106,59,24,26.5,30.0,0.0,0.4434,59,18.4084,23,1
168149,4,28,20,12,7.0,24.0,10.3923,0.2857,20,4.3441,6,4
6212,3,27,21,13,9.0,8.5,10.6066,0.2222,21,5.0304,7,7
50453,38,145,49,29,3.8158,6.9459,7.2378,0.6621,49,1.8982,3,2
108020,10,101,43,26,10.1,19.1111,10.3494,0.5743,43,7.5895,10,3
76756,9,92,73,38,10.2222,21.625,10.636,0.2065,73,4.1817,6,7
16897,17,64,43,23,3.7647,20.9375,6.7178,0.3281,43,2.1627,3,3
73269,11,117,88,48,10.6364,7.3,8.7566,0.2479,88,3.7151,5,3
88404,17,153,91,43,9.0,17.625,9.6876,0.4052,91,4.4103,6,4
124920,17,139,87,42,8.1765,12.8125,8.9682,0.3741,87,4.9973,6,6
130171,3,12,8,7,4.0,13.5,9.1924,0.3333,8,1.5935,2,2
73457,36,312,113,47,8.6667,9.8571,6.7786,0.6378,113,8.968,11,11
202467,13,86,46,28,6.6154,13.6667,8.7732,0.4651,46,3.3862,5,5
3505,12,52,17,11,4.3333,5.0909,4.1099,0.6731,17,3.3989,5,4
153208,3,5,4,4,1.6667,17.0,15.5563,0.2,4,0.4842,1,1
73809,15,184,119,45,12.2667,18.4286,10.3754,0.3533,119,6.6415,8,11
180660,16,157,70,38,9.8125,10.1333,6.3004,0.5541,70,7.1765,9,8
189805,20,131,69,30,6.55,17.3158,9.911,0.4733,69,5.2669,7,3
96681,5,53,25,9,10.6,23.5,8.544,0.5283,25,6.3754,8,4
191664,20,60,27,22,3.0,7.7368,3.3639,0.55,27,2.1035,3,1
185799,19,133,63,29,7.0,16.8889,9.3298,0.5263,63,6.4408,8,4
58782,16,139,54,34,8.6875,17.9333,8.3706,0.6115,54,6.9106,9,3
28177,16,44,14,10,2.75,17.3333,10.2097,0.6818,14,2.1517,3,3
195962,44,602,173,52,13.6818,8.3023,3.9372,0.7126,173,13.8617,17,24
11961,13,117,88,50,9.0,12.4167,8.8056,0.2479,88,3.4596,5,2
152273,3,20,14,7,6.6667,30.0,0.0,0.3,14,3.1399,4,3
153194,5,14,13,13,2.8,2.25,1.7078,0.0714,13,0.9059,2,0
162492,4,33,23,15,8.25,22.3333,10.0167,0.303,23,5.0074,7,1
69136,11,193,86,39,17.5455,18.9,10.4929,0.5544,86,8.8444,11,1
107599,7,39,28,14,5.5714,13.8333,9.9482,0.2821,28,2.3165,3,3
70717,17,146,103,47,8.5882,14.625,10.0191,0.2945,103,4.2092,6,1
144913,36,198,71,36,5.5,7.3714,9.0035,0.6414,71,3.7133,5,0
196007,31,446,173,51,14.3871,10.8,6.4348,0.6121,173,13.6607,17,6
166993,4,37,22,13,9.25,17.3333,11.6762,0.4054,22,6.2611,8,7
116992,6,30,17,10,5.0,16.8,7.9183,0.4333,17,2.5932,4,1
154731,15,103,62,31,6.8667,8.6429,10.9517,0.3981,62,4.0177,5,4
180975,40,235,131,41,5.875,8.6923,6.8983,0.4426,131,3.3097,4,6
174005,5,65,42,18,13.0,7.5,6.4031,0.3538,42,8.5635,11,7
59115,40,304,87,35,7.6,8.2308,6.5231,0.7138,87,5.2949,7,6
13658,7,61,36,14,8.7143,14.3333,11.0393,0.4098,36,7.5124,10,11
91608,8,58,45,24,7.25,21.1429,9.7712,0.2241,45,2.9405,4,1
2349,14,305,124,50,21.7857,9.6923,4.4231,0.5934,124,19.0093,23,13
161558,6,69,52,22,11.5,25.8,8.3187,0.2464,52,3.6252,5,0
16724,4,43,35,19,10.75,30.0,0.0,0.186,35,3.9065,5,5
69159,19,157,74,31,8.2632,17.8889,9.8929,0.5287,74,6.5466,8,7
97414,8,46,29,14,5.75,25.1429,5.7859,0.3696,29,3.9953,5,5
181486,4,20,13,7,5.0,28.0,3.4641,0.35,13,2.9608,4,1
25928,9,39,21,18,4.3333,13.375,10.141,0.4615,21,2.0699,3,1
122078,8,41,25,14,5.125,21.1429,11.408,0.3902,25,3.7647,5,2
108253,12,184,102,45,15.3333,21.5455,10.8385,0.4457,102,9.3674,12,9
134405,25,210,112,38,8.4,9.2917,9.7109,0.4667,112,7.3231,9,4
142274,5,36,29,16,7.2,8.25,4.5735,0.1944,29,3.5473,5,5
77603,10,124,47,29,12.4,20.1111,9.2526,0.621,47,8.3257,10,7
153929,6,22,17,12,3.6667,17.6,11.5888,0.2273,17,1.7884,3,1
174009,3,10,9,8,3.3333,25.5,6.364,0.1,9,0.7332,1,2
165226,5,41,22,15,8.2,14.25,11.9269,0.4634,22,3.5125,5,4
167102,3,17,16,13,5.6667,18.5,16.2635,0.0588,16,1.1825,2,1
34711,7,60,35,22,8.5714,23.1667,11.8729,0.4167,35,5.1576,7,7
38817,8,28,11,9,3.5,27.8571,4.4881,0.6071,11,3.4173,5,3
2716,5,45,35,19,9.0,17.75,14.198,0.2222,35,3.192,4,5
120725,21,415,180,64,19.7619,12.0,7.2257,0.5663,180,17.4477,21,7
174002,4,21,21,17,5.25,26.3333,6.3509,0.0,21,0.8669,2,0
184336,26,333,87,40,12.8077,9.44,6.4619,0.7387,87,13.4714,17,16
68714,6,60,36,20,10.0,26.6,5.6391,0.4,36,6.8939,9,12
123845,8,130,104,44,16.25,20.2857,12.4595,0.2,104,8.0348,10,14
94771,5,77,54,33,15.4,18.5,9.6782,0.2987,54,7.0749,9,5
106864,21,204,73,35,9.7143,13.15,9.8316,0.6422,73,5.5863,7,6
30249,12,161,95,41,13.4167,4.7273,1.4206,0.4099,95,7.8624,10,6
198848,23,279,141,55,12.1304,15.1818,8.116,0.4946,141,8.0593,10,3
16402,3,47,43,21,15.6667,23.5,9.1924,0.0851,43,4.2916,6,13
61838,6,80,63,30,13.3333,11.4,10.4547,0.2125,63,5.838,8,3
99424,29,78,24,12,2.6897,11.9286,7.5519,0.6923,24,1.4287,2,2
140634,3,54,41,19,18.0,8.0,1.4142,0.2407,41,8.3472,11,14
201588,31,516,119,34,16.6452,11.8333,5.5216,0.7694,119,8.0174,10,3
155877,12,205,56,36,17.0833,12.1818,8.6582,0.7268,56,14.75,18,18
169042,3,7,7,7,2.3333,17.0,18.3848,0.0,7,0.6387,1,1
149021,6,70,55,31,11.6667,23.4,9.8387,0.2143,55,6.3059,8,3
136714,33,99,14,10,3.0,10.7188,4.5169,0.8586,14,3.3119,4,3
188899,22,106,50,30,4.8182,12.4286,10.7171,0.5283,50,3.6142,5,8
39485,8,27,13,8,3.375,11.5714,6.7047,0.5185,13,2.3454,3,1
129450,11,111,70,35,10.0909,8.4,5.9104,0.3694,70,4.5445,6,0
10149,3,33,30,21,11.0,9.5,4.9497,0.0909,30,3.0756,4,0
36136,3,33,26,7,11.0,19.5,14.8492,0.2121,26,5.775,7,5
139982,16,289,119,48,18.0625,5.6,2.6673,0.5882,119,14.4893,18,8
178733,51,365,133,53,7.1569,6.38,4.7203,0.6356,133,5.7746,7,6
188018,33,550,256,76,16.6667,9.5938,6.3645,0.5345,256,12.0997,15,18
158092,3,71,47,22,23.6667,23.5,9.1924,0.338,47,11.2965,14,5
98739,14,209,84,37,14.9286,8.6154,5.7957,0.5981,84,11.8223,15,19
66381,8,14,9,9,1.75,18.1429,9.1183,0.3571,9,1.5359,2,2
62093,3,14,13,9,4.6667,23.5,9.1924,0.0714,13,0.8144,1,1
30458,6,90,50,37,15.0,29.0,1.4142,0.4444,50,9.8491,12,6
166052,4,9,3,3,2.25,27.6667,4.0415,0.6667,3,1.8716,3,3
155193,18,528,226,80,29.3333,14.2353,10.9117,0.572,226,19.7023,24,15
101550,6,54,49,34,9.0,20.2,6.4187,0.0926,49,2.2069,3,3
120149,3,20,16,12,6.6667,18.0,11.3137,0.2,16,2.567,4,0
112339,5,34,30,18,6.8,19.5,7.8528,0.1176,30,2.8249,4,5
191748,5,55,43,26,11.0,4.25,3.0957,0.2182,43,7.394,9,10
129941,12,140,35,20,11.6667,17.0909,7.0916,0.75,35,10.721,13,16
180729,26,329,160,52,12.6538,10.16,4.4785,0.5137,160,9.4623,12,1
57513,16,124,79,41,7.75,8.8667,6.6533,0.3629,79,5.5598,7,8
122153,4,14,8,7,3.5,7.0,1.0,0.4286,8,2.9329,4,3
54922,19,68,34,20,3.5789,13.7778,10.6028,0.5,34,2.7686,4,3
92530,5,93,64,28,18.6,20.0,11.6619,0.3118,64,11.0482,14,12
67149,15,60,23,13,4.0,17.9286,9.5068,0.6167,23,3.6469,5,4
32406,32,522,185,52,16.3125,10.2258,7.9444,0.6456,185,12.4077,15,9
4633,11,62,45,24,5.6364,9.2,4.2895,0.2742,45,3.2588,4,4
156329,5,25,22,12,5.0,22.5,15.0,0.12,22,1.9717,3,2
199549,20,223,55,27,11.15,14.2105,8.7469,0.7534,55,11.3002,14,12
30053,48,120,13,5,2.5,7.4894,4.154,0.8917,13,2.5668,4,5
50599,8,101,67,35,12.625,22.7143,7.2964,0.3366,67,7.0898,9,2
125405,9,43,40,22,4.7778,8.375,6.5233,0.0698,40,1.4898,2,0
129725,31,348,125,42,11.2258,10.7333,6.7361,0.6408,125,7.9564,10,17
79583,18,63,34,25,3.5,11.8824,9.6494,0.4603,34,3.3701,5,5
179488,18,323,121,53,17.9444,12.8824,10.535,0.6254,121,16.2851,20,16
92133,13,107,68,32,8.2308,6.3333,9.2867,0.3645,68,3.2985,4,5
88511,5,70,48,26,14.0,30.0,0.0,0.3143,48,6.2938,8,8
15871,7,42,36,19,6.0,21.5,6.921,0.1429,36,2.4331,3,3
96862,7,16,9,5,2.2857,28.1667,2.9944,0.4375,9,1.4074,2,0
12065,40,376,137,40,9.4,8.641,5.7879,0.6356,137,6.7776,9,1
1461,11,199,129,55,18.0909,18.0,9.6724,0.3518,129,12.1229,15,1
186941,5,34,31,23,6.8,19.25,13.8414,0.0882,31,2.2765,3,1
54551,13,209,114,53,16.0769,19.25,7.9558,0.4545,114,10.2624,13,10
74431,13,134,72,36,10.3077,14.5,8.4799,0.4627,72,5.3227,7,8
18726,4,36,32,12,9.0,4.6667,2.3094,0.1111,32,2.261,3,3
144983,14,108,46,25,7.7143,20.7692,9.8078,0.5741,46,4.7047,6,4
116798,10,71,39,24,7.1,18.1111,9.8164,0.4507,39,3.8785,5,0
117146,7,75,38,26,10.7143,28.1667,3.6009,0.4933,38,5.7453,7,7
107063,5,13,12,10,2.6,30.0,0.0,0.0769,12,0.524,1,0
146324,10,77,31,23,7.7,11.5556,8.6763,0.5974,31,4.8824,6,6
75299,7,111,62,25,15.8571,22.8333,9.347,0.4414,62,11.3985,14,7
139211,84,620,171,46,7.381,4.3614,3.0746,0.7242,171,7.7098,10,3
191881,15,88,62,25,5.8667,11.2857,10.4103,0.2955,62,4.315,6,5
39473,5,15,8,4,3.0,11.0,8.756,0.4667,8,2.4419,3,3
119468,42,873,223,60,20.7857,8.7561,4.9486,0.7446,223,23.7677,29,17
10744,42,595,204,73,14.1667,7.6098,6.5798,0.6571,204,18.6956,23,13
6077,12,97,69,42,8.0833,14.3636,11.2096,0.2887,69,3.5874,5,3
113486,3,40,30,15,13.3333,7.0,1.4142,0.25,30,7.5644,10,5
151831,43,406,136,42,9.4419,6.5238,5.5754,0.665,136,7.0337,9,3
180826,10,233,127,46,23.3,24.4444,7.1783,0.4549,127,13.6454,17,17
126804,24,48,13,8,2.0,14.6957,8.7149,0.7292,13,1.9082,3,3
30804,14,212,104,43,15.1429,16.0769,9.2237,0.5094,104,14.2577,18,18
134341,3,22,19,7,7.3333,30.0,0.0,0.1364,19,2.4469,3,0
172232,5,126,85,50,25.2,9.75,7.6757,0.3254,85,15.2009,19,4
114198,7,33,17,10,4.7143,14.8333,11.3034,0.4848,17,2.5607,4,3
179673,6,11,8,7,1.8333,12.8,15.7226,0.2727,8,0.4984,1,1
26204,9,68,55,24,7.5556,19.75,9.7505,0.1912,55,3.9408,5,10
92333,6,138,90,46,23.0,27.0,6.7082,0.3478,90,11.9691,15,14
80749,4,13,11,10,3.25,25.0,4.5826,0.1538,11,1.4082,2,0
26481,22,51,32,15,2.3182,12.8571,9.4302,0.3725,32,1.4865,2,0
169952,3,40,36,18,13.3333,22.5,10.6066,0.1,36,4.0263,5,4
93240,7,64,31,24,9.1429,21.1667,11.9066,0.5156,31,5.5161,7,1
108375,18,276,95,36,15.3333,17.0588,9.3171,0.6558,95,12.9203,16,16
175008,6,52,39,20,8.6667,12.6,10.0648,0.25,39,3.4856,5,3
25409,94,360,71,33,3.8298,3.8065,2.9461,0.8028,71,5.8049,7,8
147217,10,65,47,33,6.5,12.5556,9.2346,0.2769,47,2.8235,4,7
3233,7,82,61,36,11.7143,20.6667,11.4484,0.2561,61,6.8081,9,4
155326,4,22,15,8,5.5,17.6667,11.2398,0.3182,15,2.2799,3,5
57465,15,204,76,28,13.6,18.2143,10.0398,0.6275,76,9.6281,12,14
141627,42,404,172,68,9.619,8.6098,5.1715,0.5743,172,9.1792,12,10
183906,28,89,33,17,3.1786,9.3704,6.1528,0.6292,33,2.1783,3,1
100682,22,190,103,45,8.6364,13.5238,9.3039,0.4579,103,5.0156,7,2
181364,6,61,55,24,10.1667,19.4,14.5534,0.0984,55,3.2543,4,1
4912,7,31,20,16,4.4286,25.8333,4.535,0.3548,20,2.685,4,2
188083,6,82,58,31,13.6667,23.0,10.9545,0.2927,58,6.4508,8,10
197308,61,872,145,45,14.2951,5.1167,5.0425,0.8337,145,12.9448,16,12
81258,5,34,32,22,6.8,12.75,11.5289,0.0588,32,1.9816,3,3
953,9,121,61,34,13.4444,14.125,10.0915,0.4959,61,8.7449,11,2
110790,25,193,101,41,7.72,13.7917,9.7489,0.4767,101,4.6497,6,1
100851,15,50,40,26,3.3333,18.8571,10.1819,0.2,40,1.2341,2,0
61494,24,282,124,43,11.75,7.8261,5.2799,0.5603,124,9.4222,12,11
164809,5,57,41,19,11.4,9.75,10.8128,0.2807,41,3.394,5,7
29607,5,60,47,23,12.0,12.5,7.2342,0.2167,47,6.0799,8,8
112125,3,13,9,7,4.3333,18.5,3.5355,0.3077,9,1.9999,3,4
165105,13,99,63,24,7.6154,11.4167,9.4624,0.3636,63,4.7637,6,5
137645,16,45,18,12,2.8125,17.0667,7.1261,0.6,18,2.6287,4,1
98101,7,35,5,4,5.0,7.1667,1.9408,0.8571,5,4.5578,5,5
125480,7,41,28,14,5.8571,24.5,7.791,0.3171,28,3.5949,5,3
193019,19,256,112,49,13.4737,6.2778,4.9326,0.5625,112,5.8821,8,3
27678,28,95,47,26,3.3929,12.2593,8.9811,0.5053,47,2.3164,3,2
113580,3,27,22,13,9.0,13.0,14.1421,0.1852,22,4.7006,6,7
128645,3,31,28,18,10.3333,30.0,0.0,0.0968,28,3.8429,5,6
91365,5,36,24,16,7.2,15.0,8.3666,0.3333,24,4.0942,5,2
51417,3,16,9,8,5.3333,30.0,0.0,0.4375,9,3.9939,5,4
85239,3,25,16,10,8.3333,14.5,3.5355,0.36,16,4.0774,5,0
150718,9,125,56,28,13.8889,21.0,9.8125,0.552,56,11.7785,15,16
108985,6,61,36,27,10.1667,18.6,10.6677,0.4098,36,5.4077,7,7
131068,4,15,12,8,3.75,22.6667,8.0829,0.2,12,1.6736,3,1
143425,4,14,13,11,3.5,28.6667,2.3094,0.0714,13,1.4048,2,3
22178,7,73,48,25,10.4286,23.5,7.287,0.3425,48,5.6516,7,4
37964,39,517,169,56,13.2564,8.8421,6.8597,0.6731,169,11.1219,14,12
85008,15,90,47,28,6.0,17.1429,9.1975,0.4778,47,3.7975,5,8
160143,7,101,55,32,14.4286,12.3333,9.7091,0.4554,55,9.5495,12,9
35913,3,19,11,8,6.3333,30.0,0.0,0.4211,11,3.6929,5,1
124,8,79,48,19,9.875,15.1429,9.1911,0.3924,48,4.725,6,6
41254,69,471,160,54,6.8261,5.1324,3.8707,0.6603,160,5.2758,7,7
154560,17,178,45,21,10.4706,16.4375,7.9496,0.7472,45,6.8668,9,8
78300,6,80,46,23,13.3333,17.8,11.3446,0.425,46,7.3829,9,8
71279,5,24,16,16,4.8,28.25,3.5,0.3333,16,3.1993,4,3
180372,49,910,188,48,18.5714,7.2292,4.8344,0.7934,188,16.7092,21,12
87700,5,44,42,27,8.8,25.0,6.6332,0.0455,42,3.0279,4,0
17625,10,69,45,24,6.9,14.5556,8.1411,0.3478,45,3.5178,5,7
159337,4,51,39,24,12.75,20.6667,8.6217,0.2353,39,5.1482,7,10
159420,9,54,44,24,6.0,22.75,11.0162,0.1852,44,2.9677,4,2
92760,8,48,33,22,6.0,8.0,6.733,0.3125,33,3.2102,4,1
172942,3,15,15,12,5.0,16.5,19.0919,0.0,15,0.9862,2,3
177576,6,107,63,28,17.8333,11.4,5.4129,0.4112,63,9.5323,12,18
178400,3,15,14,9,5.0,30.0,0.0,0.0667,14,1.0605,2,2
142879,9,48,32,21,5.3333,15.25,10.3337,0.3333,32,3.9691,5,4
168045,10,58,51,22,5.8,5.8889,4.0139,0.1207,51,1.6254,2,0
119608,6,19,17,10,3.1667,12.8,10.9864,0.1053,17,1.7364,3,0
26311,3,69,64,29,23.0,18.5,13.435,0.0725,64,6.2053,8,3
133852,4,19,11,7,4.75,3.3333,2.3094,0.4211,11,2.9662,4,5
78067,3,49,43,30,16.3333,18.5,16.2635,0.1224,43,6.5259,8,9
40655,18,344,97,41,19.1111,15.1176,9.2728,0.718,97,15.852,20,11
94248,5,69,50,27,13.8,30.0,0.0,0.2754,50,5.9117,8,6
122752,6,49,40,28,8.1667,19.8,14.0784,0.1837,40,2.6534,4,2
151084,10,83,56,27,8.3,8.6667,5.8737,0.3253,56,4.6252,6,5
37724,5,54,32,21,10.8,22.0,9.0921,0.4074,32,6.2199,8,9
93932,8,103,67,44,12.875,14.7143,12.189,0.3495,67,5.3137,7,4
86966,4,70,59,28,17.5,9.6667,10.6927,0.1571,59,6.3956,8,11
38222,7,44,33,22,6.2857,27.0,5.6214,0.25,33,3.9234,5,4
47523,49,387,124,38,7.898,6.75,3.3927,0.6796,124,5.7122,7,4
16811,9,124,66,22,13.7778,19.25,7.7414,0.4677,66,9.5189,12,14
164634,25,290,170,66,11.6,9.4583,6.9029,0.4138,170,7.1708,9,3
26612,3,15,15,10,5.0,16.5,19.0919,0.0,15,0.93,2,0
135323,7,18,16,10,2.5714,14.8333,11.9066,0.1111,16,0.653,1,0
161722,8,22,9,6,2.75,28.0,2.8868,0.5909,9,1.2283,2,4
126554,4,65,46,21,16.25,27.0,5.1962,0.2923,46,9.3843,12,3
173246,3,3,3,3,1.0,14.0,2.8284,0.0,3,0.3608,1,0
130292,18,126,62,32,7.0,13.8824,10.1851,0.5079,62,4.0537,5,5
139413,50,182,61,33,3.64,4.2653,3.1476,0.6648,61,4.1874,6,4
17367,10,54,33,19,5.4,18.8889,8.6522,0.3889,33,4.4876,6,7
28264,5,42,31,19,8.4,7.0,2.1602,0.2619,31,3.8258,5,1
142250,4,25,18,13,6.25,20.3333,7.0238,0.28,18,2.5296,4,4
35072,52,277,52,30,5.3269,6.8235,5.0307,0.8123,52,7.9825,10,11
111998,3,28,17,13,9.3333,30.0,0.0,0.3929,17,4.855,6,5
69992,7,38,24,19,5.4286,11.3333,9.4587,0.3684,24,2.5504,4,3
183164,4,55,46,24,13.75,30.0,0.0,0.1636,46,5.596,7,4
28511,10,39,19,14,3.9,20.1111,7.96,0.5128,19,3.8072,5,1
203238,3,17,16,12,5.6667,18.5,16.2635,0.0588,16,1.5363,2,1
135665,3,92,73,32,30.6667,22.0,11.3137,0.2065,73,11.5231,14,18
60462,16,79,66,40,4.9375,15.8667,8.4673,0.1646,66,2.0746,3,2
198939,16,113,43,34,7.0625,9.8667,8.2883,0.6195,43,4.6115,6,7
107632,11,172,96,32,15.6364,15.8,10.7786,0.4419,96,11.4079,14,12
204641,35,421,175,64,12.0286,10.4706,6.938,0.5843,175,9.495,12,12
203475,8,216,90,41,27.0,14.2857,8.4403,0.5833,90,17.7192,22,11
37203,6,108,55,20,18.0,14.6,8.3546,0.4907,55,9.5169,12,2
137231,42,495,141,46,11.7857,8.1951,5.7542,0.7152,141,13.2513,16,11
164974,47,962,201,55,20.4681,7.1739,6.4198,0.7911,201,18.4443,23,15
100746,7,191,166,70,27.2857,24.8333,9.1524,0.1309,166,7.3589,9,6
199709,21,160,39,23,7.619,8.85,3.7314,0.7562,39,6.5908,8,8
8727,26,403,100,52,15.5,11.32,8.6445,0.7519,100,10.7128,13,10
76490,4,24,21,15,6.0,15.6667,9.4516,0.125,21,2.2378,3,3
97482,4,36,23,13,9.0,8.6667,2.8868,0.3611,23,6.6491,8,13
104340,4,30,28,15,7.5,5.3333,5.8595,0.0667,28,3.5508,5,4
64678,3,12,11,7,4.0,30.0,0.0,0.0833,11,1.1011,2,1
205096,70,947,298,70,13.5286,5.2754,2.6059,0.6853,298,7.2521,9,1
56872,4,50,34,17,12.5,25.3333,8.0829,0.32,34,5.7627,7,3
94000,4,6,2,2,1.5,20.0,9.1652,0.6667,2,0.961,2,1
78594,6,58,35,16,9.6667,5.4,1.6733,0.3966,35,6.6535,8,8
86759,8,67,59,35,8.375,16.5714,10.3256,0.1194,59,2.659,4,5
56083,11,119,72,33,10.8182,16.5,9.7894,0.395,72,5.3236,7,1
30549,3,11,11,9,3.6667,17.0,18.3848,0.0,11,0.6887,1,1
65557,12,431,180,57,35.9167,17.6364,9.9426,0.5824,180,21.921,27,29
128783,5,19,15,13,3.8,24.25,9.6047,0.2105,15,1.4209,2,2
171636,7,40,25,19,5.7143,26.0,8.8544,0.375,25,3.3998,5,3
183001,27,475,251,57,17.5926,8.8077,5.7621,0.4716,251,11.1846,14,7
195838,50,533,117,42,10.66,6.7347,5.3843,0.7805,117,13.3743,17,6
102084,11,120,78,29,10.9091,23.2,8.6255,0.35,78,5.3702,7,3
14388,42,597,303,78,14.2143,7.9268,6.7171,0.4925,303,10.4227,13,14
7792,42,570,175,62,13.5714,8.3902,6.6441,0.693,175,10.2515,13,17
60792,3,28,15,9,9.3333,24.5,6.364,0.4643,15,5.0235,7,4
162889,22,332,144,44,15.0909,13.9048,8.0617,0.5663,144,10.2505,13,11
203067,6,67,45,16,11.1667,10.6,5.5498,0.3284,45,5.4025,7,5
64846,5,11,11,8,2.2,13.5,8.2664,0.0,11,0.8261,1,2
55850,5,50,38,27,10.0,26.0,8.0,0.24,38,4.3192,6,1
121174,37,75,15,13,2.027,9.6111,7.2082,0.8,15,1.9988,3,2
48351,5,40,30,18,8.0,8.75,10.4682,0.25,30,3.7898,5,5
80132,18,209,119,45,11.6111,5.2941,4.2832,0.4306,119,7.5446,10,8
31452,6,139,78,36,23.1667,16.0,8.4558,0.4388,78,12.2728,15,16
44628,30,351,138,49,11.7,10.2759,8.0662,0.6068,138,10.02,13,11
175018,8,105,63,37,13.125,17.7143,5.8513,0.4,63,10.7584,13,16
96006,17,223,71,30,13.1176,6.125,2.1871,0.6816,71,10.1193,13,21
143477,8,165,94,36,20.625,18.8571,5.8146,0.4303,94,13.1614,16,18
72274,3,12,9,8,4.0,18.5,16.2635,0.25,9,1.7246,3,3
23597,3,24,15,11,8.0,30.0,0.0,0.375,15,4.3273,6,1
198946,6,87,27,20,14.5,7.2,4.2071,0.6897,27,11.1563,14,15
104391,16,184,35,17,11.5,12.4667,4.8383,0.8098,35,9.9324,12,7
210,99,1476,233,55,14.9091,3.3163,1.5505,0.8421,233,17.7035,22,21
16725,67,951,254,71,14.194,5.4242,3.3006,0.7329,254,14.4501,18,9
19028,47,510,183,49,10.8511,6.2391,7.0622,0.6412,183,5.9245,8,6
97161,33,277,69,25,8.3939,9.75,6.7442,0.7509,69,7.2989,9,9
112947,17,148,98,39,8.7059,10.0625,8.8504,0.3378,98,6.5167,8,8
173289,7,86,67,35,12.2857,24.6667,9.3737,0.2209,67,5.1833,7,4
51830,4,39,30,18,9.75,8.6667,3.7859,0.2308,30,4.0917,5,5
114571,8,208,77,36,26.0,18.5714,7.8072,0.6298,77,19.3827,24,22
19943,6,24,11,10,4.0,30.0,0.0,0.5417,11,3.4593,5,3
54942,5,45,30,17,9.0,19.5,12.1518,0.3333,30,4.9998,6,4
20569,10,144,68,39,14.4,19.0,9.1652,0.5278,68,9.5821,12,11
203139,9,79,55,20,8.7778,19.625,11.451,0.3038,55,4.575,6,3
7702,11,59,34,21,5.3636,21.6,7.905,0.4237,34,3.9207,5,3
83638,4,71,32,19,17.75,16.3333,9.7125,0.5493,32,9.552,12,15
81713,4,46,32,22,11.5,17.6667,10.0167,0.3043,32,4.9162,6,3
33815,4,35,30,27,8.75,30.0,0.0,0.1429,30,2.844,4,4
123920,19,237,98,36,12.4737,15.0,10.3696,0.5865,98,9.9115,12,6
47529,7,150,89,30,21.4286,15.1667,7.6529,0.4067,89,12.1031,15,7
77347,16,306,135,52,19.125,13.4667,8.8388,0.5588,135,12.486,15,9
154478,41,407,212,55,9.9268,8.025,7.0292,0.4791,212,7.5713,10,2
205278,19,169,61,32,8.8947,3.8333,2.6844,0.6391,61,6.3887,8,7
59052,28,160,68,37,5.7143,11.8889,9.3452,0.575,68,5.0159,7,5
203045,8,76,52,35,9.5,21.7143,9.358,0.3158,52,8.4999,11,15
177235,3,10,7,6,3.3333,30.0,0.0,0.3,7,1.6944,3,1
161963,4,52,36,24,13.0,30.0,0.0,0.3077,36,6.9927,9,6
80133,3,13,8,6,4.3333,21.5,12.0208,0.3846,8,1.9858,3,4
114148,11,91,58,19,8.2727,15.9,10.4291,0.3626,58,5.1842,7,2
148341,6,21,14,10,3.5,23.6,9.0167,0.3333,14,2.0295,3,3
10121,5,127,81,35,25.4,22.75,8.1803,0.3622,81,14.1254,17,20
43818,7,33,25,13,4.7143,12.0,10.4115,0.2424,25,1.3968,2,4
78015,26,286,79,28,11.0,12.32,7.6306,0.7238,79,9.828,12,15
108481,4,45,28,18,11.25,7.0,0.0,0.3778,28,6.465,8,3
18540,6,37,22,13,6.1667,21.6,9.4499,0.4054,22,3.1864,4,3
91876,28,150,81,26,5.3571,9.1852,5.7981,0.46,81,3.0423,4,5
22198,23,81,56,30,3.5217,8.3636,7.847,0.3086,56,1.8912,3,2
191574,4,80,53,28,20.0,16.6667,12.5831,0.3375,53,11.0465,14,5
16445,12,150,72,28,12.5,14.2727,10.6027,0.52,72,9.3197,12,4
113384,99,643,121,63,6.4949,3.6429,3.218,0.8118,121,5.4961,7,4
110850,14,109,65,34,7.7857,13.3846,7.3998,0.4037,65,4.4666,6,6
102341,12,104,60,28,8.6667,19.9091,10.3097,0.4231,60,5.0081,7,3
2613,4,30,21,16,7.5,8.6667,3.7859,0.3,21,4.7799,6,7
176978,8,108,77,40,13.5,13.5714,12.2998,0.287,77,5.4026,7,17
172633,14,116,73,29,8.2857,17.0769,10.2344,0.3707,73,4.6755,6,11
29101,3,10,7,4,3.3333,20.0,11.3137,0.3,7,2.2204,3,4
49118,7,38,12,8,5.4286,29.3333,1.633,0.6842,12,4.0171,5,6
189997,11,127,90,36,11.5455,22.2,10.3902,0.2913,90,5.6261,7,8
192918,4,36,24,10,9.0,26.3333,3.5119,0.3333,24,5.2183,7,2
127528,22,165,87,46,7.5,15.4762,9.9781,0.4727,87,5.4754,7,3
70331,11,137,72,38,12.4545,11.2,9.0652,0.4745,72,8.6791,11,16
147260,10,83,36,22,8.3,22.3333,7.6158,0.5663,36,6.2483,8,5
116753,8,90,63,26,11.25,20.5714,10.5965,0.3,63,4.9402,6,6
27290,3,7,7,6,2.3333,18.0,16.9706,0.0,7,0.5516,1,1
181193,36,211,105,40,5.8611,5.5429,4.6422,0.5024,105,5.3934,7,4
20914,7,72,60,28,10.2857,17.1667,6.4317,0.1667,60,3.1753,4,2
47452,4,13,10,4,3.25,10.3333,11.3725,0.2308,10,1.639,2,1
116148,17,184,76,44,10.8235,15.375,10.6825,0.587,76,7.5666,10,1
39424,27,188,69,38,6.963,12.4615,7.7884,0.633,69,5.3762,7,1
158782,5,53,40,22,10.6,25.5,6.6081,0.2453,40,4.0411,5,6
102985,10,71,46,22,7.1,5.5556,3.3582,0.3521,46,4.7433,6,3
9663,13,243,101,45,18.6923,15.9167,9.765,0.5844,101,10.3717,13,7
142538,33,315,104,46,9.5455,7.75,8.8827,0.6698,104,8.1685,10,11
18316,5,42,28,20,8.4,25.0,6.0,0.3333,28,3.99,5,6
36099,4,18,14,12,4.5,18.6667,10.0167,0.2222,14,1.4722,2,0
18004,11,147,74,34,13.3636,7.1,1.1005,0.4966,74,8.7494,11,5
87628,5,13,7,6,2.6,14.0,8.2462,0.4615,7,1.1639,2,0
3427,9,141,96,42,15.6667,13.25,9.0356,0.3191,96,8.2718,10,14
61007,5,8,5,5,1.6,30.0,0.0,0.375,5,0.9732,2,2
2847,37,418,115,37,11.2973,7.0278,7.3192,0.7249,115,12.3665,15,14
11978,3,34,31,20,11.3333,24.0,8.4853,0.0882,31,3.0715,4,5
36843,23,212,102,46,9.2174,13.0909,8.4228,0.5189,102,6.0447,8,1
173572,6,69,56,29,11.5,17.8,12.0913,0.1884,56,4.1612,5,4
86902,5,5,3,3,1.0,15.25,17.0367,0.4,3,0.3159,1,0
87246,16,75,56,27,4.6875,11.1333,9.4632,0.2533,56,2.9587,4,0
48002,6,20,11,6,3.3333,5.6,3.2094,0.45,11,2.3665,3,2
116743,36,227,81,24,6.3056,9.8286,4.7185,0.6432,81,5.321,7,9
138889,12,160,94,36,13.3333,6.8182,7.8335,0.4125,94,7.7524,10,3
177970,51,132,27,23,2.5882,6.48,6.5908,0.7955,27,1.8998,3,1
126130,6,17,5,3,2.8333,8.2,2.7749,0.7059,5,2.6977,4,4
37967,5,48,41,24,9.6,17.0,15.2096,0.1458,41,3.8023,5,8
97218,45,322,246,73,7.1556,6.5227,7.6932,0.236,246,2.8126,4,1
100410,9,38,15,11,4.2222,26.625,5.8294,0.6053,15,2.6202,4,4
6574,5,24,13,10,4.8,22.0,6.6833,0.4583,13,3.6588,5,6
108918,4,40,25,15,10.0,13.6667,11.5902,0.375,25,4.7491,6,2
140789,3,18,13,10,6.0,16.0,9.8995,0.2778,13,3.3043,4,3
182922,19,149,43,23,7.8421,11.6111,6.6167,0.7114,43,6.4411,8,4
86455,4,57,50,30,14.25,30.0,0.0,0.1228,50,4.5132,6,2
50379,5,11,7,4,2.2,8.75,3.5,0.3636,7,1.8277,3,1
179210,12,216,114,53,18.0,8.8182,5.4921,0.4722,114,12.2012,15,7
63230,12,155,65,34,12.9167,13.2727,6.4357,0.5806,65,7.7819,10,12
33369,22,67,20,13,3.0455,15.619,8.9413,0.7015,20,3.0613,4,2
70812,5,24,19,14,4.8,18.25,13.5739,0.2083,19,1.6814,3,4
13334,84,635,79,26,7.5595,4.3494,2.7516,0.8756,79,8.4557,11,3
129644,6,49,30,13,8.1667,23.4,9.3702,0.3878,30,3.7697,5,4
177513,44,369,178,52,8.3864,7.5814,6.2268,0.5176,178,7.6651,10,8
38603,15,139,102,46,9.2667,6.5714,3.9752,0.2662,102,4.4614,6,7
137566,6,24,17,11,4.0,7.2,2.8636,0.2917,17,2.5439,4,2
19966,3,33,24,15,11.0,18.5,16.2635,0.2727,24,5.2265,7,8
86348,8,95,74,32,11.875,19.8571,9.1183,0.2211,74,8.7387,11,30
76632,7,70,41,25,10.0,16.1667,10.4195,0.4143,41,4.3317,6,3
114846,33,612,156,56,18.5455,9.0,6.6235,0.7451,156,17.4298,21,28
85037,10,148,90,40,14.8,17.7778,12.3468,0.3919,90,9.9216,12,17
77101,10,291,147,60,29.1,14.0,9.8107,0.4948,147,24.7333,30,28
43803,9,35,21,12,3.8889,20.5,7.1913,0.4,21,2.777,4,1
32183,6,28,17,4,4.6667,23.6,8.7636,0.3929,17,1.8374,3,1
42335,3,25,18,11,8.3333,28.0,2.8284,0.28,18,3.2945,4,1
69142,3,36,23,17,12.0,1.0,1.4142,0.3611,23,2.9044,4,1
171417,68,607,146,52,8.9265,4.4925,4.3914,0.7595,146,8.5281,11,11
24998,34,466,120,51,13.7059,10.7879,5.2901,0.7425,120,12.6543,16,17
103984,3,20,15,10,6.6667,21.5,12.0208,0.25,15,3.3951,5,4
39858,35,235,160,54,6.7143,8.2353,8.2391,0.3191,160,3.6839,5,1
32818,4,61,50,33,15.25,7.6667,6.3509,0.1803,50,7.2805,9,5
121974,3,50,35,23,16.6667,30.0,0.0,0.3,35,7.4878,9,4
31332,12,86,68,28,7.1667,5.8182,5.5824,0.2093,68,3.4622,5,3
60802,4,22,15,12,5.5,23.0,12.1244,0.3182,15,3.9004,5,3
24170,8,112,64,34,14.0,22.7143,10.6257,0.4286,64,8.6528,11,17
28002,13,109,52,25,8.3846,13.9167,11.4372,0.5229,52,5.4957,7,5
56078,13,101,47,19,7.7692,8.25,5.7544,0.5347,47,6.1306,8,8
117619,13,102,51,30,7.8462,12.25,9.2748,0.5,51,5.6577,7,5
181201,6,64,30,21,10.6667,10.2,3.1937,0.5312,30,8.4438,11,4
185005,15,205,135,56,13.6667,17.7857,11.1988,0.3415,135,7.7264,10,11
146778,19,62,15,8,3.2632,17.2778,6.4971,0.7581,15,2.5524,4,1
157280,3,25,17,12,8.3333,11.5,0.7071,0.32,17,4.3232,6,3
204740,21,142,100,48,6.7619,13.3,10.4986,0.2958,100,3.0396,4,3
195269,15,40,13,12,2.6667,19.7143,6.5683,0.675,13,1.7328,3,2
108465,45,384,182,52,8.5333,7.8182,7.7618,0.526,182,6.9789,9,11
110020,21,288,111,46,13.7143,13.5,9.6218,0.6146,111,11.3134,14,10
65666,99,526,69,33,5.3131,1.0816,0.981,0.8688,69,6.7485,9,5
98356,13,194,105,44,14.9231,17.9167,8.7642,0.4588,105,7.8303,10,9
81729,10,102,84,42,10.2,19.2222,13.0459,0.1765,84,3.2142,4,0
143686,56,928,184,55,16.5714,6.5455,2.4253,0.8017,184,15.8024,19,24
10899,69,510,90,39,7.3913,3.9265,2.396,0.8235,90,10.9839,14,10
5718,21,67,21,18,3.1905,15.45,7.8504,0.6866,21,3.4142,5,3
52113,10,69,47,22,6.9,22.7778,8.6715,0.3188,47,3.5701,5,3
139691,27,480,156,52,17.7778,11.7692,8.6409,0.675,156,17.7725,22,17
194369,11,70,36,19,6.3636,20.1,8.9374,0.4857,36,5.5754,7,3
86142,42,725,201,65,17.2619,7.6341,2.9305,0.7228,201,18.8712,23,34
9766,6,15,9,7,2.5,20.8,11.9038,0.4,9,1.9727,3,3
68505,57,717,140,49,12.5789,6.4286,2.4484,0.8047,140,13.9181,17,6
58651,8,31,20,14,3.875,9.7143,4.7859,0.3548,20,2.6922,4,1
66233,4,14,8,5,3.5,3.6667,3.2146,0.4286,8,2.4333,3,1
18695,3,19,16,11,6.3333,30.0,0.0,0.1579,16,2.2107,3,2
146306,27,242,114,40,8.963,11.5385,9.2746,0.5289,114,6.5313,8,8
28654,5,89,63,25,17.8,27.25,3.2016,0.2921,63,9.2699,12,6
81281,21,66,25,12,3.1429,15.05,8.1916,0.6212,25,2.1896,3,2
76715,8,228,94,32,28.5,18.7143,11.3683,0.5877,94,24.7218,30,31
24396,10,187,65,30,18.7,23.0,11.2027,0.6524,65,13.9717,17,14
106622,4,12,6,5,3.0,22.3333,8.0208,0.5,6,2.1402,3,1
169230,4,64,44,20,16.0,23.3333,7.0238,0.3125,44,8.0657,10,7
58278,45,464,123,43,10.3111,8.0682,6.6136,0.7349,123,9.7075,12,5
194900,37,295,62,31,7.973,9.7778,5.6977,0.7898,62,7.6895,10,4
26527,8,60,35,22,7.5,13.4286,11.5882,0.4167,35,3.7627,5,7
68970,6,55,31,17,9.1667,15.4,5.1769,0.4364,31,6.2675,8,6
97813,7,59,22,15,8.4286,28.6667,1.9664,0.6271,22,7.0959,9,5
3326,28,353,114,44,12.6071,12.7778,6.2347,0.6771,114,11.1554,14,9
204832,6,78,59,31,13.0,18.2,14.5327,0.2436,59,4.2278,6,7
93456,37,651,206,50,17.5946,9.5556,6.4783,0.6836,206,17.232,21,18
113758,3,23,19,12,7.6667,30.0,0.0,0.1739,19,2.1555,3,5
137814,77,680,209,60,8.8312,4.7237,3.345,0.6926,209,6.6225,8,4
193338,15,58,24,15,3.8667,10.7143,7.3738,0.5862,24,3.1475,4,1
150828,10,17,2,2,1.7,20.3333,4.2426,0.8824,2,1.4889,2,1
24231,13,105,35,11,8.0769,9.8333,9.7871,0.6667,35,5.5766,7,3
84317,4,42,34,18,10.5,5.6667,1.5275,0.1905,34,3.7161,5,1
171097,6,17,6,6,2.8333,26.2,7.9498,0.6471,6,2.6149,4,4
71946,21,380,204,64,18.0952,10.45,10.5804,0.4632,204,13.0376,16,10
62216,4,32,26,13,8.0,7.3333,2.5166,0.1875,26,3.3798,5,2
185688,4,60,38,22,15.0,16.0,12.1655,0.3667,38,8.2669,10,1
159663,15,114,51,23,7.6,10.8571,9.5825,0.5526,51,4.6484,6,5
118138,47,820,154,58,17.4468,6.8043,6.682,0.8122,154,19.6545,24,25
113458,52,399,142,62,7.6731,6.7451,5.1647,0.6441,142,8.1383,10,2
170289,7,54,30,20,7.7143,26.3333,4.4572,0.4444,30,6.2846,8,5
52306,26,356,133,44,13.6923,13.0,8.6217,0.6264,133,14.3792,18,18
55985,3,44,39,21,14.6667,30.0,0.0,0.1136,39,3.8588,5,0
57345,3,61,41,31,20.3333,30.0,0.0,0.3279,41,10.9582,14,3
75975,4,24,21,17,6.0,19.6667,13.7961,0.125,21,1.4657,2,2
106043,12,261,102,45,21.75,18.7273,8.2594,0.6092,102,21.5134,26,29
79333,12,174,77,31,14.5,10.1818,4.1429,0.5575,77,12.5414,16,15
163905,3,28,17,13,9.3333,10.5,4.9497,0.3929,17,4.0967,5,2
147630,21,363,97,40,17.2857,12.9,8.4785,0.7328,97,15.3924,19,8
102288,75,154,33,23,2.0533,4.9189,4.3155,0.7857,33,1.2291,2,1
198341,29,130,54,28,4.4828,9.2857,8.0777,0.5846,54,3.5693,5,4
138637,20,352,126,41,17.6,14.5263,10.7567,0.642,126,9.1824,12,2
145108,3,41,28,13,13.6667,24.5,4.9497,0.3171,28,7.462,9,6
100214,6,94,79,39,15.6667,25.0,7.5498,0.1596,79,4.3668,6,0
47850,12,88,54,25,7.3333,13.4545,9.4696,0.3864,54,3.521,5,3
6669,3,23,19,13,7.6667,20.5,12.0208,0.1739,19,3.0106,4,2
56572,3,5,2,1,1.6667,30.0,0.0,0.6,2,1.1357,2,2
156361,3,16,11,10,5.3333,21.0,12.7279,0.3125,11,2.9512,4,1
171380,24,157,89,41,6.5417,14.087,7.3417,0.4331,89,3.8599,5,4
111753,3,24,20,15,8.0,30.0,0.0,0.1667,20,3.0069,4,2
25129,32,201,32,12,6.2812,10.8387,5.9894,0.8408,32,7.2994,9,6
30231,4,32,24,12,8.0,14.6667,13.6137,0.25,24,5.4261,7,2
185694,45,439,201,56,9.7556,7.3182,5.2108,0.5421,201,6.5905,8,10
17976,4,33,30,11,8.25,14.6667,7.0946,0.0909,30,3.1937,4,2
51832,11,91,55,27,8.2727,21.2,8.5997,0.3956,55,3.366,5,2
32955,10,118,71,39,11.8,11.8889,8.4327,0.3983,71,7.7098,10,7
57832,3,9,9,8,3.0,17.0,18.3848,0.0,9,0.9864,2,2
145306,6,29,20,13,4.8333,23.8,8.5557,0.3103,20,2.2336,3,2
164349,9,91,60,35,10.1111,11.0,9.4415,0.3407,60,5.9387,8,8
154969,3,18,16,10,6.0,30.0,0.0,0.1111,16,2.0512,3,1
142855,5,23,14,10,4.6,19.0,9.7639,0.3913,14,2.4944,3,2
50804,16,171,79,35,10.6875,4.9333,5.7379,0.538,79,7.894,10,11
33649,7,67,45,26,9.5714,8.0,7.5631,0.3284,45,4.944,6,4
8045,3,21,20,16,7.0,13.0,2.8284,0.0476,20,1.4182,2,1
48593,3,25,17,13,8.3333,21.0,11.3137,0.32,17,4.1791,6,6
155560,9,123,79,30,13.6667,16.375,11.1476,0.3577,79,5.5674,7,3
151491,3,19,16,10,6.3333,21.0,12.7279,0.1579,16,2.2755,3,2
7131,22,234,93,31,10.6364,13.7619,8.7287,0.6026,93,8.0687,10,5
46470,7,55,45,27,7.8571,21.6667,8.5245,0.1818,45,2.5474,4,2
162561,59,625,103,47,10.5932,4.5517,4.2101,0.8352,103,16.2323,20,10
6456,25,285,106,40,11.4,11.5,8.0972,0.6281,106,10.8195,13,27
42823,11,182,93,41,16.5455,18.9,10.1811,0.489,93,10.7523,13,4
135240,6,57,36,28,9.5,17.2,7.328,0.3684,36,5.9614,8,8
104173,11,95,62,32,8.6364,13.4,9.4775,0.3474,62,4.2959,6,1
17223,7,74,45,26,10.5714,18.3333,10.1325,0.3919,45,5.5418,7,3
1492,8,46,39,26,5.75,18.5714,11.2673,0.1522,39,1.7456,3,0
141615,5,46,28,18,9.2,29.5,1.0,0.3913,28,6.2613,8,1
166528,5,104,65,32,20.8,14.75,9.8446,0.375,65,14.2304,18,30
23405,99,1045,150,45,10.5556,3.4082,2.256,0.8565,150,10.1317,13,9
3073,5,98,75,41,19.6,13.5,11.3871,0.2347,75,8.3954,11,16
13660,6,53,42,24,8.8333,9.0,11.9791,0.2075,42,2.5621,4,2
53964,6,37,26,19,6.1667,27.8,3.8987,0.2973,26,2.2688,3,0
46917,3,7,5,5,2.3333,5.5,3.5355,0.2857,5,1.0844,2,1
191503,4,37,31,17,9.25,19.3333,9.4516,0.1622,31,3.276,4,2
99000,7,67,43,21,9.5714,25.5,7.3144,0.3582,43,5.5654,7,12
157662,3,39,35,21,13.0,17.5,17.6777,0.1026,35,4.8542,6,2
195580,17,56,13,9,3.2941,18.0,9.2808,0.7679,13,2.9329,4,3
44644,3,40,27,18,13.3333,13.0,9.8995,0.325,27,8.3354,11,12
154654,23,167,54,29,7.2609,15.9545,7.0202,0.6766,54,5.8783,8,3
57185,35,976,158,52,27.8857,10.3235,4.1903,0.8381,158,24.8584,30,29
102496,15,116,70,32,7.7333,13.4286,9.2213,0.3966,70,4.4321,6,7
199939,34,723,264,69,21.2647,8.7273,7.1949,0.6349,264,18.9525,23,26
131456,4,26,23,14,6.5,9.6667,4.6188,0.1154,23,1.8051,3,3
81646,17,130,69,33,7.6471,13.625,9.3799,0.4692,69,3.8919,5,4
148175,18,106,40,25,5.8889,11.8824,8.1845,0.6226,40,4.1086,5,3
202293,33,505,111,40,15.303,7.7188,5.8433,0.7802,111,9.8129,12,8
50271,4,32,29,24,8.0,28.3333,2.8868,0.0938,29,1.8448,3,2
116705,4,45,30,18,11.25,26.6667,3.5119,0.3333,30,6.338,8,5
81543,16,35,21,10,2.1875,11.5333,9.1641,0.4,21,1.1088,2,2
199874,3,8,5,5,2.6667,30.0,0.0,0.375,5,1.4305,2,1
4916,16,248,70,35,15.5,13.8667,8.3398,0.7177,70,17.3936,21,22
193643,6,46,40,24,7.6667,4.0,1.5811,0.1304,40,2.0288,3,1
47722,9,91,52,29,10.1111,10.375,6.7599,0.4286,52,7.2999,9,4
158921,3,23,19,11,7.6667,30.0,0.0,0.1739,19,3.2519,4,2
85327,17,108,71,36,6.3529,11.8125,10.3165,0.3426,71,3.5924,5,10
72163,7,62,39,18,8.8571,15.1667,12.2216,0.371,39,6.9338,9,7
39440,3,29,26,14,9.6667,5.0,2.8284,0.1034,26,3.1443,4,2
42969,15,123,34,20,8.2,6.5714,6.7564,0.7236,34,5.1728,7,7
171612,3,26,25,20,8.6667,21.5,12.0208,0.0385,25,2.866,4,5
131193,5,31,13,9,6.2,25.0,7.3937,0.5806,13,4.8542,6,3
117820,7,231,148,44,33.0,22.8333,9.347,0.3593,148,20.1759,25,10
178765,12,119,71,36,9.9167,20.7273,11.714,0.4034,71,7.1578,9,4
17487,9,49,36,22,5.4444,14.75,9.8814,0.2653,36,3.4931,5,2
204688,13,98,69,29,7.5385,11.0833,10.1306,0.2959,69,2.9319,4,1
36524,5,61,42,31,12.2,7.0,0.8165,0.3115,42,6.9884,9,7
71986,10,117,93,40,11.7,22.2222,10.0347,0.2051,93,5.2365,7,1
38249,17,178,47,21,10.4706,16.5625,9.0992,0.736,47,9.5283,12,5
32060,9,57,31,9,6.3333,21.0,12.0594,0.4561,31,3.2835,4,3
147873,42,592,131,47,14.0952,8.4146,4.9344,0.7787,131,14.2688,18,20
196950,19,552,121,48,29.0526,14.8333,9.5993,0.7808,121,29.3851,36,29
102134,22,105,65,28,4.7727,12.2381,10.5019,0.381,65,2.3684,3,1
161398,5,89,68,28,17.8,19.0,9.3452,0.236,68,11.4746,14,6
178727,11,21,7,5,1.9091,23.1,7.4004,0.6667,7,0.989,2,2
111229,21,85,26,12,4.0476,15.75,9.0255,0.6941,26,4.1188,5,4
87680,94,1478,360,76,15.7234,3.3548,4.0477,0.7564,360,9.5595,12,13
122143,4,102,63,32,25.5,17.6667,13.0512,0.3824,63,18.1902,22,29
194763,9,42,38,22,4.6667,20.875,12.7664,0.0952,38,1.0786,2,3
85310,26,423,106,44,16.2692,5.24,3.2823,0.7494,106,16.2145,20,16
177332,7,70,46,21,10.0,17.1667,11.9736,0.3429,46,5.739,7,13
200808,6,142,75,31,23.6667,9.4,3.6469,0.4718,75,11.7272,15,9
87722,31,296,128,48,9.5484,2.8667,1.852,0.5676,128,8.2676,10,5
52203,16,276,159,45,17.25,11.9333,8.4555,0.4239,159,8.5771,11,24
25370,36,266,140,53,7.3889,10.1143,6.0768,0.4737,140,5.4951,7,3
185747,12,86,57,32,7.1667,21.2727,9.3605,0.3372,57,3.6274,5,2
169907,34,565,231,59,16.6176,8.5455,5.5739,0.5912,231,11.9643,15,9
170302,5,25,14,10,5.0,11.25,1.893,0.44,14,3.7744,5,2
5349,5,49,30,16,9.8,12.25,7.0887,0.3878,30,5.2553,7,0
17353,7,44,36,22,6.2857,16.8333,11.125,0.1818,36,3.0965,4,1
186534,54,818,148,46,15.1481,6.7547,2.3362,0.8191,148,14.0099,17,15
29145,12,43,23,16,3.5833,7.5455,6.2187,0.4651,23,1.7903,3,2
176348,4,12,12,7,3.0,13.0,15.1327,0.0,12,0.6783,1,2
132667,6,28,23,16,4.6667,10.4,11.8025,0.1786,23,1.7201,3,1
161634,3,14,7,5,4.6667,13.5,0.7071,0.5,7,2.7694,4,4
89848,14,21,8,5,1.5,19.3077,10.904,0.619,8,0.9254,2,2
95660,5,24,15,9,4.8,29.5,1.0,0.375,15,2.2858,3,3
107760,6,95,55,34,15.8333,22.4,11.5239,0.4211,55,8.8513,11,3
172553,19,182,51,26,9.5789,12.0,9.7135,0.7198,51,6.158,8,5
76305,9,14,4,3,1.5556,21.625,7.2297,0.7143,4,1.1487,2,0
190308,7,18,10,8,2.5714,28.8333,2.8577,0.4444,10,1.8268,3,1
155961,48,1066,297,71,22.2083,6.8936,5.7681,0.7214,297,17.0694,21,16
34929,4,63,39,24,15.75,23.3333,5.7735,0.381,39,7.2259,9,6
190757,15,167,48,23,11.1333,8.5,7.6233,0.7126,48,9.5289,12,14
181674,24,275,118,54,11.4583,13.3913,7.6618,0.5709,118,7.9256,10,7
108933,6,59,47,22,9.8333,16.2,10.9407,0.2034,47,5.5447,7,2
125581,12,54,30,25,4.5,21.4545,9.5955,0.4444,30,1.908,3,3
2429,3,12,10,4,4.0,30.0,0.0,0.1667,10,2.0192,3,2
122709,5,149,75,41,29.8,24.5,8.544,0.4966,75,17.9717,22,14
24173,14,176,95,37,12.5714,14.9231,12.5729,0.4602,95,10.3473,13,11
198658,13,157,100,36,12.0769,14.8333,11.746,0.3631,100,7.5233,10,12
132936,9,85,57,23,9.4444,7.5,3.4226,0.3294,57,4.0331,5,9
92195,9,61,25,21,6.7778,11.75,8.2071,0.5902,25,4.4151,6,4
108698,8,44,39,18,5.5,17.2857,10.1606,0.1136,39,1.6152,2,4
41211,57,278,10,6,4.8772,6.4464,1.9626,0.964,10,3.4867,5,2
120755,8,20,12,8,2.5,8.1429,10.0901,0.4,12,1.6182,2,2
48638,7,109,74,28,15.5714,21.0,11.296,0.3211,74,7.5573,10,1
36080,4,46,38,25,11.5,14.6667,7.0946,0.1739,38,3.9354,5,5
165963,4,15,11,8,3.75,5.0,1.0,0.2667,11,2.8925,4,3
60566,24,127,63,28,5.2917,11.5652,8.5696,0.5039,63,4.4305,6,4
130227,22,57,5,4,2.5909,7.4762,8.0039,0.9123,5,1.6944,3,2
47119,3,4,2,2,1.3333,19.5,2.1213,0.5,2,0.804,1,1
149002,9,90,64,36,10.0,17.375,13.0596,0.2889,64,3.8712,5,4
135947,3,16,16,13,5.3333,20.5,0.7071,0.0,16,1.3299,2,0
134306,3,47,34,22,15.6667,25.0,4.2426,0.2766,34,6.8375,9,8
139955,7,17,11,9,2.4286,19.0,9.6333,0.3529,11,1.8399,3,1
157864,3,29,24,15,9.6667,11.5,14.8492,0.1724,24,3.3611,5,2
48252,16,178,120,55,11.125,14.6,9.5229,0.3258,120,5.9357,8,10
196733,36,269,71,39,7.4722,7.8857,4.714,0.7361,71,5.0254,7,7
124882,11,106,65,34,9.6364,4.5,3.2404,0.3868,65,4.6313,6,0
115102,6,17,16,10,2.8333,22.2,12.6174,0.0588,16,1.1119,2,0
125261,16,290,113,44,18.125,18.5333,9.3798,0.6103,113,15.622,19,23
13561,5,49,19,13,9.8,14.0,8.2865,0.6122,19,6.8682,9,5
48362,9,10,2,1,1.1111,22.5,6.392,0.8,2,0.9056,2,1
47897,22,149,43,18,6.7727,10.9524,9.2113,0.7114,43,4.8645,6,10
148801,3,22,21,14,7.3333,30.0,0.0,0.0455,21,2.1741,3,1
153778,5,29,26,18,5.8,19.25,12.9454,0.1034,26,1.7533,3,3
187387,13,38,22,18,2.9231,18.25,10.4021,0.4211,22,1.562,2,1
395,3,18,18,15,6.0,16.0,19.799,0.0,18,0.9515,2,1
52946,8,109,83,33,13.625,19.2857,12.3655,0.2385,83,6.5795,8,9
186989,8,165,86,42,20.625,9.7143,8.2404,0.4788,86,15.8548,20,13
189149,20,203,42,27,10.15,15.0,8.8757,0.7931,42,10.1755,13,10
160214,5,43,21,17,8.6,28.75,2.5,0.5116,21,5.4926,7,7
31398,3,30,27,19,10.0,22.0,0.0,0.1,27,3.382,5,2
149845,3,107,63,34,35.6667,2.0,2.8284,0.4112,63,16.0237,20,12
126517,5,12,11,9,2.4,19.0,8.4063,0.0833,11,1.006,2,2
97380,14,87,26,18,6.2143,5.2308,2.3859,0.7011,26,6.3423,8,8
195538,4,39,37,24,9.75,14.0,7.5498,0.0513,37,3.6599,5,4
148564,52,325,61,21,6.25,7.0392,2.9118,0.8123,61,3.0257,4,3
11220,8,74,44,24,9.25,23.5714,6.9727,0.4054,44,5.7451,7,13
130060,25,142,56,27,5.68,12.9583,7.9645,0.6056,56,4.1955,6,6
5839,14,113,59,23,8.0714,13.0769,6.5633,0.4779,59,5.3837,7,8
54940,42,536,165,45,12.7619,6.1463,3.4609,0.6922,165,11.2717,14,15
200670,5,31,23,16,6.2,30.0,0.0,0.2581,23,2.9802,4,5
17372,5,33,27,12,6.6,24.25,11.5,0.1818,27,2.657,4,6
71172,76,201,54,26,2.6447,3.8133,2.1416,0.7313,54,2.4085,3,5
178051,11,103,55,29,9.3636,17.5,11.138,0.466,55,4.5782,6,1
9900,6,31,24,16,5.1667,19.0,9.434,0.2258,24,2.0022,3,0
20547,45,389,105,32,8.6444,7.9091,5.1073,0.7301,105,8.2571,10,13
200687,17,141,86,36,8.2941,12.5625,10.9116,0.3901,86,4.161,5,1
79385,3,64,53,22,21.3333,30.0,0.0,0.1719,53,10.1666,13,5
193478,15,102,48,32,6.8,13.0,6.0511,0.5294,48,4.3002,6,5
26517,11,102,53,30,9.2727,15.0,9.4281,0.4804,53,4.5422,6,3
121212,18,220,141,55,12.2222,16.4118,8.5078,0.3591,141,7.4338,9,11
37838,38,133,66,31,3.5,8.6486,5.4682,0.5038,66,3.9312,5,6
158572,18,250,100,40,13.8889,9.2353,5.1664,0.6,100,12.1047,15,18
119556,10,47,25,17,4.7,7.2222,9.1348,0.4681,25,3.7951,5,3
191848,10,151,110,48,15.1,16.7778,9.5888,0.2715,110,8.0768,10,7
71012,32,707,142,39,22.0938,7.0,5.0531,0.7992,142,24.1065,29,29
161166,10,36,9,8,3.6,26.0,5.5453,0.75,9,3.1683,4,4
106210,14,233,86,35,16.6429,7.6154,4.8569,0.6309,86,15.8351,20,24
87310,5,119,71,36,23.8,12.75,4.5,0.4034,71,14.6228,18,15
147549,3,41,34,19,13.6667,30.0,0.0,0.1707,34,5.9543,8,12
15348,4,7,5,4,1.75,29.3333,1.1547,0.2857,5,1.1075,2,0
157259,5,81,54,21,16.2,22.25,10.8436,0.3333,54,5.9196,8,7
84809,4,77,69,40,19.25,16.6667,11.9304,0.1039,69,8.6334,11,12
144030,6,100,75,43,16.6667,29.2,1.7889,0.25,75,9.4071,12,9
7436,33,69,23,17,2.0909,10.75,6.5501,0.6667,23,1.7281,3,3
154635,31,227,58,34,7.3226,11.4333,4.8756,0.7445,58,5.2917,7,8
149511,5,13,6,5,2.6,24.75,10.5,0.5385,6,1.5357,2,0
187988,3,35,32,20,11.6667,19.5,14.8492,0.0857,32,2.9855,4,2
76664,12,244,112,42,20.3333,13.9091,9.8026,0.541,112,16.0376,20,18
178949,4,35,31,23,8.75,15.3333,12.8582,0.1143,31,3.8162,5,4
184340,6,44,19,14,7.3333,24.6,7.4699,0.5682,19,4.676,6,3
184006,34,646,193,63,19.0,10.6667,6.4404,0.7012,193,17.2016,21,12
156464,4,28,20,14,7.0,22.0,9.1652,0.2857,20,4.6278,6,3
106141,28,265,142,47,9.4643,11.8519,7.1988,0.4642,142,6.8326,9,5
132264,58,528,125,43,9.1034,6.0702,3.7362,0.7633,125,9.7867,12,7
61303,10,24,10,9,2.4,8.2222,3.2702,0.5833,10,2.7337,4,1
150283,28,172,29,21,6.1429,6.2593,2.6252,0.8314,29,4.7186,6,1
203302,15,79,44,18,5.2667,14.1429,9.5825,0.443,44,3.5332,5,4
154864,11,93,37,23,8.4545,17.2,11.9889,0.6022,37,6.3639,8,14
71674,4,58,49,22,14.5,30.0,0.0,0.1552,49,4.8624,6,4
5687,6,24,14,9,4.0,18.2,16.1617,0.4167,14,1.8826,3,3
26634,26,240,100,37,9.2308,11.28,6.4712,0.5833,100,8.3495,11,10
177878,16,111,46,27,6.9375,14.9333,10.5929,0.5856,46,4.8724,6,4
63580,20,364,168,46,18.2,10.4211,7.7554,0.5385,168,11.7984,15,12
15860,6,76,31,16,12.6667,12.8,7.5961,0.5921,31,10.7833,13,13
20817,8,32,24,16,4.0,18.0,12.1244,0.25,24,1.558,2,2
167997,16,103,55,22,6.4375,13.6,9.3564,0.466,55,4.6252,6,8
91136,9,139,67,32,15.4444,16.5,10.5695,0.518,67,11.8984,15,14
120323,22,55,18,13,2.5,11.2381,9.5179,0.6727,18,2.3265,3,1
14295,9,41,28,13,4.5556,6.625,9.9562,0.3171,28,1.4002,2,1
183424,4,28,23,14,7.0,4.6667,3.5119,0.1786,23,3.2939,4,2
193954,5,7,3,3,1.4,13.25,4.9917,0.5714,3,1.0995,2,1
142340,13,158,48,28,12.1538,7.75,4.6344,0.6962,48,11.0767,14,14
84415,7,78,35,20,11.1429,20.6667,10.2111,0.5513,35,8.9491,11,15
87067,19,477,182,66,25.1053,16.5,7.9724,0.6184,182,16.3648,20,20
204029,27,447,101,45,16.5556,7.1923,2.2807,0.774,101,17.6372,22,23
93206,7,111,66,33,15.8571,22.8333,11.2146,0.4054,66,8.8215,11,11
971,24,27,6,6,1.125,14.1739,5.7734,0.7778,6,1.0641,2,1
64998,3,31,26,13,10.3333,19.5,14.8492,0.1613,26,3.687,5,5
148648,8,108,63,30,13.5,16.5714,9.4491,0.4167,63,10.7856,13,9
140206,13,34,16,13,2.6154,18.8333,10.6671,0.5294,16,1.4817,2,1
151959,20,41,19,12,2.05,14.5263,10.3568,0.5366,19,1.8556,3,1
116823,3,58,46,27,19.3333,30.0,0.0,0.2069,46,9.023,11,14
6665,3,23,17,9,7.6667,2.0,0.0,0.2609,17,4.4411,6,4
49023,6,75,60,33,12.5,26.2,4.1473,0.2,60,5.4391,7,7
138745,13,159,88,39,12.2308,22.3333,7.3526,0.4465,88,8.6167,11,7
164308,5,66,62,38,13.2,21.0,6.0553,0.0606,62,2.6377,4,3
14528,28,542,205,68,19.3571,5.2963,3.0485,0.6218,205,12.2401,15,13
199308,17,151,88,34,8.8824,17.6875,10.818,0.4172,88,5.4828,7,9
11210,20,225,97,41,11.25,13.1053,8.0339,0.5689,97,10.3962,13,7
82579,23,347,92,39,15.087,14.3636,8.3126,0.7349,92,13.9435,17,13
144354,9,38,27,14,4.2222,15.375,11.3633,0.2895,27,2.6185,4,0
41041,16,327,159,52,20.4375,8.6667,2.4976,0.5138,159,11.7828,15,15
140426,3,11,10,7,3.6667,23.0,9.8995,0.0909,10,0.9067,2,1
13481,15,110,70,33,7.3333,16.8571,11.9412,0.3636,70,6.7864,9,3
60639,5,80,34,20,16.0,27.5,3.0,0.575,34,12.0788,15,9
125658,4,32,29,25,8.0,21.3333,14.1539,0.0938,29,2.1389,3,2
196770,86,753,176,59,8.7558,4.2471,2.7899,0.7663,176,8.2218,10,9
182810,22,61,19,10,2.7727,16.4762,9.6261,0.6885,19,2.8886,4,1
14173,21,474,209,52,22.5714,14.45,8.2747,0.5591,209,13.7391,17,22
82435,3,34,28,16,11.3333,30.0,0.0,0.1765,28,5.1488,7,6
154871,3,36,29,19,12.0,24.5,7.7782,0.1944,29,4.4126,6,1
151868,10,58,34,23,5.8,16.3333,9.6825,0.4138,34,2.8793,4,6
193515,3,54,37,22,18.0,30.0,0.0,0.3148,37,9.3438,12,22
176033,15,137,79,35,9.1333,18.4286,10.9173,0.4234,79,6.1517,8,6
73962,18,254,105,47,14.1111,14.2353,9.66,0.5866,105,12.7899,16,11
51680,17,144,71,36,8.4706,12.9375,8.1851,0.5069,71,6.6253,8,3
99994,11,164,100,41,14.9091,19.2,9.4728,0.3902,100,8.5986,11,8
120949,16,159,97,34,9.9375,9.6667,8.2086,0.3899,97,7.4259,9,14
98557,8,49,35,19,6.125,18.5714,12.7783,0.2857,35,2.7902,4,3
68326,38,623,143,53,16.3947,9.4865,3.827,0.7705,143,13.8583,17,13
43577,29,221,96,38,7.6207,12.3571,7.4198,0.5656,96,6.2001,8,3
145764,56,631,144,48,11.2679,5.8727,5.6011,0.7718,144,12.104,15,13
138943,5,46,31,21,9.2,12.25,2.2174,0.3261,31,5.0143,7,3
13643,43,955,346,73,22.2093,8.1667,4.2936,0.6377,346,15.7928,19,15
137791,5,8,8,8,1.6,30.0,0.0,0.0,8,0.7027,1,1
65439,3,16,16,10,5.3333,30.0,0.0,0.0,16,1.5541,2,1
165176,5,62,38,16,12.4,25.75,4.9244,0.3871,38,6.3737,8,5
29660,23,244,89,47,10.6087,9.5,7.7751,0.6352,89,9.8342,12,17
63595,11,136,86,44,12.3636,20.5,9.5946,0.3676,86,6.9111,9,12
45015,21,223,60,23,10.619,14.35,5.9672,0.7309,60,10.0386,13,4
200188,29,86,23,18,2.9655,11.8214,7.1495,0.7326,23,3.2236,4,3
157910,7,51,39,23,7.2857,14.5,9.3968,0.2353,39,3.8521,5,3
202362,8,231,125,43,28.875,7.7143,4.6803,0.4589,125,21.8216,27,31
94860,4,32,29,18,8.0,11.3333,16.1658,0.0938,29,3.0961,4,1
29906,3,28,22,19,9.3333,26.0,5.6569,0.2143,22,5.1446,7,7
60547,9,311,93,24,34.5556,6.125,2.2952,0.701,93,28.4236,35,40
98252,7,122,68,35,17.4286,16.8333,9.1086,0.4426,68,12.4292,15,5
194304,9,153,28,11,17.0,7.875,5.2491,0.817,28,12.9905,16,5
165842,6,49,39,23,8.1667,21.4,8.961,0.2041,39,2.5375,4,1
29270,3,38,34,23,12.6667,30.0,0.0,0.1053,34,3.8271,5,5
177218,3,42,40,26,14.0,21.5,0.7071,0.0476,40,2.8146,4,5
143633,11,57,24,17,5.1818,12.0,10.8423,0.5789,24,3.9338,5,1
99239,5,107,46,26,21.4,20.0,8.6795,0.5701,46,16.3936,20,23
47561,3,10,7,7,3.3333,30.0,0.0,0.3,7,1.5352,2,2
83078,6,25,24,17,4.1667,27.4,5.8138,0.04,24,1.3302,2,4
47286,11,61,20,11,5.5455,23.1,8.0062,0.6721,20,6.0941,8,8
153841,15,164,99,45,10.9333,21.0,8.7881,0.3963,99,5.5626,7,7
150266,10,22,12,10,2.2,9.3333,11.3358,0.4545,12,0.9731,2,4
22575,11,91,69,33,8.2727,15.0,9.5801,0.2418,69,3.7731,5,2
120751,6,34,24,16,5.6667,23.8,9.654,0.2941,24,3.0362,4,4
93848,6,78,72,36,13.0,11.2,6.6483,0.0769,72,5.161,7,8
25142,10,64,44,28,6.4,7.8889,3.7896,0.3125,44,3.7834,5,0
103350,3,3,2,2,1.0,19.0,15.5563,0.3333,2,0.5553,1,1
92046,10,187,93,39,18.7,19.4444,10.4177,0.5027,93,9.0317,11,15
161397,15,48,27,17,3.2,17.5,8.3551,0.4375,27,1.9545,3,2
120640,3,56,41,20,18.6667,18.0,16.9706,0.2679,41,11.5511,14,7
150422,18,216,64,32,12.0,15.5882,11.5003,0.7037,64,7.5891,10,6
80909,4,8,5,5,2.0,17.3333,8.5049,0.375,5,1.1498,2,3
99713,15,139,60,34,9.2667,18.0,8.0575,0.5683,60,7.3208,9,7
189221,8,74,50,27,9.25,10.4286,8.7722,0.3243,50,5.3329,7,6
205606,10,187,95,50,18.7,4.6667,1.7321,0.492,95,14.8503,18,25
19489,4,70,52,29,17.5,7.6667,2.0817,0.2571,52,8.0444,10,9
127633,3,10,10,10,3.3333,13.5,12.0208,0.0,10,0.8402,2,1
133713,13,49,18,15,3.7692,19.9167,6.9211,0.6327,18,2.639,4,5
33448,10,79,60,32,7.9,16.4444,9.3823,0.2405,60,4.3398,6,3
75634,14,69,42,23,4.9286,18.2308,11.5192,0.3913,42,2.2848,3,1
20910,3,40,37,24,13.3333,30.0,0.0,0.075,37,3.2204,4,1
93008,3,21,16,11,7.0,8.5,0.7071,0.2381,16,3.9856,5,3
124821,3,61,57,24,20.3333,30.0,0.0,0.0656,57,6.0075,8,6
91498,11,137,84,34,12.4545,17.1,9.5737,0.3869,84,8.6013,11,9
76495,15,141,98,42,9.4,9.0,7.4627,0.305,98,6.0105,8,12
86160,35,301,44,24,8.6,3.7941,5.0858,0.8538,44,5.6987,7,2
34499,10,74,42,23,7.4,24.6667,6.0208,0.4324,42,3.1549,4,6
8730,25,279,124,55,11.16,9.2083,9.3993,0.5556,124,8.9273,11,9
140380,77,982,167,46,12.7532,4.7105,1.924,0.8299,167,15.8822,20,17
68640,11,164,70,32,14.9091,26.2,8.728,0.5732,70,11.1084,14,14
139802,4,45,39,24,11.25,15.3333,14.5029,0.1333,39,4.3174,6,3
151640,95,638,101,42,6.7158,3.8191,2.9692,0.8417,101,5.9594,8,4
152592,11,240,120,54,21.8182,22.0,9.4045,0.5,120,14.7023,18,16
192991,7,36,33,18,5.1429,25.5,6.8629,0.0833,33,2.3534,3,4
149940,13,139,93,40,10.6923,13.6667,12.4268,0.3309,93,3.9954,5,3
132376,3,30,25,16,10.0,6.0,1.4142,0.1667,25,4.0981,5,2
110210,20,233,104,35,11.65,11.6316,7.5071,0.5536,104,8.1884,10,9
68535,9,80,55,25,8.8889,19.75,9.468,0.3125,55,3.1617,4,3
107764,7,26,15,13,3.7143,9.1667,6.7946,0.4231,15,2.9688,4,1
93506,4,91,60,33,22.75,28.3333,2.0817,0.3407,60,13.3482,17,13
7357,3,12,9,8,4.0,30.0,0.0,0.25,9,1.8662,3,1
145068,29,385,173,45,13.2759,6.6429,6.3667,0.5506,173,7.5659,10,10
82268,21,185,82,37,8.8095,16.25,8.5954,0.5568,82,5.7318,7,4
63284,12,168,79,34,14.0,12.3636,7.7881,0.5298,79,8.3116,10,13
119658,43,412,128,42,9.5814,8.119,7.3657,0.6893,128,9.0164,11,12
4816,5,18,14,12,3.6,19.5,13.404,0.2222,14,1.748,3,3
58301,6,71,59,37,11.8333,12.8,10.1341,0.169,59,3.879,5,2
140896,18,125,62,39,6.9444,13.6471,9.3404,0.504,62,4.6625,6,5
108233,7,85,60,31,12.1429,19.5,9.6073,0.2941,60,5.6099,7,5
88485,4,39,24,18,9.75,23.3333,4.9329,0.3846,24,4.6447,6,3
89216,20,339,121,43,16.95,8.6316,3.1307,0.6431,121,12.2348,15,12
149010,3,9,8,8,3.0,10.0,2.8284,0.1111,8,0.9313,2,3
101012,24,342,138,57,14.25,13.5217,8.7587,0.5965,138,15.7909,19,2
100322,4,24,9,8,6.0,23.0,8.1854,0.625,9,3.7656,5,6
31059,52,847,185,64,16.2885,6.8431,2.9555,0.7816,185,15.2587,19,16
6038,13,137,100,39,10.5385,15.3333,9.8565,0.2701,100,5.7924,7,6
46465,3,25,15,13,8.3333,29.5,0.7071,0.4,15,4.7169,6,6
84727,18,191,94,22,10.6111,16.1765,9.7226,0.5079,94,5.4192,7,3
43144,6,40,29,21,6.6667,17.2,12.0291,0.275,29,2.4205,3,1
145988,17,46,18,15,2.7059,13.25,7.3439,0.6087,18,2.8689,4,2
35921,6,47,37,19,7.8333,23.0,10.3441,0.2128,37,3.3837,5,1
6170,8,16,13,7,2.0,13.0,12.3153,0.1875,13,0.6348,1,0
156463,22,209,92,41,9.5,13.1905,9.4637,0.5598,92,8.5648,11,15
37948,5,43,19,11,8.6,17.5,8.5049,0.5581,19,6.2325,8,12
91798,8,76,47,29,9.5,21.0,7.6594,0.3816,47,5.0612,7,6
105617,16,231,107,42,14.4375,18.2667,10.0033,0.5368,107,8.3817,11,6
133518,24,356,189,56,14.8333,11.6087,7.4452,0.4691,189,9.0524,11,11
93917,60,651,200,72,10.85,6.0,3.3733,0.6928,200,10.9522,14,5
101714,32,69,22,16,2.1562,8.6452,6.3485,0.6812,22,3.0712,4,3
26554,53,730,181,60,13.7736,6.2308,4.2777,0.7521,181,18.2943,22,16
150822,23,140,73,38,6.087,9.1364,6.0103,0.4786,73,3.6123,5,6
34876,31,232,117,41,7.4839,10.1667,5.902,0.4957,117,5.5451,7,9
41139,10,74,57,18,7.4,21.0,10.7819,0.2297,57,4.0823,5,3
117288,5,88,69,36,17.6,30.0,0.0,0.2159,69,7.5136,10,4
97688,4,18,10,9,4.5,26.3333,6.3509,0.4444,10,2.4202,3,5
53476,9,88,54,29,9.7778,11.75,8.7627,0.3864,54,4.2927,6,4
133836,4,9,6,6,2.25,15.0,4.5826,0.3333,6,1.2628,2,1
124519,3,28,24,17,9.3333,25.0,7.0711,0.1429,24,3.5297,5,5
98139,4,24,18,15,6.0,21.6667,13.5769,0.25,18,1.8056,3,1
165745,4,20,19,12,5.0,18.0,10.8167,0.05,19,1.9708,3,2
193885,7,61,47,32,8.7143,20.8333,10.9803,0.2295,47,2.1259,3,4
80797,8,83,50,24,10.375,19.0,11.3578,0.3976,50,4.0781,5,3
41801,20,186,106,55,9.3,8.7368,6.7069,0.4301,106,4.8577,6,3
161290,38,354,161,54,9.3158,9.5405,6.7355,0.5452,161,6.185,8,7
21122,52,230,72,28,4.4231,7.0196,5.3684,0.687,72,3.9907,5,4
166065,23,260,168,65,11.3043,13.7727,10.3736,0.3538,168,6.0577,8,17
113130,14,74,8,1,5.2857,6.5385,2.0255,0.8919,8,2.9827,4,2
3012,4,35,25,9,8.75,30.0,0.0,0.2857,25,4.4619,6,7
143092,23,382,120,44,16.6087,13.0909,8.7228,0.6859,120,15.9387,20,12
164676,7,132,58,21,18.8571,8.5,2.429,0.5606,58,10.41,13,8
51611,4,45,37,21,11.25,30.0,0.0,0.1778,37,5.287,7,1
82506,25,451,135,52,18.04,11.25,9.1568,0.7007,135,14.3461,18,6
110265,34,287,111,38,8.4412,3.3333,2.5083,0.6132,111,7.3847,9,8
25347,89,1021,158,48,11.4719,4.0795,3.2983,0.8452,158,13.0107,16,8
114020,6,95,62,34,15.8333,11.8,7.9498,0.3474,62,8.3752,11,11
54453,3,3,3,3,1.0,12.5,0.7071,0.0,3,0.3339,1,0
66019,35,289,131,42,8.2571,8.0588,7.3523,0.5467,131,6.3188,8,8
126889,11,83,35,18,7.5455,7.6,1.7764,0.5783,35,5.1839,7,10
193680,10,19,11,7,1.9,17.3333,9.5656,0.4211,11,1.461,2,3
196345,10,114,99,53,11.4,17.7778,9.2571,0.1316,99,3.3273,4,2
176637,5,93,68,31,18.6,26.5,7.0,0.2688,68,9.2114,12,6
177506,3,22,18,15,7.3333,30.0,0.0,0.1818,18,2.6162,4,2
141612,3,33,26,17,11.0,26.0,4.2426,0.2121,26,4.8777,6,1
178510,12,190,70,33,15.8333,13.0909,8.9158,0.6316,70,13.7729,17,6
55392,11,107,66,39,9.7273,18.5,12.0945,0.3832,66,4.1938,6,2
184433,4,8,6,6,2.0,28.3333,2.8868,0.25,6,1.1549,2,0
143142,53,213,61,29,4.0189,6.8654,3.5315,0.7136,61,3.5997,5,3
159476,3,37,17,1,12.3333,26.5,4.9497,0.5405,17,8.825,11,9
114653,5,31,29,18,6.2,27.25,3.2016,0.0645,29,1.8006,3,1
114197,43,415,104,39,9.6512,7.8571,5.5593,0.7494,104,7.5166,10,1
121696,9,54,13,10,6.0,10.0,5.127,0.7593,13,3.9649,5,1
195971,5,12,7,6,2.4,17.25,14.7281,0.4167,7,1.05,2,1
199414,3,22,19,17,7.3333,24.5,7.7782,0.1364,19,2.3783,3,5
163624,6,54,41,24,9.0,20.4,9.9146,0.2407,41,2.8474,4,1
8523,13,72,28,19,5.5385,15.9167,10.1126,0.6111,28,5.7806,7,4
145829,7,33,9,9,4.7143,6.1667,2.7142,0.7273,9,4.3141,6,5
141820,3,75,57,29,25.0,30.0,0.0,0.24,57,8.6943,11,13
124642,43,158,51,31,3.6744,7.7857,6.6094,0.6772,51,4.1982,6,4
125073,28,265,54,22,9.4643,11.4815,7.9487,0.7962,54,7.8282,10,14
25759,3,8,7,5,2.6667,30.0,0.0,0.125,7,1.2298,2,1
18336,20,70,36,17,3.5,17.0526,9.4662,0.4857,36,2.3242,3,2
163860,54,434,121,24,8.037,5.566,4.901,0.7212,121,6.6148,8,7
134620,29,194,43,24,6.6897,11.7143,7.413,0.7784,43,5.5387,7,6
113601,6,73,35,16,12.1667,10.0,5.6569,0.5205,35,6.4963,8,2
36699,6,22,20,14,3.6667,21.6,11.6962,0.0909,20,1.1195,2,0
73523,12,36,20,14,3.0,13.2727,11.8751,0.4444,20,1.3924,2,1
27812,4,11,8,8,2.75,25.3333,8.0829,0.2727,8,1.759,3,2
128208,14,201,77,38,14.3571,17.6923,9.4814,0.6169,77,10.0685,13,11
1521,11,268,148,53,24.3636,15.2,9.8297,0.4478,148,14.9532,18,14
117685,4,12,10,8,3.0,15.3333,7.6376,0.1667,10,1.422,2,0
203471,9,176,91,36,19.5556,9.625,2.9246,0.483,91,13.6598,17,14
129190,6,40,36,18,6.6667,16.4,11.0136,0.1,36,1.5491,2,1
47611,15,154,76,45,10.2667,17.3571,9.5885,0.5065,76,9.5986,12,10
174308,3,46,36,19,15.3333,30.0,0.0,0.2174,36,7.6706,10,11
82955,3,12,10,8,4.0,30.0,0.0,0.1667,10,2.2562,3,0
20596,14,191,89,37,13.6429,17.5385,8.7046,0.534,89,11.1158,14,11
47387,30,125,70,31,4.1667,12.0345,9.5636,0.44,70,2.402,3,1
122024,8,61,29,19,7.625,17.7143,9.6904,0.5246,29,7.4458,9,5
143764,19,58,33,19,3.0526,16.5556,10.0248,0.431,33,1.8824,3,1
42514,19,251,79,34,13.2105,11.8333,9.9779,0.6853,79,11.0257,14,8
168096,26,416,119,49,16.0,7.6,5.5528,0.7139,119,15.3396,19,7
136994,16,155,97,34,9.6875,16.4,8.9666,0.3742,97,5.0864,7,8
30202,8,65,39,24,8.125,13.2857,12.6322,0.4,39,5.6235,7,3
177433,3,15,14,13,5.0,20.5,13.435,0.0667,14,1.6403,2,1
35003,6,49,46,30,8.1667,17.4,11.9499,0.0612,46,1.8002,3,2
1591,3,29,25,19,9.6667,9.0,7.0711,0.1379,25,4.2708,6,1
61981,3,47,26,21,15.6667,30.0,0.0,0.4468,26,10.3202,13,6
184932,6,12,7,6,2.0,19.6,12.0125,0.4167,7,1.1488,2,1
78173,4,45,36,26,11.25,20.6667,11.3725,0.2,36,5.5603,7,11
85220,12,122,94,39,10.1667,14.6364,8.2737,0.2295,94,4.4683,6,4
172903,4,32,28,19,8.0,14.6667,13.2791,0.125,28,2.0477,3,3
39531,7,19,11,9,2.7143,11.6667,8.9144,0.4211,11,2.0813,3,2
114632,3,50,36,24,16.6667,18.5,16.2635,0.28,36,7.0903,9,4
150521,18,54,17,15,3.0,10.8824,6.2837,0.6852,17,2.7228,4,1
78575,3,46,40,21,15.3333,29.0,1.4142,0.1304,40,6.0221,8,8
116549,19,167,89,34,8.7895,12.1667,9.4387,0.4671,89,5.5228,7,10
197239,16,117,54,31,7.3125,10.9333,8.4301,0.5385,54,5.1508,7,3
170185,13,44,22,16,3.3846,8.4167,4.1661,0.5,22,1.5021,2,3
70508,46,366,70,29,7.9565,7.8444,5.2003,0.8087,70,6.4891,8,6
121239,3,39,32,24,13.0,30.0,0.0,0.1795,32,4.9044,6,3
117177,3,35,31,18,11.6667,30.0,0.0,0.1143,31,2.3394,3,0
27664,34,256,147,47,7.5294,9.7576,8.6964,0.4258,147,5.0093,7,12
38408,50,383,102,42,7.66,7.2449,4.9267,0.7337,102,8.1475,10,11
19687,30,429,164,48,14.3,9.2069,6.0141,0.6177,164,11.9687,15,7
179703,15,240,95,42,16.0,10.8571,8.7254,0.6042,95,9.498,12,10
65917,7,158,77,36,22.5714,7.5,2.881,0.5127,77,16.4129,20,14
59515,3,21,16,9,7.0,19.0,15.5563,0.2381,16,2.7976,4,2
42177,14,161,112,44,11.5,21.7692,8.1461,0.3043,112,4.7531,6,6
174588,4,19,19,15,4.75,3.0,2.0,0.0,19,1.3907,2,0
192192,8,75,49,21,9.375,3.4286,0.9759,0.3467,49,5.1998,7,5
73758,6,15,5,5,2.5,26.8,3.9623,0.6667,5,1.8022,3,2
182375,18,133,90,34,7.3889,14.8824,11.056,0.3233,90,4.0073,5,3
68382,8,76,50,19,9.5,16.1429,10.3187,0.3421,50,5.1534,7,2
161466,22,192,108,58,8.7273,10.0952,7.7195,0.4375,108,4.7752,6,9
74554,15,161,77,43,10.7333,17.8571,9.3056,0.5217,77,10.1171,13,14
42352,3,19,17,8,6.3333,21.5,12.0208,0.1053,17,1.9857,3,4
39554,17,110,91,41,6.4706,15.0,9.2808,0.1727,91,2.3098,3,2
92193,4,32,23,16,8.0,13.0,4.0,0.2812,23,4.0519,5,1
46440,3,19,17,11,6.3333,30.0,0.0,0.1053,17,1.6438,2,3
98174,36,566,337,79,15.7222,4.8571,3.2822,0.4046,337,9.1289,11,11
12748,21,154,110,38,7.3333,9.75,9.9466,0.2857,110,3.7953,5,2
189082,8,122,55,21,15.25,9.0,10.0333,0.5492,55,9.6485,12,2
113730,7,111,68,27,15.8571,11.1667,9.2826,0.3874,68,8.7004,11,2
156557,5,23,19,12,4.6,30.0,0.0,0.1739,19,1.7071,3,1
148826,53,484,205,59,9.1321,6.6154,5.9249,0.5764,205,7.112,9,8
162944,3,5,4,4,1.6667,30.0,0.0,0.2,4,0.7277,1,1
95412,26,151,49,32,5.8077,12.76,9.8923,0.6755,49,4.17,6,1
122056,11,111,77,25,10.0909,14.5,12.4566,0.3063,77,5.2296,7,1
62699,3,33,31,21,11.0,25.5,6.364,0.0606,31,3.7326,5,3
200162,6,22,17,12,3.6667,27.4,5.2726,0.2273,17,1.3301,2,1
157189,36,102,26,13,2.8333,9.6286,4.4727,0.7451,26,2.9526,4,2
13746,10,25,9,5,2.5,20.6667,6.2048,0.64,9,2.5713,4,2
88889,4,17,11,7,4.25,30.0,0.0,0.3529,11,2.6177,4,3
104146,10,123,84,57,12.3,15.6667,9.8234,0.3171,84,5.0008,7,6
76535,8,39,21,9,4.875,17.7143,12.2027,0.4615,21,2.8114,4,4
96306,7,75,55,22,10.7143,19.0,12.9615,0.2667,55,6.2642,8,3
150372,11,33,11,7,3.0,17.4,8.4354,0.6667,11,1.8206,3,2
130877,3,71,59,19,23.6667,22.0,11.3137,0.169,59,12.7432,16,5
73279,4,51,31,17,12.75,8.3333,4.0415,0.3922,31,6.2171,8,5
13973,5,46,41,17,9.2,8.0,4.899,0.1087,41,4.9158,6,1
88085,9,91,80,54,10.1111,18.125,7.0799,0.1209,80,3.9316,5,3
60842,30,98,12,8,3.2667,6.8621,3.9706,0.8776,12,3.1507,4,4
163760,3,47,35,22,15.6667,3.0,0.0,0.2553,35,5.2396,7,5
38944,56,490,186,71,8.75,6.5636,5.4015,0.6204,186,6.4364,8,5
178996,4,70,53,32,17.5,18.6667,10.0167,0.2429,53,8.2798,10,14
204984,19,240,98,42,12.6316,18.3333,8.3666,0.5917,98,9.2769,12,10
105345,9,156,107,52,17.3333,11.5,9.1183,0.3141,107,8.7968,11,14
198184,3,40,36,28,13.3333,23.5,9.1924,0.1,36,4.8523,6,10
9148,26,329,155,49,12.6538,14.04,7.4748,0.5289,155,8.5264,11,3
75479,16,514,186,63,32.125,17.5333,11.1795,0.6381,186,25.9855,32,27
186062,8,72,58,28,9.0,20.8571,11.8663,0.1944,58,3.4267,5,7
112260,66,776,290,73,11.7576,5.2769,4.2702,0.6263,290,10.81,13,11
7881,12,78,38,24,6.5,19.3636,10.3853,0.5128,38,3.4069,5,4
115099,4,23,7,2,5.75,21.3333,1.5275,0.6957,7,4.3204,6,5
116934,6,112,60,22,18.6667,8.4,5.0299,0.4643,60,14.7477,18,7
76129,3,37,36,20,12.3333,20.0,14.1421,0.027,36,3.3196,4,1
165168,5,18,14,8,3.6,27.0,5.3541,0.2222,14,1.5043,2,1
71966,29,160,41,21,5.5172,5.0357,5.6796,0.7438,41,5.1273,7,3
56174,8,14,11,9,1.75,20.8571,11.5243,0.2143,11,0.9241,2,1
78999,9,158,96,33,17.5556,12.625,7.8365,0.3924,96,11.4577,14,8
124171,11,88,44,28,8.0,14.5,10.3521,0.5,44,5.4072,7,3
54098,6,55,26,13,9.1667,25.2,10.1833,0.5273,26,8.3764,11,10
37135,6,51,41,25,8.5,28.2,4.0249,0.1961,41,1.9921,3,1
4483,7,23,15,9,3.2857,23.0,9.4657,0.3478,15,2.1851,3,3
81929,3,50,38,24,16.6667,11.0,4.2426,0.24,38,7.0663,9,7
121005,56,754,244,56,13.4643,5.5091,6.7656,0.6764,244,11.6266,14,8
149270,4,46,40,25,11.5,23.3333,6.1101,0.1304,40,4.228,6,1
15910,11,179,73,33,16.2727,22.8,7.9833,0.5922,73,10.3449,13,12
147390,16,135,39,17,8.4375,16.8,8.1434,0.7111,39,8.5995,11,6
114574,10,124,40,14,12.4,27.2222,4.9944,0.6774,40,9.509,12,3
130720,7,19,12,9,2.7143,17.0,7.3212,0.3684,12,1.8154,3,2
98325,7,48,37,23,6.8571,21.8333,12.9679,0.2292,37,3.7764,5,0
27792,5,52,37,21,10.4,11.5,12.7671,0.2885,37,4.2493,6,6
190517,43,369,77,19,8.5814,8.5,4.05,0.7913,77,8.6739,11,7
91070,4,35,24,15,8.75,26.6667,5.7735,0.3143,24,4.9683,6,8
58289,17,266,110,46,15.6471,10.3125,8.5457,0.5865,110,7.1311,9,9
152516,33,248,97,37,7.5152,9.3125,8.6152,0.6089,97,6.6764,9,8
97703,19,336,185,63,17.6842,11.2222,7.7653,0.4494,185,9.6345,12,7
194274,29,85,30,20,2.931,12.0714,6.9492,0.6471,30,2.7636,4,3
91800,54,519,169,54,9.6111,6.3019,5.1313,0.6744,169,9.8132,12,5
111175,5,28,23,8,5.6,27.75,4.5,0.1786,23,2.236,3,5
92081,11,119,77,44,10.8182,19.0,8.8569,0.3529,77,5.8246,7,5
61356,15,265,133,51,17.6667,15.3571,11.9975,0.4981,133,11.6686,15,10
128970,3,11,9,5,3.6667,21.0,12.7279,0.1818,9,1.7593,3,3
196403,18,131,85,36,7.2778,6.7647,5.9951,0.3511,85,4.6258,6,7
108443,3,53,44,30,17.6667,17.0,5.6569,0.1698,44,5.2738,7,9
29665,44,722,164,69,16.4091,8.0,4.7157,0.7729,164,12.0418,15,7
92887,8,86,47,20,10.75,24.1429,5.4598,0.4535,47,5.8834,8,5
31962,26,310,170,62,11.9231,10.04,7.8235,0.4516,170,7.4693,9,3
121465,26,115,49,32,4.4231,10.84,8.6105,0.5739,49,1.4486,2,1
88893,7,15,10,8,2.1429,20.8333,11.7714,0.3333,10,1.2086,2,1
437,19,185,134,54,9.7368,16.6667,8.2105,0.2757,134,4.7568,6,6
160297,99,1060,269,58,10.7071,2.7959,2.4409,0.7462,269,5.091,7,2
189590,8,55,44,23,6.875,13.7143,9.9283,0.2,44,3.3824,5,3
112544,18,156,81,40,8.6667,12.5882,6.9107,0.4808,81,4.7212,6,1
166500,6,23,18,13,3.8333,15.4,13.0307,0.2174,18,1.2304,2,1
38892,22,255,73,32,11.5909,14.9524,7.7232,0.7137,73,9.6396,12,19
134432,31,493,196,75,15.9032,10.3333,8.934,0.6024,196,9.8273,12,5
121420,4,18,13,9,4.5,10.3333,3.2146,0.2778,13,2.3138,3,5
23341,35,721,153,69,20.6,10.5,5.2987,0.7878,153,16.8852,21,16
67282,11,80,55,31,7.2727,21.4,7.806,0.3125,55,3.8787,5,6
14059,6,78,51,30,13.0,8.6,8.792,0.3462,51,9.7502,12,4
135550,12,111,51,32,9.25,14.5455,10.2894,0.5405,51,5.3164,7,6
73277,4,55,42,22,13.75,12.3333,15.308,0.2364,42,5.9281,8,5
11931,15,42,17,9,2.8,12.0714,7.0325,0.5952,17,3.3817,5,3
43672,17,250,130,53,14.7059,8.875,5.0316,0.48,130,10.9823,14,14
193317,27,566,208,47,20.963,12.6923,7.0641,0.6325,208,16.6406,20,16
169627,10,150,53,21,15.0,18.2222,8.8003,0.6467,53,16.9212,21,10
141108,20,203,106,38,10.15,11.4737,7.2447,0.4778,106,6.0178,8,6
71596,3,14,10,5,4.6667,18.0,16.9706,0.2857,10,2.2109,3,1
201322,54,415,118,39,7.6852,6.2453,6.7137,0.7157,118,7.3031,9,4
144165,6,26,17,12,4.3333,8.8,5.4037,0.3462,17,1.8749,3,2
77589,32,477,138,64,14.9062,9.8387,5.4228,0.7107,138,17.4076,21,19
1742,32,369,182,62,11.5312,10.4194,9.7392,0.5068,182,9.922,12,10
104634,6,53,38,18,8.8333,18.8,10.4738,0.283,38,3.7879,5,0
113391,11,35,30,13,3.1818,19.6,10.5746,0.1429,30,1.5649,2,0
122090,16,228,68,38,14.25,15.0667,11.1385,0.7018,68,10.6054,13,14
26185,32,216,91,41,6.75,11.0,6.2183,0.5787,91,3.787,5,9
85093,16,213,84,30,13.3125,8.8,7.3114,0.6056,84,15.1017,19,1
24908,99,1117,326,76,11.2828,3.0612,2.6117,0.7081,326,9.2897,12,8
30016,17,212,89,45,12.4706,14.125,9.2005,0.5802,89,7.6424,10,11
186838,16,107,86,39,6.6875,14.3333,11.1782,0.1963,86,3.3373,5,1
146364,22,443,148,59,20.1364,14.2381,9.1428,0.6659,148,15.7749,19,19
83613,7,48,39,19,6.8571,29.5,1.2247,0.1875,39,2.5857,4,6
110408,4,21,15,14,5.25,3.6667,2.0817,0.2857,15,3.4406,5,3
145711,15,257,83,32,17.1333,12.7143,9.3843,0.677,83,15.0529,19,15
17416,13,103,54,32,7.9231,15.3333,9.9301,0.4757,54,3.3753,5,4
177281,6,51,43,29,8.5,18.6,9.99,0.1569,43,3.1328,4,3
97895,12,120,62,25,10.0,19.0909,11.5538,0.4833,62,5.249,7,8
13036,11,61,36,18,5.5455,12.4,10.1675,0.4098,36,3.3487,5,4
98742,13,114,84,37,8.7692,13.0833,9.5008,0.2632,84,6.2562,8,3
185882,10,66,41,22,6.6,24.3333,6.364,0.3788,41,3.5678,5,1
115073,8,73,31,18,9.125,28.2857,2.9841,0.5753,31,7.2322,9,8
121620,5,40,36,22,8.0,10.0,13.4412,0.1,36,2.9334,4,8
79787,3,27,20,13,9.0,11.0,4.2426,0.2593,20,3.4694,5,4
130241,9,67,43,23,7.4444,12.375,9.2727,0.3582,43,2.9199,4,3
75589,12,74,41,18,6.1667,17.0909,11.3882,0.4459,41,2.8369,4,0
93851,45,1061,231,60,23.5778,8.0227,3.4472,0.7823,231,16.2673,20,16
157447,9,16,6,2,1.7778,20.25,8.9722,0.625,6,0.9433,2,1
86353,4,21,17,15,5.25,14.3333,14.2945,0.1905,17,1.8932,3,1
107395,8,16,13,8,2.0,19.4286,10.9827,0.1875,13,0.8348,2,1
1503,11,59,14,12,5.3636,26.1,5.2799,0.7627,14,4.0591,5,4
45899,13,27,16,9,2.0769,13.1667,9.1536,0.4074,16,1.1833,2,3
126766,43,288,83,33,6.6977,6.8571,5.3125,0.7118,83,9.9528,12,16
121039,33,321,75,42,9.7273,10.9375,5.2051,0.7664,75,7.5481,10,7
8603,5,54,52,30,10.8,12.0,13.2916,0.037,52,3.1587,4,0
204183,40,285,113,53,7.125,7.7949,6.2289,0.6035,113,6.0947,8,7
125976,16,174,93,34,10.875,18.8,9.3976,0.4655,93,8.3191,10,6
37153,27,226,74,27,8.3704,11.5,9.2011,0.6726,74,7.7817,10,5
47311,6,81,58,27,13.5,21.6,10.5024,0.284,58,6.353,8,5
52743,12,172,107,47,14.3333,7.2727,3.6357,0.3779,107,8.2064,10,9
101355,15,334,127,45,22.2667,9.0714,9.1354,0.6198,127,18.7723,23,21
3431,36,465,134,42,12.9167,7.6,5.6838,0.7118,134,13.2033,16,7
16646,5,55,30,19,11.0,26.0,8.0,0.4545,30,6.4166,8,2
164488,6,48,35,15,8.0,6.2,4.6583,0.2708,35,4.0645,5,6
71720,3,51,36,19,17.0,30.0,0.0,0.2941,36,7.0973,9,3
161391,5,28,21,16,5.6,12.5,11.0905,0.25,21,2.2861,3,2
108058,3,20,15,13,6.6667,3.0,1.4142,0.25,15,3.9343,5,3
52911,8,161,68,22,20.125,23.2857,11.1163,0.5776,68,18.7606,23,30
140501,5,65,50,30,13.0,7.0,1.8257,0.2308,50,6.0553,8,6
51646,65,829,322,68,12.7538,5.5625,1.8846,0.6116,322,11.1905,14,19
22919,9,64,48,25,7.1111,22.875,11.0768,0.25,48,2.9917,4,2
20801,17,153,80,43,9.0,8.875,8.1476,0.4771,80,6.7243,9,10
4275,3,30,28,18,10.0,20.0,14.1421,0.0667,28,2.9714,4,9
193532,7,108,81,42,15.4286,22.0,10.6771,0.25,81,5.924,8,3
129090,4,57,53,27,14.25,20.3333,16.7432,0.0702,53,4.3533,6,2
52835,15,134,60,32,8.9333,5.5,3.9952,0.5522,60,5.514,7,3
109502,8,44,31,15,5.5,28.4286,3.0472,0.2955,31,3.3278,4,5
37532,6,68,54,32,11.3333,21.2,12.2352,0.2059,54,5.9665,8,7
142828,3,18,14,7,6.0,13.0,11.3137,0.2222,14,2.4114,3,3
55042,5,17,10,6,3.4,6.75,5.5603,0.4118,10,1.647,2,0
87845,3,42,36,17,14.0,16.5,12.0208,0.1429,36,4.7649,6,3
48099,21,127,82,35,6.0476,14.25,8.5093,0.3543,82,3.4163,5,7
131602,5,59,36,18,11.8,23.25,13.5,0.3898,36,6.1711,8,7
1036,31,642,200,58,20.7097,6.3333,3.9158,0.6885,200,21.1671,26,29
86871,4,29,17,12,7.25,11.3333,2.5166,0.4138,17,4.2572,6,5
131400,68,718,208,61,10.5588,5.0597,4.3931,0.7103,208,8.6699,11,8
35977,38,246,120,51,6.4737,7.8919,7.0938,0.5122,120,6.8221,9,5
171109,20,169,80,29,8.45,12.3158,11.4652,0.5266,80,4.9076,6,2
79280,14,141,84,42,10.0714,20.4615,9.315,0.4043,84,5.7576,7,8
7976,6,80,49,28,13.3333,26.6,6.5422,0.3875,49,6.9618,9,10
49435,13,222,89,44,17.0769,6.5,2.5761,0.5991,89,12.1829,15,11
159070,11,71,59,30,6.4545,11.1,9.5621,0.169,59,1.8287,3,1
58616,3,22,19,14,7.3333,30.0,0.0,0.1364,19,2.777,4,3
76258,15,66,38,26,4.4,14.5,9.6057,0.4242,38,1.9854,3,5
169198,5,67,50,27,13.4,21.25,10.1776,0.2537,50,7.5691,10,3
204209,9,135,78,45,15.0,6.0,4.6904,0.4222,78,10.8059,13,11
110001,37,280,134,44,7.5676,5.8611,3.49,0.5214,134,6.0286,8,9
64192,5,84,75,34,16.8,25.75,5.3151,0.1071,75,4.8097,6,13
4650,73,460,154,61,6.3014,5.0,3.3399,0.6652,154,4.6911,6,4
172413,3,38,33,17,12.6667,6.5,2.1213,0.1316,33,6.6627,8,4
14421,8,35,20,8,4.375,19.0,10.4881,0.4286,20,2.4752,3,4
198283,22,117,43,28,5.3182,14.2381,9.4388,0.6325,43,5.2958,7,8
50923,6,50,30,18,8.3333,6.0,1.8708,0.4,30,5.7202,7,10
57709,3,90,77,39,30.0,15.0,7.0711,0.1444,77,7.9565,10,7
191767,31,97,16,14,3.129,11.6333,5.3529,0.8351,16,2.9292,4,2
105306,3,20,18,10,6.6667,20.5,13.435,0.1,18,2.162,3,3
168014,21,322,154,51,15.3333,13.6,9.2075,0.5217,154,10.6534,13,15
203226,3,17,15,8,5.6667,23.5,3.5355,0.1176,15,2.1321,3,4
98877,13,161,89,40,12.3846,12.0833,6.8018,0.4472,89,8.5913,11,3
161731,3,76,48,26,25.3333,28.0,2.8284,0.3684,48,14.1163,17,18
88110,27,260,98,41,9.6296,12.1154,8.6456,0.6231,98,9.0332,11,11
94021,37,513,188,39,13.8649,9.8333,5.8773,0.6335,188,11.4519,14,8
195891,3,31,26,21,10.3333,14.0,12.7279,0.1613,26,3.5016,5,4
22277,14,330,60,31,23.5714,9.9231,6.5123,0.8182,60,21.5281,26,22
81833,31,683,91,43,22.0323,11.7,6.4602,0.8668,91,22.9488,28,28
129745,17,78,50,29,4.5882,14.5625,10.1191,0.359,50,2.1123,3,2
33035,19,181,122,54,9.5263,11.6111,9.9714,0.326,122,3.4045,5,1
140478,21,78,55,37,3.7143,12.65,11.7933,0.2949,55,1.8131,3,0
73745,3,3,1,1,1.0,7.5,0.7071,0.6667,1,0.7713,1,1
195202,7,47,35,24,6.7143,21.3333,12.9254,0.2553,35,2.0807,3,1
128747,49,694,215,56,14.1633,7.375,3.2132,0.6902,215,12.6046,16,16
151840,99,334,178,66,3.3737,3.5408,3.6132,0.4671,178,1.3825,2,1
169071,99,1413,233,64,14.2727,3.3265,2.1719,0.8351,233,14.8915,18,12
153857,4,13,9,8,3.25,11.3333,3.2146,0.3077,9,1.951,3,1
183609,19,119,65,33,6.2632,13.8333,9.5625,0.4538,65,4.8917,6,4
56262,17,120,71,19,7.0588,8.75,6.8751,0.4083,71,5.3504,7,9
205605,5,30,28,22,6.0,19.0,12.9357,0.0667,28,1.6435,2,2
191640,3,41,30,21,13.6667,18.5,16.2635,0.2683,30,5.7716,7,3
148652,3,29,26,18,9.6667,30.0,0.0,0.1034,26,2.9284,4,2
91119,7,124,75,41,17.7143,18.1667,7.4409,0.3952,75,11.5669,14,7
136581,3,36,28,12,12.0,30.0,0.0,0.2222,28,5.8641,8,5
107457,7,20,14,12,2.8571,11.3333,8.7101,0.3,14,2.0832,3,2
16738,16,101,65,31,6.3125,18.6667,10.9196,0.3564,65,2.8711,4,5
77376,10,121,97,25,12.1,18.4444,11.9594,0.1983,97,6.327,8,3
104063,4,24,13,9,6.0,29.3333,1.1547,0.4583,13,4.6887,6,6
83629,4,56,45,21,14.0,10.0,4.0,0.1964,45,7.2597,9,10
204362,14,16,3,3,1.1429,14.5385,7.1135,0.8125,3,1.3218,2,2
88461,4,32,10,2,8.0,20.6667,8.0829,0.6875,10,5.5662,7,5
97136,22,442,126,43,20.0909,14.8095,8.7728,0.7149,126,19.6358,24,10
78068,5,31,24,16,6.2,30.0,0.0,0.2258,24,2.5863,4,0
5799,4,15,15,8,3.75,21.6667,14.4338,0.0,15,0.4642,1,1
197890,3,19,13,11,6.3333,7.5,4.9497,0.3158,13,3.4934,5,6
55609,7,21,11,10,3.0,15.5,9.225,0.4762,11,2.1515,3,3
64920,19,141,104,40,7.4211,14.5556,9.8352,0.2624,104,3.2264,4,3
185132,15,209,129,44,13.9333,14.4286,10.9243,0.3828,129,7.9171,10,2
116331,99,946,206,67,9.5556,3.102,1.6466,0.7822,206,10.7591,13,7
97836,3,29,26,13,9.6667,7.0,8.4853,0.1034,26,2.6944,4,1
179398,13,137,100,36,10.5385,7.5,8.0057,0.2701,100,5.3866,7,2
17535,7,57,47,28,8.1429,20.5,11.726,0.1754,47,2.7801,4,7
160299,20,165,65,27,8.25,11.4211,9.2515,0.6061,65,4.5314,6,2
69113,10,60,51,31,6.0,25.8889,4.1667,0.15,51,2.2354,3,2
160336,5,67,57,35,13.4,5.5,2.8868,0.1493,57,4.5913,6,6
179952,4,33,33,21,8.25,25.0,8.6603,0.0,33,1.3029,2,1
137061,8,48,31,16,6.0,21.8571,11.112,0.3542,31,4.7567,6,8
91793,5,61,42,25,12.2,14.25,4.5735,0.3115,42,6.3156,8,3
34801,6,94,65,26,15.6667,26.0,8.9443,0.3085,65,8.3296,10,14
75912,23,349,186,55,15.1739,10.0455,4.8744,0.467,186,15.0335,19,20
159346,5,33,31,25,6.6,26.25,7.5,0.0606,31,2.1997,3,1
180396,14,187,93,26,13.3571,14.4615,5.854,0.5027,93,9.117,11,8
123,10,63,32,26,6.3,22.6667,9.3274,0.4921,32,8.5117,11,11
141850,45,459,110,40,10.2,7.3636,5.2875,0.7603,110,9.1008,11,14
130723,33,285,101,40,8.6364,8.5312,7.7999,0.6456,101,14.0675,17,15
5992,40,169,85,30,4.225,9.0,7.6261,0.497,85,3.7109,5,3
187395,3,22,13,10,7.3333,17.0,1.4142,0.4091,13,4.8697,6,3
131205,3,40,21,13,13.3333,18.0,16.9706,0.475,21,6.9224,9,7
205289,3,24,23,14,8.0,21.0,12.7279,0.0417,23,1.7174,3,1
105695,11,242,144,46,22.0,9.0,8.4063,0.405,144,15.8159,19,22
199548,13,132,37,24,10.1538,10.0,3.5162,0.7197,37,8.4927,11,10
44810,26,76,21,15,2.9231,13.44,7.5613,0.7237,21,2.2934,3,2
62450,73,936,201,58,12.8219,3.4167,3.5869,0.7853,201,16.062,20,21
96019,65,818,190,51,12.5846,5.6719,3.8875,0.7677,190,10.7201,13,18
128792,10,74,61,30,7.4,17.1111,12.5543,0.1757,61,2.6131,4,5
44793,3,7,7,6,2.3333,30.0,0.0,0.0,7,1.1492,2,3
146389,16,151,57,30,9.4375,18.4667,9.2263,0.6225,57,8.2863,10,10
184272,25,135,76,32,5.4,11.375,8.7864,0.437,76,3.9216,5,2
27216,9,27,24,18,3.0,16.625,8.9273,0.1111,24,0.9932,2,1
79984,20,134,47,28,6.7,15.1053,8.875,0.6493,47,4.7222,6,6
87433,3,22,13,13,7.3333,30.0,0.0,0.4091,13,5.0192,7,4
87639,8,157,100,36,19.625,19.1429,10.6212,0.3631,100,12.7288,16,1
92178,3,57,41,29,19.0,18.5,16.2635,0.2807,41,7.8129,10,8
128742,7,109,65,25,15.5714,26.3333,8.9815,0.4037,65,8.2562,10,7
36922,14,88,67,38,6.2857,16.6923,10.1848,0.2386,67,2.4127,3,4
177402,3,44,42,28,14.6667,20.5,13.435,0.0455,42,2.7251,4,1
65958,6,46,37,17,7.6667,14.0,9.6695,0.1957,37,3.4949,5,2
12639,23,285,73,38,12.3913,15.4545,7.5386,0.7439,73,14.0896,17,16
130744,28,305,151,47,10.8929,12.8889,8.5365,0.5049,151,8.1122,10,5
50478,6,63,49,32,10.5,30.0,0.0,0.2222,49,4.7664,6,2
40209,29,338,123,52,11.6552,9.7857,7.7093,0.6361,123,5.92,8,4
199342,11,44,25,19,4.0,24.2,6.6466,0.4318,25,3.4395,5,2
42610,11,125,69,34,11.3636,19.6,9.8116,0.448,69,7.3671,9,6
18856,5,50,39,25,10.0,22.0,7.4833,0.22,39,4.026,5,0
166842,8,101,68,34,12.625,3.8571,2.4785,0.3267,68,6.044,8,5
76514,7,16,15,13,2.2857,17.6667,12.0277,0.0625,15,0.8447,2,1
134241,19,275,112,43,14.4737,17.1667,8.7262,0.5927,112,15.2367,19,17
201954,10,65,32,18,6.5,15.6667,9.5656,0.5077,32,4.7087,6,2
18175,9,194,105,50,21.5556,10.75,8.8922,0.4588,105,14.4825,18,9
179348,12,125,77,41,10.4167,7.8182,8.4477,0.384,77,4.1702,6,5
119609,4,23,21,17,5.75,30.0,0.0,0.087,21,2.4722,3,4
118787,7,224,96,37,32.0,28.0,4.899,0.5714,96,24.1212,29,19
43177,16,110,35,26,6.875,8.4,6.957,0.6818,35,5.539,7,1
159389,3,21,17,14,7.0,8.5,0.7071,0.1905,17,2.7387,4,1
25061,17,85,57,30,5.0,17.5625,9.9731,0.3294,57,2.9453,4,5
146231,12,82,26,18,6.8333,12.2727,5.7981,0.6829,26,6.4611,8,10
140337,5,26,21,11,5.2,22.25,10.8436,0.1923,21,1.8092,3,2
55057,11,115,79,44,10.4545,19.4,9.8116,0.313,79,5.8299,7,1
12191,38,433,161,54,11.3947,9.3514,7.2042,0.6282,161,7.3137,9,6
192075,11,195,103,45,17.7273,17.1,10.192,0.4718,103,10.7865,13,16
139929,20,355,103,45,17.75,13.0526,8.7335,0.7099,103,17.3294,21,14
88238,8,93,33,18,11.625,13.8571,5.0803,0.6452,33,9.7768,12,12
187998,4,46,30,16,11.5,23.6667,9.2916,0.3478,30,6.7799,9,10
57216,5,87,53,34,17.4,20.75,11.5866,0.3908,53,10.3846,13,10
48359,22,98,20,11,4.4545,16.2381,7.867,0.7959,20,3.7281,5,4
66078,24,75,14,9,3.125,14.0,7.2676,0.8133,14,2.8456,4,3
97825,52,839,117,43,16.1346,7.0,2.9732,0.8605,117,15.5565,19,19
62342,13,41,18,12,3.1538,11.0833,4.6409,0.561,18,2.3277,3,0
148756,3,6,2,1,2.0,30.0,0.0,0.6667,2,1.7795,2,2
85994,3,34,28,14,11.3333,5.0,2.8284,0.1765,28,5.0462,7,15
107334,20,184,63,30,9.2,16.5263,7.7986,0.6576,63,8.8362,11,10
79133,5,47,34,19,9.4,20.0,13.6382,0.2766,34,4.8908,6,6
188909,4,20,13,13,5.0,28.6667,2.3094,0.35,13,2.617,4,2
56532,5,21,14,13,4.2,23.0,7.0711,0.3333,14,2.1048,3,3
133625,14,143,72,37,10.2143,10.8462,9.7881,0.4965,72,6.0958,8,7
52629,4,55,43,23,13.75,28.0,3.4641,0.2182,43,6.081,8,6
103900,14,253,115,53,18.0714,15.0,10.8089,0.5455,115,17.4046,21,33
105618,13,121,55,26,9.3077,15.6667,10.0574,0.5455,55,7.7265,10,5
58253,10,20,12,7,2.0,20.6667,10.8051,0.4,12,1.201,2,3
27319,19,142,103,39,7.4737,12.6111,10.7437,0.2746,103,4.8521,6,14
78934,7,53,35,9,7.5714,20.1667,11.3211,0.3396,35,4.3136,6,0
59209,25,296,91,47,11.84,12.1667,7.7945,0.6926,91,8.6315,11,12
178850,99,586,75,36,5.9192,1.9796,1.9264,0.872,75,6.03,8,7
192741,4,22,19,15,5.5,13.0,5.5678,0.1364,19,1.4183,2,1
194245,13,39,24,15,3.0,22.75,9.992,0.3846,24,1.5193,2,1
171423,6,50,38,21,8.3333,17.2,9.8082,0.24,38,2.2797,3,1
62899,12,102,57,25,8.5,17.3636,12.4199,0.4412,57,2.8894,4,5
33725,3,40,32,19,13.3333,29.5,0.7071,0.2,32,5.8802,8,3
203612,4,38,32,24,9.5,27.0,3.6056,0.1579,32,3.1801,4,4
45880,13,273,118,49,21.0,22.5833,7.8098,0.5678,118,13.1577,16,14
153785,4,59,40,26,14.75,14.0,1.0,0.322,40,6.3365,8,11
84874,29,224,133,64,7.7241,11.8214,8.7308,0.4062,133,4.9837,6,1
23945,5,20,13,8,4.0,3.25,1.2583,0.35,13,3.1612,4,3
43656,45,985,282,68,21.8889,8.0227,6.2263,0.7137,282,22.2055,27,26
125756,4,48,40,23,12.0,8.6667,4.7258,0.1667,40,5.0382,7,6
102040,11,50,32,15,4.5455,22.2,8.4696,0.36,32,2.2442,3,3
179747,6,70,47,31,11.6667,23.8,10.6395,0.3286,47,4.9449,6,3
59732,17,138,83,31,8.1176,4.9375,4.8917,0.3986,83,5.4734,7,3
100187,28,490,153,52,17.5,8.8889,6.0213,0.6878,153,16.4545,20,17
128011,30,381,223,66,12.7,11.9655,9.0966,0.4147,223,7.4348,9,4
116489,9,47,40,24,5.2222,8.875,10.8948,0.1489,40,1.8139,3,2
91868,63,394,120,39,6.254,5.5323,4.8846,0.6954,120,5.891,8,4
109604,6,14,12,9,2.3333,18.8,15.4013,0.1429,12,0.7823,1,0
90322,59,204,64,27,3.4576,6.0345,5.1298,0.6863,64,3.8063,5,4
161272,4,32,25,17,8.0,17.0,11.5326,0.2188,25,2.7036,4,0
202078,11,129,81,42,11.7273,12.1,8.9001,0.3721,81,6.1942,8,8
80945,25,848,191,45,33.92,13.625,8.7368,0.7748,191,31.0049,38,46
56191,46,594,180,64,12.913,8.0,4.3589,0.697,180,10.4663,13,11
136831,26,320,175,59,12.3077,13.4,7.5056,0.4531,175,7.0847,9,3
128563,6,58,44,23,9.6667,8.4,3.8471,0.2414,44,4.9389,6,6
15564,50,295,37,23,5.9,7.2449,3.0655,0.8746,37,6.3616,8,6
44654,3,7,6,6,2.3333,22.5,10.6066,0.1429,6,0.8543,2,1
116317,50,363,108,42,7.26,7.1837,4.8677,0.7025,108,8.538,11,10
28997,4,11,6,5,2.75,24.6667,6.8069,0.4545,6,1.795,3,5
69919,99,145,11,5,1.4646,1.398,1.0911,0.9241,11,1.0959,2,1
93801,14,78,48,30,5.5714,15.3077,9.2411,0.3846,48,2.8294,4,1
109813,3,13,10,7,4.3333,30.0,0.0,0.2308,10,2.1976,3,2
19806,3,27,25,17,9.0,16.5,19.0919,0.0741,25,2.2529,3,1
54274,8,120,54,34,15.0,9.7143,3.8607,0.55,54,12.7993,16,14
33415,5,115,48,29,23.0,23.25,5.3774,0.5826,48,15.0019,19,11
8784,16,95,59,22,5.9375,16.5333,11.9096,0.3789,59,3.4623,5,3
56662,5,32,20,15,6.4,18.5,7.6811,0.375,20,3.7052,5,1
139975,12,45,31,18,3.75,13.8182,11.2501,0.3111,31,1.7569,3,1
90907,9,241,90,31,26.7778,9.125,3.3568,0.6266,90,21.1417,26,27
59801,43,507,157,66,11.7907,8.5714,5.4107,0.6903,157,11.4599,14,11
25586,5,9,5,5,1.8,9.25,3.4034,0.4444,5,0.9329,2,1
42865,39,922,330,76,23.641,9.2105,5.0036,0.6421,330,20.1392,25,20
105541,3,72,60,29,24.0,18.0,2.8284,0.1667,60,10.3879,13,9
40318,5,95,63,26,19.0,24.0,10.0333,0.3368,63,9.3256,12,10
84567,9,178,113,34,19.7778,7.125,1.126,0.3652,113,11.6223,14,2
100243,30,214,121,37,7.1333,10.2069,8.6329,0.4346,121,4.7796,6,5
83928,17,97,43,30,5.7059,15.3125,8.3644,0.5567,43,3.8595,5,0
21923,23,163,105,49,7.087,9.9091,6.955,0.3558,105,4.0505,5,4
156943,29,191,75,41,6.5862,9.7857,5.4048,0.6073,75,5.7931,7,5
35044,17,402,153,53,23.6471,18.75,9.5603,0.6194,153,24.0692,29,22
65888,39,71,20,13,1.8205,8.4737,6.7733,0.7183,20,1.6811,3,2
181101,22,126,44,28,5.7273,15.6667,8.2482,0.6508,44,4.8936,6,5
193010,8,28,17,13,3.5,24.4286,6.0514,0.3929,17,2.0629,3,3
114503,8,54,33,26,6.75,17.7143,11.8984,0.3889,33,2.3849,3,2
17952,7,44,34,14,6.2857,19.6667,9.5219,0.2273,34,2.4806,3,7
84510,4,5,2,1,1.25,23.0,7.2111,0.6,2,0.9221,2,1
38747,15,99,73,36,6.6,13.2857,11.9707,0.2626,73,3.4065,5,2
149629,5,11,8,7,2.2,30.0,0.0,0.2727,8,1.0902,2,2
196664,73,580,227,67,7.9452,5.0,4.3959,0.6086,227,5.4396,7,8
62906,20,343,87,29,17.15,13.5789,8.023,0.7464,87,15.2833,19,23
70619,33,451,90,29,13.6667,11.1562,6.9797,0.8004,90,14.3724,18,15
171105,4,65,36,26,16.25,12.0,6.245,0.4462,36,10.2456,13,14
188972,21,190,80,40,9.0476,15.05,9.6871,0.5789,80,6.1872,8,6
202305,5,9,4,4,1.8,24.75,4.113,0.5556,4,1.3728,2,1
70633,5,44,32,13,8.8,29.0,2.0,0.2727,32,4.0342,5,3
74423,3,21,17,15,7.0,30.0,0.0,0.1905,17,2.3945,3,3
192857,3,19,14,11,6.3333,17.5,16.2635,0.2632,14,2.0864,3,1
133251,30,173,93,34,5.7667,11.6897,7.4647,0.4624,93,3.3432,5,3
155141,6,39,30,16,6.5,10.8,11.0318,0.2308,30,4.2335,6,2
72677,5,131,80,45,26.2,24.25,10.2103,0.3893,80,15.5918,19,3
162580,7,50,22,16,7.1429,27.1667,4.446,0.56,22,5.3934,7,2
127626,10,70,34,23,7.0,6.6667,5.0,0.5143,34,3.3608,5,4
125831,5,88,36,15,17.6,22.0,8.2057,0.5909,36,13.9202,17,19
31859,9,42,19,14,4.6667,21.375,6.9063,0.5476,19,3.6877,5,4
34744,20,105,61,38,5.25,10.2632,8.4449,0.419,61,3.6519,5,5
50794,12,187,102,35,15.5833,18.9091,11.3354,0.4545,102,13.5583,17,13
47799,9,203,141,57,22.5556,10.5,4.8403,0.3054,141,11.9607,15,17
127280,11,88,57,27,8.0,19.8,8.9169,0.3523,57,3.9789,5,7
179662,3,43,28,20,14.3333,6.0,1.4142,0.3488,28,8.2852,10,13
93481,75,749,154,55,9.9867,4.8243,3.4616,0.7944,154,9.4713,12,7
59849,4,39,29,17,9.75,10.3333,12.7017,0.2564,29,5.024,7,5
58808,4,25,24,15,6.25,7.0,1.0,0.04,24,1.9248,3,1
108052,11,320,131,45,29.0909,21.3,7.7753,0.5906,131,22.2112,27,23
21178,6,27,20,17,4.5,5.4,3.2094,0.2593,20,2.5,3,4
17769,9,117,62,29,13.0,3.375,1.598,0.4701,62,7.1407,9,1
164621,9,135,64,35,15.0,8.25,3.4122,0.5259,64,12.0771,15,17
168819,4,50,41,25,12.5,21.6667,14.4338,0.18,41,4.1482,5,0
179122,41,168,56,25,4.0976,8.325,5.859,0.6667,56,3.0819,4,3
104934,58,255,80,28,4.3966,6.3333,3.7193,0.6863,80,3.1512,4,4
51997,9,97,56,34,10.7778,18.0,7.874,0.4227,56,5.8117,7,2
174425,8,36,30,19,4.5,18.4286,11.0884,0.1667,30,1.2065,2,0
7085,10,111,58,27,11.1,14.5556,11.5554,0.4775,58,7.9371,10,13
97188,7,66,37,25,9.4286,17.8333,10.1866,0.4394,37,7.1102,9,5
131421,6,35,21,10,5.8333,19.0,10.4403,0.4,21,2.9382,4,2
16658,15,117,60,33,7.8,10.7143,7.2263,0.4872,60,5.003,7,6
34652,45,313,80,38,6.9556,7.1364,5.4286,0.7444,80,8.4795,11,17
114441,4,51,41,24,12.75,5.0,2.6458,0.1961,41,6.7009,9,9
127814,28,199,72,23,7.1071,5.963,3.1681,0.6382,72,5.0415,7,3
155839,6,108,67,30,18.0,5.8,2.1679,0.3796,67,13.3958,17,26
174881,13,90,68,41,6.9231,11.6667,8.2168,0.2444,68,3.3018,4,0
60609,6,98,57,23,16.3333,17.0,7.9687,0.4184,57,12.0876,15,12
116904,48,474,146,46,9.875,7.234,5.386,0.692,146,11.7114,15,9
18815,32,436,169,47,13.625,11.1935,7.5605,0.6124,169,10.8843,14,9
146117,8,54,47,26,6.75,21.5714,7.4801,0.1296,47,2.2873,3,1
109664,4,32,29,15,8.0,20.6667,12.0968,0.0938,29,2.5794,4,5
205745,37,513,166,57,13.8649,9.5556,6.4207,0.6764,166,14.3246,18,16
92636,43,1226,241,57,28.5116,8.5238,4.363,0.8034,241,27.6744,34,23
124588,7,134,73,31,19.1429,20.5,9.5026,0.4552,73,10.4844,13,0
109167,29,93,32,20,3.2069,11.9286,7.0497,0.6559,32,3.3575,5,4
41718,8,96,63,42,12.0,4.2857,3.1472,0.3438,63,6.5237,8,6
128598,33,107,27,13,3.2424,10.2188,6.9641,0.7477,27,3.4722,5,3
190385,11,91,36,22,8.2727,24.9,5.9898,0.6044,36,6.3063,8,6
77494,3,37,31,19,12.3333,30.0,0.0,0.1622,31,4.075,5,4
86248,4,25,25,15,6.25,20.3333,16.7432,0.0,25,1.6036,2,1
205886,20,245,156,56,12.25,10.9474,5.6615,0.3633,156,6.3159,8,13
82534,3,10,9,5,3.3333,0.5,0.7071,0.1,9,1.612,2,6
113357,4,36,33,16,9.0,23.0,12.1244,0.0833,33,3.243,4,2
13450,12,234,80,35,19.5,16.7273,7.4174,0.6581,80,15.5365,19,25
120862,25,271,137,47,10.84,13.875,8.9555,0.4945,137,5.7093,7,5
164261,5,30,24,10,6.0,29.5,1.0,0.2,24,2.4546,3,3
137482,9,127,48,22,14.1111,20.75,6.756,0.622,48,9.8894,12,16
96743,17,199,95,41,11.7059,14.3125,6.9926,0.5226,95,11.4926,14,10
73413,3,39,35,21,13.0,7.0,2.8284,0.1026,35,4.2042,6,3
66400,3,22,22,12,7.3333,26.0,5.6569,0.0,22,0.915,2,1
87422,4,44,28,15,11.0,21.0,13.0767,0.3636,28,5.9102,8,6
81456,30,79,34,20,2.6333,11.3448,9.3093,0.5696,34,1.7489,3,1
108143,9,76,58,39,8.4444,15.25,10.2783,0.2368,58,3.7636,5,4
171914,3,60,39,24,20.0,30.0,0.0,0.35,39,11.3236,14,12
67938,21,544,232,61,25.9048,13.75,8.6747,0.5735,232,19.5141,24,20
95382,3,35,33,18,11.6667,4.0,1.4142,0.0571,33,4.6821,6,4
102883,13,76,47,32,5.8462,19.4167,10.6041,0.3816,47,3.5373,5,1
179443,13,139,94,45,10.6923,15.8333,11.2317,0.3237,94,6.4727,8,6
113952,6,57,36,25,9.5,13.0,6.892,0.3684,36,5.0027,7,11
48788,4,56,38,20,14.0,16.6667,12.2202,0.3214,38,8.7921,11,13
58242,3,5,4,4,1.6667,12.0,7.0711,0.2,4,0.6518,1,1
52342,33,432,135,57,13.0909,10.4688,7.7167,0.6875,135,6.9013,9,14
198099,30,323,135,48,10.7667,10.4828,7.2537,0.582,135,13.1209,16,15
62922,22,91,28,16,4.1364,15.2857,7.9821,0.6923,28,3.1172,4,3
82670,65,1456,236,37,22.4,4.8438,4.8802,0.8379,236,18.7043,23,26
39146,3,43,33,19,14.3333,13.5,12.0208,0.2326,33,7.0436,9,2
70497,4,77,57,31,19.25,30.0,0.0,0.2597,57,8.172,10,19
130302,9,92,52,20,10.2222,5.25,4.1318,0.4348,52,7.0192,9,5
103273,16,256,164,57,16.0,17.4,9.2875,0.3594,164,10.5791,13,6
86766,21,301,108,54,14.3333,12.05,8.3759,0.6412,108,8.9785,11,9
10968,14,34,13,10,2.4286,14.2308,10.3453,0.6176,13,1.3579,2,3
149677,14,22,9,6,1.5714,20.0769,6.8855,0.5909,9,1.1983,2,1
133731,9,88,42,26,9.7778,14.875,7.0597,0.5227,42,6.5034,8,7
133592,7,154,116,48,22.0,20.3333,7.2572,0.2468,116,11.4932,14,22
14114,14,169,81,48,12.0714,7.9231,2.1394,0.5207,81,8.2099,10,11
106181,9,73,43,23,8.1111,21.875,11.3192,0.411,43,5.5786,7,3
160358,47,188,43,24,4.0,7.6522,6.4712,0.7713,43,3.5305,5,6
75233,3,10,8,8,3.3333,10.0,4.2426,0.2,8,1.2469,2,2
29276,5,71,53,26,14.2,22.0,9.2736,0.2535,53,5.2126,7,3
123977,28,235,99,35,8.3929,10.8519,8.4065,0.5787,99,6.9037,9,8
154277,22,86,11,7,3.9091,16.0476,4.7484,0.8721,11,4.1847,6,5
55692,9,55,24,14,6.1111,24.5,7.8376,0.5636,24,4.9764,6,10
114411,40,291,184,62,7.275,7.7692,6.1664,0.3677,184,4.4221,6,5
40957,77,594,121,44,7.7143,4.7237,2.5277,0.7963,121,7.4622,9,8
135543,16,190,95,42,11.875,16.6,9.7307,0.5,95,6.8173,9,5
146348,63,156,25,15,2.4762,5.7742,2.9611,0.8397,25,3.1877,4,2
16534,14,163,62,30,11.6429,6.9231,2.5646,0.6196,62,9.7557,12,5
176988,26,449,190,63,17.2692,12.6,8.0674,0.5768,190,11.6895,15,15
60979,7,104,83,35,14.8571,21.3333,7.6333,0.2019,83,6.9041,9,3
107029,3,6,4,4,2.0,3.5,2.1213,0.3333,4,1.2649,2,1
183430,36,447,118,43,12.4167,9.9429,4.82,0.736,118,15.5174,19,25
153573,9,176,77,41,19.5556,23.0,6.3471,0.5625,77,12.3583,15,9
13665,11,56,41,25,5.0909,17.4,9.7662,0.2679,41,2.9826,4,7
201003,40,539,120,45,13.475,8.7949,6.1907,0.7774,120,14.8401,18,12
54880,17,450,98,49,26.4706,11.875,8.3576,0.7822,98,27.2425,33,25
25951,11,95,48,27,8.6364,11.2,8.0939,0.4947,48,4.9891,6,4
149520,3,32,29,19,10.6667,30.0,0.0,0.0938,29,3.4126,5,2
175266,20,117,23,18,5.85,17.0,9.7696,0.8034,23,5.7263,7,4
36525,3,58,41,30,19.3333,22.5,10.6066,0.2931,41,8.6466,11,6
137324,3,28,26,19,9.3333,22.5,6.364,0.0714,26,3.108,4,8
28544,24,133,63,25,5.5417,7.5217,5.5993,0.5263,63,2.2778,3,2
189470,3,22,17,12,7.3333,30.0,0.0,0.2273,17,2.5765,4,3
28290,3,9,7,5,3.0,25.5,6.364,0.2222,7,1.457,2,2
167317,4,45,31,19,11.25,28.0,3.4641,0.3111,31,4.8639,6,2
70660,6,36,25,17,6.0,16.8,5.933,0.3056,25,5.3848,7,3
34437,4,15,10,6,3.75,22.3333,10.7858,0.3333,10,1.903,3,2
61113,5,70,48,26,14.0,19.5,11.619,0.3143,48,6.4456,8,7
196463,22,246,101,34,11.1818,13.5714,9.4635,0.5894,101,9.3502,12,10
89766,6,46,22,19,7.6667,15.4,9.7877,0.5217,22,4.1276,5,0
122228,9,283,121,36,31.4444,7.0,4.1404,0.5724,121,22.8314,28,16
5903,18,33,22,14,1.8333,11.6471,11.4507,0.3333,22,1.2469,2,1
34236,16,221,73,44,13.8125,16.3333,10.3003,0.6697,73,10.154,13,8
115032,81,536,118,47,6.6173,4.5,3.1462,0.7799,118,6.53,8,3
25626,31,252,101,36,8.129,9.3,7.8922,0.5992,101,5.1445,7,4
42091,9,98,82,36,10.8889,14.375,9.2418,0.1633,82,4.0619,5,4
72823,12,129,70,33,10.75,14.0,9.0222,0.4574,70,6.3576,8,3
180854,15,149,75,43,9.9333,5.9286,4.0471,0.4966,75,7.0702,9,9
120531,15,224,84,37,14.9333,18.3571,9.8731,0.625,84,13.6104,17,5
86229,7,51,33,21,7.2857,17.0,12.2963,0.3529,33,4.1787,6,5
166737,5,80,47,24,16.0,13.75,9.1788,0.4125,47,9.7608,12,5
14001,4,40,29,19,10.0,18.0,4.0,0.275,29,4.4548,6,4
117183,5,16,9,7,3.2,30.0,0.0,0.4375,9,2.1664,3,1
104481,36,685,230,62,19.0278,9.2857,5.6338,0.6642,230,17.7608,22,25
24138,5,82,42,18,16.4,22.0,5.8878,0.4878,42,9.6144,12,10
138768,41,356,104,40,8.6829,8.775,6.6506,0.7079,104,8.8561,11,12
1692,8,21,14,12,2.625,11.0,4.7258,0.3333,14,1.3244,2,0
122606,25,221,115,43,8.84,8.4167,7.1196,0.4796,115,4.726,6,5
170007,74,516,235,61,6.973,4.9315,3.1593,0.5446,235,5.4141,7,7
124282,5,52,45,27,10.4,23.75,5.909,0.1346,45,4.6362,6,4
127985,11,102,84,41,9.2727,4.0,2.8284,0.1765,84,4.3529,6,0
18053,6,70,45,26,11.6667,19.6,11.5456,0.3571,45,6.6395,8,8
129904,27,188,89,34,6.963,12.5385,8.6266,0.5266,89,4.0174,5,3
159957,7,44,33,23,6.2857,15.0,11.7132,0.25,33,2.7245,4,1
61013,6,51,32,20,8.5,20.4,13.3154,0.3725,32,4.8455,6,5
70059,14,216,92,44,15.4286,6.0,1.4142,0.5741,92,10.9756,14,14
86585,6,46,32,13,7.6667,23.2,8.6429,0.3043,32,3.9656,5,6
60544,37,724,136,50,19.5676,9.7778,5.5658,0.8122,136,19.8263,24,23
19671,11,87,70,31,7.9091,11.1,7.9784,0.1954,70,2.6826,4,1
153529,73,1339,252,35,18.3425,4.5833,5.3306,0.8118,252,7.0433,9,8
186795,5,58,30,20,11.6,12.75,4.0311,0.4828,30,6.2616,8,6
133610,29,209,53,30,7.2069,11.3929,7.5638,0.7464,53,9.6769,12,8
164474,5,33,31,17,6.6,15.75,5.7373,0.0606,31,1.9339,3,2
12584,10,57,33,18,5.7,13.2222,9.3779,0.4211,33,3.4491,5,2
90641,16,233,112,49,14.5625,17.9333,6.6812,0.5193,112,12.8808,16,15
165475,6,39,30,20,6.5,25.2,6.6106,0.2308,30,2.5352,4,3
47224,3,28,25,15,9.3333,21.0,2.8284,0.1071,25,2.3936,3,0
48041,7,118,60,29,16.8571,19.0,9.757,0.4915,60,10.3895,13,6
39610,4,15,14,11,3.75,19.3333,3.0551,0.0667,14,1.4864,2,0
75271,36,316,118,47,8.7778,9.2,3.7164,0.6266,118,10.0154,13,5
204151,8,22,12,9,2.75,13.4286,11.9144,0.4545,12,1.5816,2,2
64183,3,74,64,28,24.6667,21.0,9.8995,0.1351,64,8.4104,11,5
102425,3,35,29,18,11.6667,18.0,1.4142,0.1714,29,5.1679,7,4
143945,71,826,146,49,11.6338,5.0571,4.8927,0.8232,146,9.2588,12,8
133043,4,48,32,25,12.0,30.0,0.0,0.3333,32,6.4024,8,8
42672,9,15,8,7,1.6667,11.625,7.3473,0.4667,8,1.0384,2,1
65556,23,102,35,16,4.4348,8.4545,5.763,0.6569,35,3.6272,5,3
12817,6,73,59,35,12.1667,3.8,3.7014,0.1918,59,4.8179,6,1
50942,11,149,79,45,13.5455,20.0,10.5304,0.4698,79,9.2924,12,12
183717,3,44,38,19,14.6667,11.0,5.6569,0.1364,38,5.0554,7,8
43224,4,13,11,8,3.25,16.6667,11.9304,0.1538,11,1.4011,2,0
155759,4,31,29,15,7.75,21.3333,15.0111,0.0645,29,2.6117,4,6
140688,3,22,20,14,7.3333,17.5,17.6777,0.0909,20,1.4562,2,3
181799,15,56,30,18,3.7333,14.0,12.2349,0.4643,30,1.9247,3,1
125906,49,428,167,43,8.7347,7.1042,6.9259,0.6098,167,9.3714,12,10
61105,26,595,213,50,22.8846,9.92,6.8734,0.642,213,21.6789,27,20
136319,5,87,51,28,17.4,8.5,3.3166,0.4138,51,12.4244,15,7
165738,10,63,46,23,6.3,14.8889,8.5212,0.2698,46,3.0202,4,3
110632,3,19,15,10,6.3333,16.5,0.7071,0.2105,15,2.7688,4,2
202032,4,61,30,23,15.25,19.6667,10.504,0.5082,30,10.1601,13,5
194431,11,99,48,29,9.0,20.5,7.2915,0.5152,48,5.9198,8,9
118924,5,109,97,31,21.8,26.0,8.0,0.1101,97,23.6275,29,11
192621,5,21,9,9,4.2,12.25,4.1932,0.5714,9,3.2707,4,2
178299,3,20,15,9,6.6667,30.0,0.0,0.25,15,2.9575,4,2
173122,4,27,18,14,6.75,30.0,0.0,0.3333,18,4.9519,6,6
180653,7,84,60,32,12.0,7.5,6.0249,0.2857,60,5.0106,7,8
106033,15,164,61,28,10.9333,11.1429,9.5985,0.628,61,9.5886,12,9
105207,5,53,46,24,10.6,26.5,7.0,0.1321,46,3.1721,4,1
4068,5,46,35,26,9.2,26.25,7.5,0.2391,35,5.7876,7,5
187303,18,55,26,17,3.0556,14.2941,8.2822,0.5273,26,3.0518,4,3
195340,3,47,39,24,15.6667,30.0,0.0,0.1702,39,6.9281,9,7
135601,7,30,27,19,4.2857,9.3333,6.2183,0.1,27,1.8513,3,2
110274,10,37,15,10,3.7,7.1111,3.7896,0.5946,15,3.0715,4,2
79964,35,787,286,56,22.4857,10.1471,6.514,0.6366,286,21.3892,26,19
66696,5,59,50,31,11.8,25.25,8.2209,0.1525,50,3.61,5,2
138803,3,31,27,22,10.3333,9.0,8.4853,0.129,27,3.5156,5,1
34546,11,105,74,34,9.5455,17.6,9.1433,0.2952,74,4.3059,6,6
142413,26,219,100,43,8.4231,12.48,7.4505,0.5434,100,6.2819,8,4
104591,9,38,22,15,4.2222,10.5,9.4567,0.4211,22,4.6922,6,7
117372,3,31,26,18,10.3333,30.0,0.0,0.1613,26,4.3108,6,2
8500,75,1735,302,65,23.1333,4.7703,3.1254,0.8259,302,22.4079,27,15
46854,14,36,20,13,2.5714,12.2308,10.8793,0.4444,20,1.2973,2,1
62569,13,306,98,45,23.5385,16.6667,5.7261,0.6797,98,20.8816,26,19
31380,4,15,12,9,3.75,6.3333,1.5275,0.2,12,2.4879,3,1
54278,9,180,97,31,20.0,23.5,6.392,0.4611,97,12.3144,15,11
195327,7,27,18,13,3.8571,16.6667,13.7356,0.3333,18,2.4529,3,1
76936,12,28,14,7,2.3333,12.4545,10.2992,0.5,14,1.4902,2,0
33195,68,762,190,61,11.2059,5.3731,4.0296,0.7507,190,10.3548,13,7
5517,4,40,32,15,10.0,11.0,9.5394,0.2,32,3.7119,5,5
191021,13,156,73,25,12.0,19.25,11.4107,0.5321,73,8.6236,11,5
40273,10,30,22,12,3.0,19.5556,9.9009,0.2667,22,1.7305,3,1
110862,14,221,96,39,15.7857,22.3077,7.8781,0.5656,96,12.61,16,14
29408,7,23,14,11,3.2857,15.0,16.4317,0.3913,14,3.9699,5,4
62065,9,82,35,19,9.1111,8.625,5.0409,0.5732,35,6.5405,8,6
93802,8,129,78,36,16.125,18.8571,9.0633,0.3953,78,9.0305,11,6
146148,4,19,11,8,4.75,29.0,1.7321,0.4211,11,3.0489,4,1
168443,58,1029,206,57,17.7414,6.3333,3.8514,0.7998,206,8.689,11,9
188245,6,48,11,5,8.0,4.4,0.5477,0.7708,11,7.0289,9,8
39802,15,82,59,33,5.4667,17.5,12.227,0.2805,59,2.9903,4,3
204635,27,260,166,56,9.6296,10.0385,9.031,0.3615,166,4.2667,6,5
164504,13,186,126,58,14.3077,16.8333,9.3598,0.3226,126,7.5652,10,4
179751,10,73,32,18,7.3,21.6667,10.3803,0.5616,32,4.8563,6,4
154631,47,451,217,62,9.5957,6.9565,5.959,0.5188,217,5.0492,7,1
161956,4,25,14,9,6.25,13.3333,1.1547,0.44,14,5.1603,7,7
17146,11,134,65,41,12.1818,14.7,8.87,0.5149,65,7.6993,10,1
125015,8,21,20,14,2.625,23.2857,9.2505,0.0476,20,0.9701,2,1
139406,23,529,189,60,23.0,9.5,8.9216,0.6427,189,22.8609,28,27
133017,3,46,34,25,15.3333,17.5,10.6066,0.2609,34,5.8225,7,8
43673,5,32,17,12,6.4,25.0,3.8297,0.4688,17,4.4669,6,2
38330,7,25,12,7,3.5714,6.6667,5.2026,0.52,12,2.3705,3,3
151703,6,93,50,24,15.5,18.4,9.7365,0.4624,50,10.1427,13,9
150617,3,30,25,16,10.0,7.0,0.0,0.1667,25,3.9232,5,4
122877,18,275,172,55,15.2778,14.1765,9.9639,0.3745,172,8.3838,11,2
128395,7,13,8,7,1.8571,24.6667,4.7188,0.3846,8,1.2124,2,2
120311,8,23,15,9,2.875,10.0,3.0551,0.3478,15,1.4524,2,1
67361,3,23,21,13,7.6667,19.5,14.8492,0.087,21,4.0794,5,6
19630,3,12,9,8,4.0,30.0,0.0,0.25,9,1.6584,2,2
68141,6,44,31,18,7.3333,5.2,4.4385,0.2955,31,3.4058,5,9
9846,8,45,45,26,5.625,10.5714,11.8723,0.0,45,0.9048,2,5
26470,17,107,52,27,6.2941,9.1875,5.4799,0.514,52,4.1796,6,6
194899,28,386,120,36,13.7857,11.0741,9.0168,0.6891,120,13.4038,17,21
23570,44,771,271,73,17.5227,6.5349,5.8037,0.6485,271,13.6867,17,16
131957,23,232,71,16,10.087,10.2727,5.5048,0.694,71,8.0996,10,7
183538,3,42,37,28,14.0,4.0,2.8284,0.119,37,2.9834,4,4
70086,10,67,36,26,6.7,21.0,7.6158,0.4627,36,3.2735,4,8
100806,4,17,14,10,4.25,30.0,0.0,0.1765,14,2.2267,3,0
48263,29,110,56,23,3.7931,10.8214,5.8249,0.4909,56,2.2232,3,1
33027,4,20,14,3,5.0,18.0,10.583,0.3,14,2.5731,4,4
31710,20,335,164,50,16.75,14.3158,8.5508,0.5104,164,8.3011,10,24
31929,3,44,41,22,14.6667,30.0,0.0,0.0682,41,4.1642,5,5
169844,13,117,57,27,9.0,19.75,9.6307,0.5128,57,9.0823,11,9
7874,27,193,81,35,7.1481,2.7692,2.93,0.5803,81,5.3806,7,8
155079,19,341,173,55,17.9474,17.3889,9.4255,0.4927,173,13.013,16,14
196200,3,36,33,21,12.0,30.0,0.0,0.0833,33,3.1064,4,3
38074,15,54,15,12,3.6,22.7857,6.1165,0.7222,15,3.3875,5,4
115705,3,32,28,18,10.6667,25.5,6.364,0.125,28,4.0168,5,3
103787,17,99,36,26,5.8235,15.375,7.6757,0.6364,36,5.6305,7,5
34558,9,109,87,40,12.1111,24.25,9.468,0.2018,87,6.1967,8,9
42959,24,414,190,63,17.25,10.5217,6.6118,0.5411,190,12.348,15,11
102703,8,107,90,48,13.375,11.7143,9.7931,0.1589,90,5.0037,7,7
84821,20,141,50,21,7.05,15.5789,10.532,0.6454,50,6.0412,8,12
152056,4,16,12,9,4.0,21.6667,7.3711,0.25,12,1.7066,3,1
16353,9,31,10,8,3.4444,18.75,7.2259,0.6774,10,3.0849,4,1
51488,10,127,63,27,12.7,25.2222,8.482,0.5039,63,8.0048,10,9
166038,15,137,62,36,9.1333,17.5,8.6713,0.5474,62,6.1619,8,8
98349,4,41,18,6,10.25,9.0,4.3589,0.561,18,7.1863,9,3
196073,8,70,49,30,8.75,10.1429,8.3751,0.3,49,4.4551,6,2
110878,13,100,47,28,7.6923,17.0833,7.1663,0.53,47,5.3598,7,4
171497,5,109,66,27,21.8,17.0,9.4868,0.3945,66,12.1844,15,20
22415,5,9,9,9,1.8,27.0,6.0,0.0,9,0.5149,1,0
144261,5,19,19,8,3.8,18.75,11.3248,0.0,19,1.0601,2,0
128950,5,32,26,18,6.4,27.25,5.5,0.1875,26,2.1997,3,3
31871,9,100,75,37,11.1111,16.375,11.5132,0.25,75,2.7693,4,2
92996,4,12,12,6,3.0,29.0,1.7321,0.0,12,0.5538,1,0
7290,14,91,55,26,6.5,16.9231,9.9788,0.3956,55,5.8565,8,5
80757,3,30,24,14,10.0,6.5,0.7071,0.2,24,4.7083,6,5
50399,13,221,126,49,17.0,12.5833,8.7849,0.4299,126,9.9288,12,10
19748,4,4,1,1,1.0,15.0,13.0,0.75,1,0.8442,1,0
63819,20,62,24,17,3.1,12.2632,8.4842,0.6129,24,3.8512,5,3
35365,21,243,121,42,11.5714,12.3,8.8383,0.5021,121,8.219,10,12
176454,7,53,50,32,7.5714,13.6667,13.0639,0.0566,50,1.713,3,2
11615,13,110,55,39,8.4615,15.25,9.9829,0.5,55,6.2319,8,7
163388,23,23,1,1,1.0,4.0455,3.8107,0.9565,1,0.9284,1,1
195492,5,46,28,17,9.2,21.25,14.3614,0.3913,28,4.5328,6,2
102396,33,262,98,39,7.9394,9.25,7.269,0.626,98,4.5914,6,4
192743,7,91,61,31,13.0,19.6667,12.8789,0.3297,61,9.0036,11,11
199603,11,56,10,4,5.0909,21.9,5.4661,0.8214,10,4.8053,6,6
124987,6,70,43,26,11.6667,13.0,7.0,0.3857,43,6.299,8,7
81490,4,54,42,28,13.5,22.6667,12.7017,0.2222,42,6.2628,8,4
104870,3,56,33,24,18.6667,30.0,0.0,0.4107,33,9.3833,12,13
201226,21,63,33,20,3.0,12.65,9.9909,0.4762,33,1.3506,2,1
185191,52,558,197,73,10.7308,6.3333,5.2827,0.647,197,9.0489,11,7
69100,17,74,23,16,4.3529,15.375,9.5769,0.6892,23,2.6652,4,3
116270,12,160,87,38,13.3333,13.5455,6.8024,0.4562,87,11.0453,14,15
42628,9,32,16,12,3.5556,11.875,9.3875,0.5,16,2.0431,3,3
52438,68,678,133,41,9.9706,5.1493,2.867,0.8038,133,9.1853,12,9
123657,3,23,19,15,7.6667,16.0,19.799,0.1739,19,2.5406,4,2
8844,39,285,86,38,7.3077,8.9737,6.6799,0.6982,86,6.2244,8,2
105548,20,142,69,26,7.1,13.2105,12.3629,0.5141,69,5.6159,7,4
65695,6,17,14,10,2.8333,24.6,6.9857,0.1765,14,0.9651,2,2
120075,7,133,80,31,19.0,20.5,14.7207,0.3985,80,11.2191,14,16
7848,14,74,47,28,5.2857,8.4615,9.4394,0.3649,47,2.8761,4,4
99275,3,11,8,6,3.6667,20.5,9.1924,0.2727,8,2.0348,3,1
5027,4,23,21,14,5.75,23.0,12.1244,0.087,21,2.1691,3,3
95855,7,28,18,8,4.0,17.5,13.9964,0.3571,18,1.6941,3,1
149854,36,321,153,50,8.9167,8.3714,8.0953,0.5234,153,5.4711,7,8
76593,28,396,154,57,14.1429,12.0,7.8984,0.6111,154,9.4853,12,11
181496,7,92,64,33,13.1429,21.6667,9.0921,0.3043,64,7.1117,9,8
51737,15,125,59,31,8.3333,11.2857,8.7392,0.528,59,5.1208,7,6
73968,36,712,164,55,19.7778,10.0,5.0352,0.7697,164,20.7188,25,19
62321,10,85,63,30,8.5,10.0,8.8741,0.2588,63,4.8413,6,5
126291,21,245,124,48,11.6667,13.5,7.8974,0.4939,124,8.4143,11,20
31659,25,40,13,11,1.6,12.9583,8.4467,0.675,13,0.7456,1,0
72444,13,177,115,43,13.6154,15.6667,10.6373,0.3503,115,7.9012,10,8
157850,15,66,38,22,4.4,18.7143,9.4741,0.4242,38,3.3874,5,7
4991,15,107,51,21,7.1333,11.2143,10.1389,0.5234,51,5.6149,7,9
185001,9,104,68,34,11.5556,20.25,11.4736,0.3462,68,7.1656,9,2
97599,5,43,40,27,8.6,27.0,6.0,0.0698,40,2.6332,4,1
164390,3,39,28,22,13.0,13.5,3.5355,0.2821,28,5.7171,7,9
195038,5,10,6,6,2.0,28.75,2.5,0.4,6,1.4117,2,2
41780,21,157,64,24,7.4762,14.45,9.5393,0.5924,64,6.685,9,8
183751,41,396,94,38,9.6585,8.85,6.5772,0.7626,94,6.1851,8,6
28393,3,18,16,11,6.0,27.0,4.2426,0.1111,16,2.1574,3,1
125051,17,139,72,34,8.1765,9.75,6.7577,0.482,72,5.5204,7,4
97242,7,75,38,20,10.7143,9.6667,7.3937,0.4933,38,6.2162,8,6
137799,99,782,88,32,7.899,2.5306,1.9489,0.8875,88,5.9452,8,0
95316,6,55,41,27,9.1667,4.4,4.3932,0.2545,41,5.0383,7,6
170521,6,48,42,25,8.0,14.0,4.899,0.125,42,1.8109,3,3
127838,22,338,122,49,15.3636,10.3333,6.6583,0.6391,122,15.8731,20,11
68344,10,83,37,22,8.3,16.7778,8.983,0.5542,37,5.1937,7,5
55645,20,230,44,35,11.5,12.0526,5.0053,0.8087,44,11.5783,14,15
141415,12,98,66,34,8.1667,17.1818,8.9198,0.3265,66,4.8275,6,6
49472,6,142,90,42,23.6667,18.2,13.6455,0.3662,90,8.6167,11,2
30441,36,278,126,50,7.7222,10.0,5.6203,0.5468,126,6.2573,8,2
18102,42,473,135,49,11.2619,7.8293,6.1315,0.7146,135,11.7694,15,6
106940,38,295,123,37,7.7632,9.1081,9.1189,0.5831,123,5.7324,7,9
171694,3,27,21,13,9.0,9.5,2.1213,0.2222,21,3.5779,5,3
69519,4,61,38,19,15.25,7.3333,1.1547,0.377,38,9.3653,12,9
157340,10,217,73,36,21.7,8.5556,3.1269,0.6636,73,19.1815,24,28
104855,99,964,95,29,9.7374,2.7755,2.5506,0.9015,95,9.1637,11,4
148952,3,22,20,15,7.3333,21.5,12.0208,0.0909,20,2.2112,3,7
154530,9,88,69,37,9.7778,16.375,9.6205,0.2159,69,3.2128,4,2
133113,14,215,104,46,15.3571,8.6154,4.2138,0.5163,104,8.8485,11,6
140684,12,208,92,38,17.3333,13.0909,7.8798,0.5577,92,10.7573,13,10
59422,53,468,114,44,8.8302,6.7308,6.0976,0.7564,114,5.4696,7,6
176899,4,23,23,15,5.75,21.3333,15.0111,0.0,23,1.4124,2,0
183809,6,103,69,33,17.1667,30.0,0.0,0.3301,69,10.3873,13,20
163703,5,23,20,11,4.6,16.0,16.1658,0.1304,20,1.4513,2,1
99120,22,126,58,22,5.7273,7.7619,8.0864,0.5397,58,4.72,6,5
119255,16,188,48,32,11.75,15.5333,7.1899,0.7447,48,12.3109,15,9
38512,3,42,30,17,14.0,23.5,6.364,0.2857,30,6.4642,8,4
192176,4,7,6,5,1.75,10.3333,17.0392,0.1429,6,0.7205,1,1
195189,50,560,95,14,11.2,6.5714,2.63,0.8304,95,14.5818,18,19
167224,27,443,148,62,16.4074,5.9615,3.6604,0.6659,148,13.9821,17,11
106487,57,530,175,54,9.2982,6.3393,4.5218,0.6698,175,9.4507,12,13
117345,23,50,27,17,2.1739,6.0455,6.298,0.46,27,1.7784,3,2
70297,8,160,76,36,20.0,14.0,6.532,0.525,76,15.3107,19,16
104523,13,50,26,19,3.8462,20.0833,9.6433,0.48,26,2.9592,4,3
51363,31,423,183,58,13.6452,6.6667,8.3639,0.5674,183,13.3289,16,12
143660,5,48,38,24,9.6,17.5,10.116,0.2083,38,4.1387,5,7
32860,72,501,155,61,6.9583,4.7465,6.6692,0.6906,155,6.8331,9,4
130850,7,45,19,14,6.4286,5.3333,2.4221,0.5778,19,5.1005,7,5
1150,47,395,128,40,8.4043,4.1739,1.7423,0.6759,128,7.6776,10,8
34630,7,160,87,40,22.8571,4.3333,2.8752,0.4562,87,12.8396,16,26
129445,7,41,26,14,5.8571,21.3333,7.8655,0.3659,26,3.7876,5,4
64111,8,60,48,26,7.5,24.2857,9.2685,0.2,48,3.9189,5,3
120214,5,14,11,8,2.8,13.75,9.7425,0.2143,11,1.7463,3,2
113630,4,17,14,12,4.25,4.3333,1.1547,0.1765,14,2.3391,3,2
76392,5,81,64,37,16.2,23.5,13.0,0.2099,64,6.1462,8,4
50354,56,956,177,58,17.0714,6.5091,3.5532,0.8149,177,20.2901,25,25
14610,10,38,19,11,3.8,9.7778,8.1513,0.5,19,3.5231,5,3
190285,3,27,24,19,9.0,11.5,9.1924,0.1111,24,3.1355,4,1
158665,19,241,69,28,12.6842,14.6111,8.5964,0.7137,69,10.7234,13,12
24453,12,61,16,9,5.0833,15.0,10.7981,0.7377,16,3.6339,5,3
133314,49,311,113,41,6.3469,6.125,7.2776,0.6367,113,4.503,6,2
8753,7,77,46,25,11.0,22.1667,8.7958,0.4026,46,5.0787,7,4
204533,3,12,10,8,4.0,17.5,0.7071,0.1667,10,2.0664,3,1
91075,8,124,58,20,15.5,8.5714,7.0677,0.5323,58,17.2703,21,27
25203,5,47,37,21,9.4,17.0,15.0333,0.2128,37,4.2165,6,6
191497,9,51,34,26,5.6667,13.375,8.1755,0.3333,34,2.3502,3,2
197425,8,40,30,20,5.0,20.8571,12.469,0.25,30,3.0733,4,6
141978,6,25,21,15,4.1667,21.2,10.2567,0.16,21,1.2041,2,1
24200,3,60,44,21,20.0,16.0,1.4142,0.2667,44,8.1441,10,10
99233,8,76,42,24,9.5,10.2857,5.908,0.4474,42,6.3261,8,10
165543,4,22,20,11,5.5,16.3333,12.5033,0.0909,20,1.7559,3,1
43959,11,31,13,12,2.8182,25.9,5.2377,0.5806,13,2.2633,3,2
71102,5,49,38,25,9.8,25.25,9.5,0.2245,38,3.6221,5,5
130752,6,25,15,2,4.1667,13.6,9.8387,0.4,15,2.1495,3,2
127970,17,178,129,45,10.4706,11.375,7.2652,0.2753,129,5.1957,7,1
98373,14,89,70,36,6.3571,17.7692,10.0925,0.2135,70,2.5535,4,4
125287,7,71,63,34,10.1429,9.1667,8.8638,0.1127,63,3.1296,4,8
44557,5,59,47,34,11.8,25.5,9.0,0.2034,47,4.3458,6,1
78634,22,252,91,37,11.4545,9.5714,7.3114,0.6389,91,7.6315,10,4
69477,12,276,86,42,23.0,16.1818,8.4949,0.6884,86,19.2828,24,34
65261,3,33,23,15,11.0,14.0,2.8284,0.303,23,5.029,7,6
102527,41,633,293,69,15.439,8.7,4.3098,0.5371,293,11.6965,15,12
159450,12,184,108,53,15.3333,16.9091,11.5625,0.413,108,8.7488,11,10
197080,5,31,24,21,6.2,12.25,4.3493,0.2258,24,2.2427,3,3
7198,7,50,26,16,7.1429,27.5,5.2058,0.48,26,5.3487,7,2
80152,11,14,2,2,1.2727,5.0,1.6997,0.8571,2,1.246,2,1
68704,13,143,71,30,11.0,11.4167,8.5329,0.5035,71,6.0839,8,9
167510,10,75,44,20,7.5,8.6667,9.3541,0.4133,44,3.4807,5,0
2370,6,183,95,38,30.5,18.8,7.5961,0.4809,95,19.1182,23,32
22279,9,23,13,10,2.5556,20.5,11.4891,0.4348,13,1.5273,2,1
88829,5,23,22,14,4.6,10.5,13.4784,0.0435,22,1.1045,2,2
128154,55,249,51,32,4.5273,6.6111,3.515,0.7952,51,4.082,5,6
49318,52,866,185,56,16.6538,6.9608,3.143,0.7864,185,15.7255,19,26
93557,7,94,57,31,13.4286,19.3333,11.6905,0.3936,57,8.6763,11,10
32965,14,64,26,13,4.5714,13.8462,10.1722,0.5938,26,3.8918,5,3
20268,15,109,51,23,7.2667,17.0714,10.745,0.5321,51,4.2987,6,3
193480,29,120,61,37,4.1379,7.0357,6.7795,0.4917,61,3.5893,5,0
144971,4,13,11,9,3.25,19.0,11.5326,0.1538,11,1.1871,2,2
93361,40,150,18,15,3.75,7.0769,2.8227,0.88,18,3.5659,5,3
111252,3,18,17,13,6.0,23.0,9.8995,0.0556,17,1.4148,2,0
87866,36,590,164,55,16.3889,8.1429,7.1872,0.722,164,17.123,21,13
144902,46,523,46,26,11.3696,7.9333,3.158,0.912,46,10.8952,14,14
166386,27,181,81,44,6.7037,7.1538,7.7856,0.5525,81,3.4625,5,5
17393,5,40,37,12,8.0,16.25,9.8784,0.075,37,2.4694,3,0
24436,5,24,19,17,4.8,9.25,6.702,0.2083,19,2.1109,3,1
183696,7,72,46,32,10.2857,20.6667,9.3524,0.3611,46,4.7742,6,7
25940,10,35,24,11,3.5,19.8889,12.4343,0.3143,24,1.8362,3,2
128340,8,160,103,34,20.0,13.4286,10.9675,0.3562,103,14.812,18,9
167650,16,209,42,24,13.0625,15.5333,8.5345,0.799,42,9.7675,12,11
191145,18,231,148,44,12.8333,9.1176,7.3304,0.3593,148,5.3288,7,4
128802,3,34,26,19,11.3333,9.5,0.7071,0.2353,26,6.8109,9,7
175,23,130,93,29,5.6522,5.1818,3.5002,0.2846,93,2.6527,4,1
66323,9,67,49,25,7.4444,6.25,5.0639,0.2687,49,4.1439,5,3
176634,29,178,99,33,6.1379,8.8571,6.3696,0.4438,99,4.373,6,4
205702,3,34,29,22,11.3333,16.0,19.799,0.1471,29,2.973,4,6
101808,27,550,264,71,20.3704,7.2692,7.3406,0.52,264,8.1226,10,3
180185,17,133,28,14,7.8235,15.3125,6.3321,0.7895,28,8.8692,11,9
140817,8,23,16,11,2.875,20.1429,12.7073,0.3043,16,2.1056,3,5
12379,6,27,21,12,4.5,19.4,11.0363,0.2222,21,1.4012,2,2
135402,12,26,15,10,2.1667,22.0,9.0554,0.4231,15,1.7348,3,0
100953,13,232,107,40,17.8462,16.0,9.0754,0.5388,107,12.0916,15,23
52274,21,463,86,46,22.0476,10.5,4.651,0.8143,86,22.3531,27,26
88530,5,15,12,10,3.0,11.0,8.2865,0.2,12,1.7139,3,1
76185,22,144,71,38,6.5455,15.0,5.5136,0.5069,71,6.3844,8,6
3579,79,675,111,42,8.5443,4.6026,3.7254,0.8356,111,8.7549,11,12
154136,8,118,67,30,14.75,26.8571,5.64,0.4322,67,6.6807,9,5
73667,67,528,197,61,7.8806,5.5,3.7055,0.6269,197,6.9523,9,11
13277,5,34,33,16,6.8,17.5,14.4568,0.0294,33,1.6463,2,0
200592,3,41,32,20,13.6667,18.0,16.9706,0.2195,32,6.9278,9,9
27836,13,164,84,37,12.6154,11.3333,10.4214,0.4878,84,7.4455,9,6
128116,15,123,82,37,8.2,18.7143,8.5972,0.3333,82,6.1249,8,3
15404,12,128,48,26,10.6667,9.0,5.9833,0.625,48,11.9119,15,1
197528,13,221,111,45,17.0,22.5,8.2957,0.4977,111,11.3013,14,14
132856,26,359,101,43,13.8077,4.52,2.365,0.7187,101,13.6154,17,15
205778,9,81,50,28,9.0,14.375,10.528,0.3827,50,9.4837,12,1
29606,9,57,20,14,6.3333,15.0,7.9642,0.6491,20,5.1296,7,6
158796,44,119,31,19,2.7045,8.4419,6.0447,0.7395,31,1.5097,2,1
49312,11,182,84,32,16.5455,21.0,8.3931,0.5385,84,13.166,16,20
133611,10,67,33,17,6.7,18.5556,7.3333,0.5075,33,6.568,8,5
177854,27,359,255,64,13.2963,10.3846,9.0425,0.2897,255,5.7815,7,10
114884,41,172,23,16,4.1951,8.75,4.2832,0.8663,23,3.3245,4,4
74833,3,35,29,23,11.6667,30.0,0.0,0.1714,29,9.8537,12,0
177474,9,173,99,50,19.2222,16.375,10.4463,0.4277,99,10.4602,13,21
195506,11,72,38,24,6.5455,22.1,9.5621,0.4722,38,3.8403,5,1
18022,16,213,99,42,13.3125,17.7333,8.5979,0.5352,99,12.5435,16,9
122724,20,307,123,41,15.35,14.1579,9.5118,0.5993,123,11.5911,14,1
184495,4,55,46,27,13.75,28.3333,2.8868,0.1636,46,3.8811,5,10
21200,4,10,8,8,2.5,12.3333,6.4291,0.2,8,1.3991,2,3
84898,15,293,102,36,19.5333,18.4286,8.9847,0.6519,102,12.9292,16,15
103366,21,182,49,25,8.6667,15.2,10.0713,0.7308,49,4.6272,6,6
63848,4,26,23,11,6.5,30.0,0.0,0.1154,23,1.833,3,2
8421,8,37,16,14,4.625,20.0,9.7125,0.5676,16,3.7715,5,6
107914,10,121,72,37,12.1,19.8889,10.0305,0.405,72,6.2727,8,5
190915,6,7,5,4,1.1667,18.6,11.2383,0.2857,5,1.0229,2,0
103021,7,94,56,24,13.4286,21.3333,13.4412,0.4043,56,9.666,12,13
38421,10,57,41,19,5.7,18.3333,9.1515,0.2807,41,2.3118,3,1
10654,3,20,18,14,6.6667,28.5,2.1213,0.1,18,2.1804,3,0
117499,17,237,111,46,13.9412,11.625,9.0471,0.5316,111,7.2918,9,11
129810,4,53,40,14,13.25,16.0,13.5277,0.2453,40,5.5878,7,7
26414,32,220,85,26,6.875,10.2258,7.8516,0.6136,85,6.0493,8,5
74916,33,637,184,61,19.303,10.2188,6.4695,0.7111,184,19.8901,24,23
212,12,29,17,14,2.4167,16.0,10.0399,0.4138,17,1.2551,2,1
116192,6,125,90,36,20.8333,24.6,12.0748,0.28,90,10.9023,14,10
148342,27,57,17,15,2.1111,12.6538,5.1764,0.7018,17,1.7376,3,2
88091,12,242,150,45,20.1667,20.3636,7.089,0.3802,150,11.0081,14,8
182053,7,110,86,45,15.7143,7.1667,4.7081,0.2182,86,8.3555,11,5
176662,55,377,213,70,6.8545,6.6296,5.1699,0.435,213,4.3168,6,8
154676,11,107,80,35,9.7273,18.2,9.6701,0.2523,80,3.326,4,1
140717,3,10,7,5,3.3333,22.5,10.6066,0.3,7,2.2214,3,2
15987,3,23,16,9,7.6667,22.0,7.0711,0.3043,16,3.9308,5,2
50888,4,85,57,28,21.25,8.6667,5.5076,0.3294,57,10.818,13,9
55933,12,39,9,6,3.25,14.7273,7.5245,0.7692,9,3.4818,5,1
154959,3,66,44,26,22.0,6.5,2.1213,0.3333,44,15.2561,19,13
194099,7,9,5,5,1.2857,12.0,11.8491,0.4444,5,0.793,1,1
26013,29,305,143,41,10.5172,6.9643,5.3367,0.5311,143,9.265,12,9
77025,41,331,93,46,8.0732,8.05,7.0998,0.719,93,8.7712,11,9
119505,9,138,93,47,15.3333,9.25,4.6828,0.3261,93,7.9718,10,4
127158,99,1885,280,52,19.0404,2.6224,2.5546,0.8515,280,19.6591,24,24
182146,9,94,47,36,10.4444,8.75,5.6252,0.5,47,4.8066,6,3
79817,15,51,17,12,3.4,20.7143,7.9074,0.6667,17,2.9369,4,3
95266,12,107,33,13,8.9167,8.2727,4.101,0.6916,33,8.0366,10,12
26891,14,105,68,31,7.5,18.0,10.7393,0.3524,68,5.4155,7,10
205725,16,42,30,15,2.625,19.4,8.559,0.2857,30,0.961,2,1
111616,38,256,55,34,6.7368,9.3784,4.8497,0.7852,55,8.2472,10,15
140444,11,123,76,31,11.1818,19.3,12.2841,0.3821,76,7.7723,10,7
86789,8,184,87,42,23.0,6.8571,4.9473,0.5272,87,18.2682,22,13
1478,12,435,179,64,36.25,23.0,8.8431,0.5885,179,23.0212,28,34
122695,3,19,18,13,6.3333,30.0,0.0,0.0526,18,1.2134,2,2
38785,3,3,1,1,1.0,24.0,7.0711,0.6667,1,0.7346,1,0
157961,30,164,69,30,5.4667,8.3448,9.7588,0.5793,69,5.38,7,4
39619,57,352,35,20,6.1754,6.5,4.1517,0.9006,35,6.1592,8,4
107951,57,1080,310,65,18.9474,6.4286,4.2719,0.713,310,15.8053,19,17
55685,34,270,133,53,7.9412,10.5758,8.303,0.5074,133,5.0959,7,3
92726,5,82,57,14,16.4,23.25,8.6168,0.3049,57,7.9278,10,16
82536,7,93,55,31,13.2857,23.3333,10.4051,0.4086,55,7.814,10,6
63036,4,17,15,11,4.25,22.6667,12.7017,0.1176,15,1.5498,2,1
185302,3,12,5,4,4.0,6.5,0.7071,0.5833,5,2.9576,4,3
172399,23,217,106,38,9.4348,12.4545,9.8596,0.5115,106,6.8967,9,7
164709,7,50,33,24,7.1429,13.1667,5.1929,0.34,33,3.3932,5,8
1252,13,124,58,33,9.5385,15.9167,7.7279,0.5323,58,4.8954,6,8
44800,49,601,220,57,12.2653,7.25,2.7483,0.6339,220,9.4734,12,4
204639,11,173,86,35,15.7273,9.1,3.178,0.5029,86,8.9164,11,6
37123,33,395,185,54,11.9697,5.0312,3.763,0.5316,185,7.8856,10,8
47200,4,8,6,4,2.0,30.0,0.0,0.25,6,1.1309,2,0
12072,32,457,135,41,14.2812,6.9677,2.8341,0.7046,135,11.2414,14,10
95240,4,26,21,15,6.5,30.0,0.0,0.1923,21,2.1724,3,1
174446,3,18,14,10,6.0,30.0,0.0,0.2222,14,2.9641,4,6
108701,9,74,28,19,8.2222,14.125,11.2813,0.6216,28,4.7944,6,6
77410,20,174,96,35,8.7,9.6842,6.9845,0.4483,96,5.3965,7,4
188554,12,72,48,22,6.0,13.7273,10.4794,0.3333,48,2.2539,3,1
69573,35,465,154,54,13.2857,9.1765,7.8372,0.6688,154,15.0067,19,9
103028,59,662,142,53,11.2203,6.0,4.6642,0.7855,142,8.3127,10,29
147977,3,16,11,9,5.3333,10.0,2.8284,0.3125,11,2.8673,4,5
105741,10,28,12,9,2.8,14.8889,9.5452,0.5714,12,2.0138,3,3
154249,4,91,59,38,22.75,30.0,0.0,0.3516,59,11.3342,14,18
85796,9,76,48,23,8.4444,24.875,8.0965,0.3684,48,4.8184,6,3
109481,3,14,13,10,4.6667,12.0,4.2426,0.0714,13,1.5423,2,0
106103,39,157,63,36,4.0256,9.2895,6.264,0.5987,63,3.3069,4,4
100510,18,106,38,19,5.8889,14.0588,9.6143,0.6415,38,6.2946,8,7
175429,61,266,67,37,4.3607,5.95,3.6843,0.7481,67,3.7279,5,1
144533,3,17,8,8,5.6667,29.5,0.7071,0.5294,8,3.4442,5,4
2800,20,259,50,26,12.95,16.8421,8.8523,0.8069,50,12.6675,16,13
176143,6,29,13,10,4.8333,18.4,3.4351,0.5517,13,3.935,5,5
123546,8,111,61,22,13.875,6.0,3.0551,0.4505,61,11.8058,15,12
90644,5,35,31,18,7.0,23.5,7.5056,0.1143,31,2.5437,4,9
4432,9,71,53,34,7.8889,12.625,9.288,0.2535,53,3.1975,4,4
202351,12,160,96,36,13.3333,16.2727,11.4463,0.4,96,9.062,11,13
140265,41,352,94,46,8.5854,8.925,4.859,0.733,94,7.4403,9,7
33802,11,78,51,24,7.0909,18.4,8.9219,0.3462,51,4.0827,5,6
49546,64,955,242,73,14.9219,5.4444,5.9155,0.7466,242,10.9713,14,22
157408,6,42,36,26,7.0,14.8,7.9812,0.1429,36,1.9336,3,3
161787,26,242,86,27,9.3077,11.2,9.5307,0.6446,86,8.0205,10,5
131020,13,142,91,36,10.9231,15.4167,9.1895,0.3592,91,6.0976,8,9
172617,5,22,16,12,4.4,7.0,0.8165,0.2727,16,1.7555,3,0
15982,4,33,22,11,8.25,13.6667,14.8436,0.3333,22,5.7464,7,7
114210,6,43,30,16,7.1667,27.2,6.261,0.3023,30,3.8834,5,5
127026,39,216,82,39,5.5385,6.5,5.0551,0.6204,82,8.6873,11,10
31564,8,158,87,23,19.75,20.8571,7.9881,0.4494,87,11.7641,15,15
86943,19,182,45,27,9.5789,11.6111,6.4273,0.7527,45,7.257,9,8
51995,24,123,13,11,5.125,6.9565,4.9679,0.8943,13,4.242,6,4
88892,8,34,13,8,4.25,26.2857,8.1999,0.6176,13,3.2155,4,2
92555,3,41,27,14,13.6667,11.0,5.6569,0.3415,27,6.7491,9,4
114677,13,56,40,25,4.3077,20.0,11.6072,0.2857,40,1.486,2,2
80521,11,149,98,44,13.5455,15.1,12.7667,0.3423,98,9.4995,12,5
192808,75,917,218,61,12.2267,4.8919,3.7547,0.7623,218,7.1848,9,18
150752,22,191,44,33,8.6818,7.0,4.5717,0.7696,44,7.8849,10,10
173674,13,354,168,52,27.2308,16.5,8.7334,0.5254,168,16.7264,21,31
119830,10,202,72,35,20.2,25.7778,7.155,0.6436,72,19.2068,24,5
91831,54,239,78,46,4.4259,6.717,6.1249,0.6736,78,3.4863,5,8
95917,4,52,41,26,13.0,27.0,5.1962,0.2115,41,5.6345,7,8
195390,3,22,15,10,7.3333,6.5,4.9497,0.3182,15,4.3314,6,3
168959,7,73,44,18,10.4286,13.3333,10.6333,0.3973,44,7.077,9,4
61647,12,173,121,50,14.4167,19.2727,11.0914,0.3006,121,6.607,8,11
38517,10,50,21,14,5.0,18.7778,9.2571,0.58,21,4.0632,5,2
111934,40,315,22,14,7.875,8.8462,5.1735,0.9302,22,8.2412,10,7
200530,12,192,153,60,16.0,3.1818,1.4013,0.2031,153,5.676,7,1
193632,7,27,14,12,3.8571,12.6667,8.5946,0.4815,14,1.9527,3,1
159059,4,64,48,20,16.0,17.3333,8.7369,0.25,48,6.7405,9,10
187437,3,37,30,19,12.3333,16.5,3.5355,0.1892,30,5.3733,7,14
157045,12,125,47,23,10.4167,19.5455,8.676,0.624,47,6.0519,8,3
175680,99,152,16,6,1.5354,3.398,2.9243,0.8947,16,1.0033,2,1
66495,21,147,57,29,7.0,10.85,7.6453,0.6122,57,8.5872,11,17
20156,14,183,54,33,13.0714,18.7692,9.5233,0.7049,54,10.7168,13,9
30416,18,239,90,31,13.2778,16.4706,8.8609,0.6234,90,9.4222,12,10
192729,10,83,64,34,8.3,20.1111,10.7871,0.2289,64,2.7955,4,6
73359,17,158,54,27,9.2941,5.375,3.1385,0.6582,54,7.6167,10,13
33865,35,235,121,43,6.7143,9.5,8.4468,0.4851,121,3.1252,4,0
122361,27,499,70,41,18.4815,8.9231,4.9228,0.8597,70,19.107,23,21
4688,3,70,59,33,23.3333,3.0,2.8284,0.1571,59,12.4871,15,13
80693,12,48,38,15,4.0,11.4545,11.9697,0.2083,38,1.9422,3,2
120371,19,68,61,31,3.5789,11.7222,9.6394,0.1029,61,0.9085,2,0
81236,6,176,109,45,29.3333,10.4,3.4351,0.3807,109,18.3759,23,16
56634,13,168,72,29,12.9231,13.8333,10.5644,0.5714,72,6.4108,8,13
175507,4,63,48,23,15.75,7.3333,4.9329,0.2381,48,7.7152,10,3
167028,66,640,163,55,9.697,5.5231,2.7957,0.7453,163,8.6533,11,12
42695,5,53,43,18,10.6,21.75,12.0104,0.1887,43,5.1771,7,2
6817,12,69,55,24,5.75,11.0909,8.2759,0.2029,55,1.9007,3,4
139588,44,942,170,52,21.4091,8.2326,3.933,0.8195,170,25.9815,32,22
98821,7,93,56,28,13.2857,22.5,8.3126,0.3978,56,8.1925,10,3
167814,12,15,4,2,1.25,8.1818,2.5226,0.7333,4,1.1117,2,1
149231,16,90,50,24,5.625,3.8,3.6489,0.4444,50,3.6876,5,3
12528,26,717,223,55,27.5769,10.36,8.1234,0.689,223,23.1064,28,24
7983,9,94,62,20,10.4444,24.0,7.7644,0.3404,62,5.6511,7,11
50166,9,51,31,20,5.6667,10.25,10.767,0.3922,31,3.2415,4,1
177900,8,15,6,4,1.875,13.4286,12.0258,0.6,6,1.5688,2,0
173539,14,230,87,36,16.4286,11.6923,9.5253,0.6217,87,11.1282,14,8
198702,23,311,127,55,13.5217,14.6818,8.9143,0.5916,127,10.6795,13,9
192126,11,126,87,42,11.4545,18.8,8.6255,0.3095,87,4.4176,6,2
58394,8,94,63,38,11.75,14.7143,6.6762,0.3298,63,5.7414,7,4
90933,9,148,81,43,16.4444,23.375,11.1987,0.4527,81,24.9582,30,2
168169,42,721,205,50,17.1667,8.5854,5.9286,0.7157,205,17.183,21,20
127836,3,3,2,1,1.0,30.0,0.0,0.3333,2,0.936,2,0
152275,4,15,13,8,3.75,20.3333,16.7432,0.1333,13,1.1465,2,1
195715,15,102,55,22,6.8,13.1429,7.1989,0.4608,55,5.0436,7,2
113540,12,193,84,40,16.0833,18.0,13.1985,0.5648,84,13.3232,16,14
170357,4,35,30,21,8.75,17.3333,8.6217,0.1429,30,3.2973,4,3
81478,4,45,24,16,11.25,16.0,4.3589,0.4667,24,6.0937,8,9
166874,6,91,68,28,15.1667,26.0,6.9282,0.2527,68,6.1065,8,5
21452,8,122,76,40,15.25,17.2857,9.6041,0.377,76,8.7182,11,9
159215,9,79,73,31,8.7778,17.0,11.6986,0.0759,73,2.5515,4,0
53921,8,105,41,25,13.125,18.7143,9.8778,0.6095,41,8.9308,11,9
168981,6,41,33,25,6.8333,10.2,2.7749,0.1951,33,3.6016,5,2
104426,3,7,6,4,2.3333,21.5,12.0208,0.1429,6,0.9537,2,3
9701,6,93,56,28,15.5,12.4,10.015,0.3978,56,9.8372,12,18
75909,18,126,90,35,7.0,15.8824,10.2096,0.2857,90,3.0937,4,4
188077,24,253,83,36,10.5417,13.6522,8.1162,0.6719,83,10.7972,13,11
131870,57,200,46,14,3.5088,3.7679,4.234,0.77,46,2.8701,4,3
185781,8,51,43,28,6.375,21.2857,10.7038,0.1569,43,1.9842,3,1
1193,3,50,39,23,16.6667,19.0,15.5563,0.22,39,6.9143,9,6
160857,21,77,43,28,3.6667,11.4,9.4724,0.4416,43,2.1437,3,4
122301,7,91,63,32,13.0,16.3333,4.9261,0.3077,63,7.2937,9,6
32095,30,81,17,12,2.7,11.4828,8.7449,0.7901,17,2.75,4,3
118583,3,44,34,23,14.6667,3.5,4.9497,0.2273,34,5.3052,7,6
18284,13,137,84,45,10.5385,13.9167,9.2683,0.3869,84,5.8627,8,1
138017,15,122,73,41,8.1333,14.8571,10.1516,0.4016,73,5.2412,7,6
81585,6,45,38,29,7.5,12.0,11.2027,0.1556,38,2.5114,4,0
197807,9,58,46,24,6.4444,21.125,7.2592,0.2069,46,3.2808,4,4
10457,8,69,42,28,8.625,11.7143,5.9921,0.3913,42,6.0248,8,3
191701,6,126,62,27,21.0,8.4,2.3022,0.5079,62,12.6728,16,26
141932,7,18,4,2,2.5714,14.8333,9.3684,0.7778,4,1.3986,2,0
115906,45,964,251,67,21.4222,7.9545,5.9959,0.7396,251,22.9442,28,8
50768,4,27,17,9,6.75,30.0,0.0,0.3704,17,3.4938,5,3
69025,58,345,153,44,5.9483,6.2982,5.4411,0.5565,153,5.6671,7,4
112682,36,327,136,53,9.0833,7.8286,6.4875,0.5841,136,5.9809,8,6
80135,10,40,24,12,4.0,12.0,9.2195,0.4,24,2.9164,4,3
108588,27,223,72,33,8.2593,11.6923,8.4842,0.6771,72,6.4753,8,9
71667,3,23,21,12,7.6667,30.0,0.0,0.087,21,1.9902,3,1
30805,3,10,8,6,3.3333,25.0,7.0711,0.2,8,3.2764,4,1
200211,18,46,16,13,2.5556,11.5882,10.4167,0.6522,16,2.0697,3,3
175373,6,59,43,29,9.8333,4.4,2.3022,0.2712,43,3.9568,5,7
69853,14,328,125,44,23.4286,21.8462,7.5038,0.6189,125,21.5274,26,22
71749,14,136,93,32,9.7143,17.0,9.8404,0.3162,93,3.4059,5,1
159019,3,9,8,7,3.0,25.5,6.364,0.1111,8,0.987,2,0
133524,31,282,70,30,9.0968,7.8,5.1287,0.7518,70,6.2925,8,9
137884,25,262,115,39,10.48,12.7917,7.2049,0.5611,115,6.4098,8,9
143352,99,1530,222,60,15.4545,1.9796,1.4572,0.8549,222,13.1148,16,5
65997,9,34,10,4,3.7778,9.5,3.9641,0.7059,10,3.3473,5,3
147595,21,80,26,17,3.8095,14.55,9.2308,0.675,26,3.6051,5,2
153779,13,71,39,18,5.4615,18.25,9.8638,0.4507,39,4.6119,6,6
127459,25,177,66,36,7.08,7.7917,6.2483,0.6271,66,5.3221,7,17
131263,57,861,226,60,15.1053,6.0179,6.1481,0.7375,226,15.3166,19,4
28618,5,40,31,18,8.0,23.75,12.5,0.225,31,4.2555,6,1
105694,4,42,29,17,10.5,27.0,5.1962,0.3095,29,4.7144,6,0
54891,18,217,103,42,12.0556,10.5294,7.1948,0.5253,103,8.2111,10,8
67888,5,113,70,43,22.6,14.0,10.4563,0.3805,70,10.1963,13,11
135642,16,99,57,35,6.1875,4.2,2.1112,0.4242,57,4.6874,6,2
127124,16,192,110,52,12.0,11.5333,6.968,0.4271,110,6.6672,9,4
21499,5,34,23,18,6.8,23.25,9.9121,0.3235,23,3.1952,4,1
363,12,214,114,48,17.8333,9.9091,7.9304,0.4673,114,14.2024,18,9
64449,6,43,28,20,7.1667,16.8,9.4974,0.3488,28,4.1543,5,1
177069,3,23,18,14,7.6667,10.0,1.4142,0.2174,18,3.452,5,3
108720,3,28,25,21,9.3333,15.5,20.5061,0.1071,25,2.8173,4,0
112310,4,30,30,21,7.5,21.0,15.5885,0.0,30,2.0129,3,1
112908,4,17,15,7,4.25,17.0,11.7898,0.1176,15,1.8307,3,1
38667,7,46,35,19,6.5714,16.5,10.7657,0.2391,35,3.473,5,3
21450,22,80,45,26,3.6364,15.0476,7.0105,0.4375,45,2.0599,3,3
67192,4,26,18,10,6.5,22.3333,13.2791,0.3077,18,2.4977,3,4
58474,17,213,55,27,12.5294,13.875,8.8534,0.7418,55,10.1987,13,14
65692,18,46,22,16,2.5556,14.3529,10.7874,0.5217,22,2.2759,3,2
27690,12,119,60,41,9.9167,18.2727,8.1497,0.4958,60,6.8237,9,9
195027,36,116,27,16,3.2222,9.9429,5.4662,0.7672,27,2.2284,3,4
190661,10,21,14,9,2.1,18.5556,13.4732,0.3333,14,1.017,2,1
133570,7,69,32,25,9.8571,11.1667,6.969,0.5362,32,6.9921,9,7
171491,23,183,124,49,7.9565,8.5455,6.9606,0.3224,124,4.0249,5,3
172875,25,330,149,58,13.2,10.75,4.4355,0.5485,149,6.1864,8,0
199579,3,19,15,11,6.3333,20.0,14.1421,0.2105,15,2.7106,4,2
133650,23,201,103,33,8.7391,14.2273,9.9758,0.4876,103,6.8813,9,5
62739,3,6,4,3,2.0,30.0,0.0,0.3333,4,1.3064,2,0
86497,4,27,22,15,6.75,30.0,0.0,0.1852,22,3.1176,4,5
172582,5,78,37,20,15.6,5.25,2.9861,0.5256,37,12.2782,15,13
108723,4,28,22,16,7.0,22.3333,7.0946,0.2143,22,2.8667,4,4
37872,7,51,40,18,7.2857,10.8333,4.7081,0.2157,40,2.9761,4,4
170178,45,661,164,44,14.6889,7.4773,6.5183,0.7519,164,9.929,12,13
163300,6,88,55,21,14.6667,27.6,5.3666,0.375,55,10.2576,13,10
116303,20,48,23,16,2.4,16.5263,9.0454,0.5208,23,1.9834,3,3
133531,15,332,103,36,22.1333,15.0,9.5917,0.6898,103,22.7428,28,25
114351,4,25,21,12,6.25,19.6667,10.504,0.16,21,2.4304,3,2
50594,3,27,24,16,9.0,30.0,0.0,0.1111,24,2.6722,4,0
71440,4,23,19,11,5.75,23.0,12.1244,0.1739,19,1.6104,2,1
1928,15,130,89,49,8.6667,16.2143,10.5187,0.3154,89,3.9111,5,3
158483,75,384,125,40,5.12,4.4054,5.4469,0.6745,125,5.2579,7,6
72804,3,80,65,30,26.6667,20.5,13.435,0.1875,65,12.7747,16,5
60605,10,165,74,35,16.5,9.0,7.1764,0.5515,74,10.223,13,14
176743,17,179,63,29,10.5294,15.0625,7.2615,0.648,63,7.0391,9,5
138190,9,52,28,17,5.7778,26.75,6.2278,0.4615,28,5.1074,7,7
139697,16,87,57,29,5.4375,5.8667,6.6748,0.3448,57,3.9313,5,1
69403,4,34,20,11,8.5,26.3333,6.3509,0.4118,20,5.4479,7,5
85842,4,35,30,23,8.75,21.0,8.544,0.1429,30,2.9669,4,1
165398,61,61,2,2,1.0,6.0333,3.6171,0.9672,2,0.9164,2,1
3907,6,13,8,6,2.1667,17.6,8.0187,0.3846,8,1.228,2,2
72932,4,91,55,29,22.75,15.0,1.0,0.3956,55,14.7364,18,7
23333,22,108,24,13,4.9091,9.2381,6.7743,0.7778,24,3.3489,5,4
200103,6,26,26,13,4.3333,22.2,10.3053,0.0,26,0.9995,2,0
187090,14,154,107,43,11.0,14.0,9.2466,0.3052,107,4.9505,6,2
49056,6,44,24,16,7.3333,25.0,9.1104,0.4545,24,4.4296,6,5
201685,31,66,29,24,2.129,10.3667,6.0883,0.5606,29,1.3737,2,3
141763,9,144,73,41,16.0,7.375,3.7773,0.4931,73,9.0019,11,0
103747,27,409,72,33,15.1481,7.3077,4.1643,0.824,72,15.2375,19,3
7294,18,144,57,33,8.0,11.6471,5.086,0.6042,57,7.1624,9,9
187489,17,134,85,34,7.8824,13.9375,11.204,0.3657,85,4.3919,6,3
100443,20,78,22,14,3.9,10.3158,8.5183,0.7179,22,2.3526,3,1
103609,11,60,25,17,5.4545,14.5,10.2983,0.5833,25,3.3211,4,3
900,7,184,125,41,26.2857,11.6667,7.0333,0.3207,125,17.4704,21,27
25401,12,164,113,53,13.6667,6.4545,9.0262,0.311,113,5.2125,7,6
176724,15,227,136,47,15.1333,15.6429,9.516,0.4009,136,7.9543,10,4
99491,42,487,189,63,11.5952,7.561,6.6108,0.6119,189,9.8149,12,9
175052,6,72,53,29,12.0,23.0,9.6437,0.2639,53,5.7013,7,1
192838,4,24,16,14,6.0,25.0,8.6603,0.3333,16,2.9767,4,3
117813,6,45,42,29,7.5,12.0,12.51,0.0667,42,1.8599,3,1
98149,16,304,154,54,19.0,15.1333,8.7085,0.4934,154,14.9797,18,15
200892,4,15,13,11,3.75,29.3333,1.1547,0.1333,13,1.4827,2,4
105991,28,200,54,27,7.1429,4.6296,2.4518,0.73,54,6.6594,8,10
54386,4,64,49,26,16.0,20.0,8.8882,0.2344,49,7.8098,10,17
19860,27,300,141,54,11.1111,5.2308,5.9552,0.53,141,5.8944,8,6
109418,6,39,27,20,6.5,12.4,10.1637,0.3077,27,3.5004,5,5
125808,11,74,51,22,6.7273,18.4,11.7303,0.3108,51,3.0707,4,1
188476,18,251,90,34,13.9444,19.9412,8.9476,0.6414,90,8.8577,11,9
25496,11,144,79,38,13.0909,22.2,9.8522,0.4514,79,7.9308,10,15
130263,3,23,21,9,7.6667,18.0,16.9706,0.087,21,1.9364,3,0
3014,3,43,33,19,14.3333,30.0,0.0,0.2326,33,6.5967,8,12
29187,5,80,48,19,16.0,6.75,0.9574,0.4,48,11.4152,14,6
130835,31,148,38,23,4.7742,11.9,7.16,0.7432,38,4.0298,5,4
162190,13,180,73,33,13.8462,9.0,3.5675,0.5944,73,13.6251,17,11
103247,16,57,16,10,3.5625,9.4667,8.1404,0.7193,16,3.3535,5,6
203573,10,67,56,27,6.7,5.7778,3.8658,0.1642,56,4.317,6,2
28685,75,1248,232,66,16.64,4.8378,2.7895,0.8141,232,17.2897,21,23
188173,9,22,11,7,2.4444,5.75,6.0886,0.5,11,2.0249,3,3
92090,19,82,27,12,4.3158,6.5556,4.1191,0.6707,27,5.8417,8,5
180552,4,11,5,4,2.75,16.3333,11.1505,0.5455,5,1.3539,2,1
160083,9,161,52,28,17.8889,23.5,8.1591,0.677,52,15.5338,19,16
180955,22,63,27,19,2.8636,14.4286,9.2226,0.5714,27,2.3438,3,1
110898,50,1417,273,72,28.34,6.6735,5.9595,0.8073,273,34.6872,42,23
166565,3,56,50,28,18.6667,18.0,16.9706,0.1071,50,6.0028,8,4
15849,7,101,53,20,14.4286,18.3333,8.5245,0.4752,53,9.4375,12,9
70822,15,300,149,63,20.0,18.8571,10.369,0.5033,149,18.6653,23,19
18144,13,84,60,28,6.4615,17.1667,10.1876,0.2857,60,3.6939,5,6
58631,4,55,39,28,13.75,22.0,13.8564,0.2909,39,4.6288,6,7
5875,6,9,5,4,1.5,27.8,4.9193,0.4444,5,0.8991,2,1
106200,18,88,48,19,4.8889,15.5294,9.5729,0.4545,48,2.9376,4,2
95210,20,184,85,44,9.2,13.5263,7.26,0.538,85,6.6627,8,12
56913,4,27,17,9,6.75,6.3333,0.5774,0.3704,17,4.657,6,5
196686,10,19,11,7,1.9,27.1111,7.9442,0.4211,11,1.5861,2,2
111924,34,338,87,31,9.9412,9.9697,5.0713,0.7426,87,6.8142,9,8
137523,31,252,78,38,8.129,11.4,7.5045,0.6905,78,7.6818,10,8
94482,17,114,36,22,6.7059,15.75,4.4796,0.6842,36,5.2127,7,7
111434,7,42,24,14,6.0,22.6667,7.0048,0.4286,24,3.1853,4,2
145392,6,26,22,16,4.3333,30.0,0.0,0.1538,22,1.6633,2,2
90756,5,36,25,19,7.2,19.5,5.7446,0.3056,25,2.7177,4,2
18054,18,330,133,52,18.3333,12.5294,8.5595,0.597,133,11.0359,14,7
89133,31,188,107,45,6.0645,6.9333,7.6426,0.4309,107,4.441,6,4
74465,8,143,63,33,17.875,27.1429,4.2594,0.5594,63,10.5652,13,9
191995,39,408,108,53,10.4615,8.8684,4.1012,0.7353,108,11.0433,14,12
180488,15,103,63,35,6.8667,10.1429,7.9019,0.3883,63,3.5866,5,7
22480,23,148,60,28,6.4348,3.7273,2.9469,0.5946,60,5.8042,7,3
110440,19,142,68,23,7.4737,15.0556,8.6056,0.5211,68,5.5502,7,7
168167,34,294,102,40,8.6471,9.4545,7.9494,0.6531,102,7.8884,10,10
82124,4,49,42,23,12.25,18.0,11.1355,0.1429,42,3.7269,5,6
67257,8,54,28,16,6.75,3.5714,2.2254,0.4815,28,5.0196,7,6
32715,17,305,133,57,17.9412,17.125,9.1424,0.5639,133,13.9436,17,14
39011,6,37,33,21,6.1667,25.6,9.8387,0.1081,33,2.6987,4,3
122395,21,312,149,64,14.8571,12.3,3.2298,0.5224,149,13.1606,16,12
97343,3,11,9,7,3.6667,15.0,16.9706,0.1818,9,1.7234,3,3
32220,4,11,7,5,2.75,11.3333,7.7675,0.3636,7,1.9008,3,2
34775,23,219,62,25,9.5217,14.5455,9.1585,0.7169,62,10.1804,13,9
10782,29,88,22,10,3.0345,7.9643,2.8607,0.75,22,3.0788,4,2
124537,6,179,102,50,29.8333,16.0,12.9035,0.4302,102,22.4645,27,7
20183,17,338,93,27,19.8824,16.375,8.988,0.7249,93,18.0186,22,15
16338,3,8,8,7,2.6667,30.0,0.0,0.0,8,0.993,2,0
53701,7,35,28,18,5.0,10.8333,9.9482,0.2,28,2.1382,3,2
58911,6,56,41,23,9.3333,18.2,10.4019,0.2679,41,4.538,6,4
184858,51,619,136,50,12.1373,7.0,5.8275,0.7803,136,11.275,14,5
79876,11,133,72,34,12.0909,17.1,11.5128,0.4586,72,10.414,13,9
49676,28,260,96,45,9.2857,10.8519,9.0329,0.6308,96,7.6645,10,4
105162,61,578,102,44,9.4754,3.75,1.6937,0.8235,102,8.5155,11,10
174172,26,316,67,34,12.1538,13.76,7.6772,0.788,67,11.1134,14,13
154041,6,74,42,20,12.3333,9.8,11.3886,0.4324,42,7.4857,9,7
35897,9,87,37,24,9.6667,20.25,10.7537,0.5747,37,6.5591,8,7
83041,11,130,95,35,11.8182,8.8,7.4655,0.2692,95,6.6828,9,4
111086,6,28,23,19,4.6667,21.2,12.5579,0.1786,23,2.0882,3,2
66223,5,99,78,48,19.8,17.0,9.5568,0.2121,78,7.682,10,9
47941,99,1182,213,53,11.9394,3.0,2.3898,0.8198,213,12.6822,16,8
166843,18,382,98,46,21.2222,7.7059,4.1648,0.7435,98,15.8277,19,17
39942,13,64,51,21,4.9231,14.5833,14.0807,0.2031,51,2.1536,3,1
96295,51,604,174,52,11.8431,6.92,4.4714,0.7119,174,9.8513,12,12
60277,3,46,40,22,15.3333,25.0,7.0711,0.1304,40,4.8609,6,6
116274,3,22,20,10,7.3333,7.0,4.2426,0.0909,20,2.8049,4,3
148867,14,344,181,42,24.5714,7.5385,2.0255,0.4738,181,14.0873,17,20
123452,6,29,22,15,4.8333,22.8,9.7314,0.2414,22,2.6505,4,2
70383,16,135,46,30,8.4375,13.5333,9.5832,0.6593,46,7.5871,10,4
114496,3,46,38,19,15.3333,30.0,0.0,0.1739,38,5.0765,7,4
112463,6,40,19,12,6.6667,19.2,8.228,0.525,19,3.9602,5,5
176593,5,98,46,28,19.6,7.5,1.291,0.5306,46,13.27,16,16
194691,4,58,32,22,14.5,16.6667,11.9304,0.4483,32,8.4299,11,7
99465,16,138,70,30,8.625,13.6667,8.9735,0.4928,70,7.0751,9,2
90894,4,63,37,26,15.75,20.3333,16.7432,0.4127,37,5.5646,7,6
88619,33,218,116,52,6.6061,9.875,8.8454,0.4679,116,3.3201,4,4
163552,6,9,5,5,1.5,29.0,1.4142,0.4444,5,0.9326,2,0
58248,21,200,113,46,9.5238,16.0,9.096,0.435,113,8.7074,11,10
114906,7,46,38,28,6.5714,25.0,8.5557,0.1739,38,2.3043,3,2
123344,4,31,26,23,7.75,19.0,9.5394,0.1613,26,2.3516,3,0
85725,25,255,142,52,10.2,7.375,5.4359,0.4431,142,5.8951,8,3
190061,7,28,26,15,4.0,18.5,11.077,0.0714,26,1.8222,3,0
114844,32,409,162,62,12.7812,4.7097,2.3408,0.6039,162,7.3113,9,8
83177,4,7,5,5,1.75,30.0,0.0,0.2857,5,0.9964,2,0
164195,3,56,47,26,18.6667,18.5,13.435,0.1607,47,6.9834,9,5
33891,8,60,42,22,7.5,18.0,10.3118,0.3,42,3.0273,4,1
16746,17,342,94,45,20.1176,17.0625,7.6111,0.7251,94,17.099,21,26
90844,5,57,40,21,11.4,10.0,5.2281,0.2982,40,6.8729,9,6
198308,19,135,80,39,7.1053,11.3333,9.5178,0.4074,80,4.1295,5,6
91565,72,265,42,19,3.6806,4.8873,4.3868,0.8415,42,4.1117,5,4
179053,7,79,68,39,11.2857,20.0,10.3344,0.1392,68,3.936,5,13
32007,50,317,102,44,6.34,7.2857,4.113,0.6782,102,5.3602,7,7
183667,29,326,75,19,11.2414,12.3571,5.8513,0.7699,75,9.7823,12,12
27449,5,48,40,24,9.6,7.0,6.2183,0.1667,40,5.3998,7,5
151845,51,651,124,48,12.7647,7.16,3.4838,0.8095,124,11.359,14,5
27076,27,142,97,53,5.2593,6.9615,5.8888,0.3169,97,2.2453,3,4
152222,11,110,54,23,10.0,16.5,8.86,0.5091,54,7.2606,9,10
105022,9,71,54,26,7.8889,7.75,6.8609,0.2394,54,4.2619,6,9
144103,28,187,109,45,6.6786,11.5185,9.1078,0.4171,109,3.8437,5,6
21633,50,102,12,7,2.04,7.3469,5.5698,0.8824,12,1.4146,2,3
106451,23,114,30,17,4.9565,12.3182,8.032,0.7368,30,3.3784,5,0
92515,25,243,103,45,9.72,8.75,6.7967,0.5761,103,5.4072,7,7
176900,7,61,35,22,8.7143,16.5,12.724,0.4262,35,4.5116,6,7
94619,72,908,138,54,12.6111,4.9296,3.0205,0.848,138,16.7619,21,15
159612,16,16,1,1,1.0,11.4667,8.0876,0.9375,1,0.9346,1,1
151539,5,16,9,6,3.2,24.5,7.5498,0.4375,9,2.3641,3,3
155106,8,31,16,12,3.875,27.2857,5.9642,0.4839,16,2.3712,3,2
95570,31,236,94,38,7.6129,9.6667,6.2164,0.6017,94,5.8307,7,8
147530,3,28,24,21,9.3333,4.0,0.0,0.1429,24,2.8764,4,2
23928,5,67,43,26,13.4,16.0,9.8995,0.3582,43,6.8271,9,17
181365,14,235,128,50,16.7857,16.3846,8.6462,0.4553,128,9.3002,12,10
60042,24,317,146,52,13.2083,14.0,6.987,0.5394,146,11.5374,14,10
193163,4,29,27,16,7.25,10.0,3.6056,0.069,27,2.5824,4,5
106698,6,48,33,20,8.0,17.8,9.9599,0.3125,33,3.9544,5,2
176760,11,139,62,37,12.6364,15.9,7.5196,0.554,62,9.5503,12,8
101517,3,40,36,22,13.3333,16.5,19.0919,0.1,36,3.2584,4,2
182160,54,423,108,40,7.8333,6.6604,3.8528,0.7447,108,8.1786,10,0
98187,10,144,74,37,14.4,19.1111,8.3583,0.4861,74,6.5341,8,10
137187,9,165,113,38,18.3333,13.25,10.8595,0.3152,113,6.5996,8,11
63910,24,186,70,34,7.75,14.4783,9.6713,0.6237,70,6.7989,9,10
173690,58,343,66,30,5.9138,6.3333,4.4414,0.8076,66,6.7936,9,7
42130,6,40,32,20,6.6667,2.4,2.3022,0.2,32,2.1528,3,1
124436,11,102,64,36,9.2727,17.2,12.336,0.3725,64,5.4378,7,11
10639,26,396,126,40,15.2308,8.44,5.7451,0.6818,126,14.2133,18,12
18620,99,386,124,33,3.899,2.2857,1.7051,0.6788,124,2.4928,3,7
200269,26,381,184,56,14.6538,13.56,7.9586,0.5171,184,12.381,15,10
52733,4,38,33,20,9.5,22.0,13.8564,0.1316,33,3.1456,4,4
82213,11,92,65,33,8.3636,24.3,7.3341,0.2935,65,3.5592,5,4
203487,93,631,168,56,6.7849,3.9348,3.1477,0.7338,168,6.2581,8,8
198042,18,236,72,34,13.1111,15.8235,9.4752,0.6949,72,8.7723,11,12
47056,9,47,24,14,5.2222,19.625,8.7495,0.4894,24,5.7755,7,8
108618,36,598,195,52,16.6111,10.0286,6.0415,0.6739,195,10.7286,13,8
65333,6,57,42,22,9.5,21.2,9.576,0.2632,42,5.6435,7,4
44294,31,202,95,37,6.5161,10.5667,8.6848,0.5297,95,5.6034,7,8
161029,11,85,52,37,7.7273,5.1,4.3063,0.3882,52,5.6105,7,4
18206,4,22,21,14,5.5,18.6667,9.0185,0.0455,21,1.4683,2,3
171726,3,19,12,7,6.3333,18.0,2.8284,0.3684,12,3.2995,4,6
189481,29,521,200,73,17.9655,12.5357,8.3466,0.6161,200,18.4239,23,17
120331,4,23,13,10,5.75,29.6667,0.5774,0.4348,13,3.0031,4,9
202610,13,196,59,36,15.0769,12.25,7.497,0.699,59,10.0657,13,8
137709,12,40,18,15,3.3333,20.1818,9.1413,0.55,18,3.0434,4,1
68129,15,41,22,14,2.7333,16.5714,8.8727,0.4634,22,2.3043,3,1
113963,6,42,20,16,7.0,29.4,1.3416,0.5238,20,4.0157,5,1
111851,4,23,13,10,5.75,25.3333,8.0829,0.4348,13,2.8469,4,0
60640,9,128,71,26,14.2222,14.625,13.2658,0.4453,71,5.9273,8,6
9156,8,27,21,11,3.375,8.1429,4.0591,0.2222,21,1.5958,2,0
52375,37,116,46,19,3.1351,7.8333,7.8249,0.6034,46,2.5648,4,3
188443,19,103,8,2,5.4211,8.9444,4.8077,0.9223,8,3.9261,5,0
70272,20,116,32,21,5.8,8.0526,7.0038,0.7241,32,3.8825,5,2
27501,4,54,24,17,13.5,18.3333,16.0728,0.5556,24,6.1593,8,8
93745,26,199,57,21,7.6538,11.36,8.2254,0.7136,57,7.6386,10,7
39669,8,58,51,27,7.25,22.7143,9.9952,0.1207,51,2.4966,3,2
148825,7,64,51,29,9.1429,21.8333,8.7044,0.2031,51,3.3592,5,0
160081,3,33,28,13,11.0,4.0,1.4142,0.1515,28,5.1431,7,6
38381,9,153,96,34,17.0,7.875,2.5319,0.3725,96,11.4303,14,1
119552,14,144,48,26,10.2857,18.4615,10.1457,0.6667,48,8.3444,11,6
1262,3,4,3,3,1.3333,29.5,0.7071,0.25,3,0.9598,2,0
93500,13,127,103,45,9.7692,17.9167,10.6469,0.189,103,4.5412,6,3
61917,4,53,39,18,13.25,21.6667,13.5769,0.2642,39,10.3539,13,7
80736,5,62,47,23,12.4,22.0,10.8628,0.2419,47,7.5338,10,9
100012,25,151,25,11,6.04,9.4167,6.4869,0.8344,25,4.4866,6,3
155715,25,190,116,37,7.6,11.625,8.9822,0.3895,116,3.4089,5,9
88133,4,28,25,14,7.0,11.3333,16.1967,0.1071,25,1.6422,2,1
203123,29,149,106,32,5.1379,6.4643,6.5573,0.2886,106,2.3904,3,5
67029,13,65,40,20,5.0,12.0,12.5118,0.3846,40,2.8154,4,3
43123,99,414,91,36,4.1818,3.3265,2.7909,0.7802,91,4.8855,6,3
169117,6,68,54,31,11.3333,4.2,2.7749,0.2059,54,3.5659,5,3
4314,3,21,19,15,7.0,18.0,16.9706,0.0952,19,2.2873,3,1
187775,16,185,95,36,11.5625,9.6667,4.3534,0.4865,95,8.9553,11,17
82244,6,63,36,22,10.5,22.2,10.8259,0.4286,36,6.4683,8,9
127082,3,20,13,11,6.6667,26.5,4.9497,0.35,13,4.081,5,4
99945,9,116,44,24,12.8889,13.25,6.6922,0.6207,44,10.35,13,10
42574,15,269,180,69,17.9333,13.2143,8.9458,0.3309,180,9.3599,12,7
17827,14,49,31,14,3.5,18.8462,11.9013,0.3673,31,2.4822,3,1
53428,8,10,2,2,1.25,21.7143,9.9785,0.8,2,0.9916,2,1
36726,7,45,31,22,6.4286,30.0,0.0,0.3111,31,3.0885,4,7
128443,14,60,15,12,4.2857,18.3077,7.2959,0.75,15,3.0261,4,3
128769,5,63,38,21,12.6,16.5,13.9164,0.3968,38,6.7903,9,14
174611,9,50,33,15,5.5556,23.75,10.0534,0.34,33,4.8039,6,9
146951,10,233,179,55,23.3,17.5556,10.5607,0.2318,179,10.0605,13,2
36172,5,68,52,24,13.6,15.75,10.7199,0.2353,52,4.439,6,6
137386,9,16,8,8,1.7778,18.125,9.9058,0.5,8,1.1747,2,1
90440,4,26,19,9,6.5,25.3333,6.4291,0.2692,19,4.3364,6,10
95464,7,37,34,26,5.2857,24.8333,10.2843,0.0811,34,1.4399,2,1
14431,7,44,29,21,6.2857,13.6667,13.5892,0.3409,29,3.3195,4,5
35657,7,33,12,12,4.7143,4.6667,1.8619,0.6364,12,3.4244,5,5
150324,16,302,146,55,18.875,12.4,6.4009,0.5166,146,14.1275,17,20
61016,4,16,12,8,4.0,9.3333,6.8069,0.25,12,2.4725,3,0
75236,5,24,17,11,4.8,6.25,2.9861,0.2917,17,2.4327,3,3
119326,12,153,80,32,12.75,15.6364,9.3944,0.4771,80,8.3961,11,6
87979,6,79,43,27,13.1667,20.6,8.8487,0.4557,43,9.6189,12,12
145664,13,197,50,14,15.1538,13.75,10.3671,0.7462,50,15.7649,19,20
194030,22,489,224,58,22.2273,11.9048,7.3614,0.5419,224,14.7363,18,15
178951,6,11,9,6,1.8333,8.2,12.276,0.1818,9,0.9915,2,0
193609,15,117,49,28,7.8,14.5,8.847,0.5812,49,5.8268,7,2
42290,6,117,82,30,19.5,13.8,5.9749,0.2991,82,10.3542,13,8
13124,16,108,22,14,6.75,10.2,3.7071,0.7963,22,6.8759,9,12
6552,3,26,15,11,8.6667,30.0,0.0,0.4231,15,5.3255,7,7
23873,11,248,97,43,22.5455,13.6,10.3944,0.6089,97,8.2511,10,26
196467,6,72,54,27,12.0,27.0,4.7958,0.25,54,4.7452,6,5
196322,30,166,69,40,5.5333,9.8966,7.706,0.5843,69,3.7623,5,5
50085,6,29,20,14,4.8333,18.4,10.5972,0.3103,20,1.8401,3,3
4927,8,49,19,15,6.125,27.5714,4.3916,0.6122,19,3.9726,5,3
165993,4,23,17,13,5.75,13.6667,6.5064,0.2609,17,2.6424,4,5
170848,88,860,212,60,9.7727,4.1379,2.6727,0.7535,212,6.9708,9,5
9145,8,75,39,25,9.375,28.2857,2.9277,0.48,39,7.1883,9,7
194688,85,1315,396,97,15.4706,4.2857,3.5485,0.6989,396,11.5915,14,10
35181,37,700,111,30,18.9189,9.4167,6.9256,0.8414,111,20.3347,25,13
165343,17,140,115,56,8.2353,16.75,9.4128,0.1786,115,3.0092,4,3
71816,6,46,24,17,7.6667,15.8,8.6139,0.4783,24,5.3094,7,6
94704,4,5,2,2,1.25,20.3333,16.7432,0.6,2,0.8703,2,0
93839,5,45,31,18,9.0,7.75,2.63,0.3111,31,4.7617,6,1
194303,10,58,46,23,5.8,12.4444,11.1143,0.2069,46,2.1527,3,1
68815,5,45,40,24,9.0,17.0,15.3623,0.1111,40,2.1009,3,1
33749,39,566,152,53,14.5128,7.8947,6.1723,0.7314,152,16.4794,20,18
55654,7,163,93,33,23.2857,19.8333,8.2321,0.4294,93,16.7768,21,18
76130,24,114,50,29,4.75,9.3913,9.0991,0.5614,50,3.1734,4,1
166299,11,164,100,46,14.9091,22.6,8.5271,0.3902,100,4.679,6,7
127822,3,11,10,8,3.6667,15.5,14.8492,0.0909,10,1.2211,2,2
66817,70,1360,276,73,19.4286,4.4493,2.5061,0.7971,276,28.2442,34,22
19337,9,18,8,7,2.0,20.5,7.9462,0.5556,8,1.4889,2,1
81530,12,60,20,5,5.0,14.0,6.8993,0.6667,20,4.0713,5,2
123934,14,78,40,26,5.5714,15.4615,8.6854,0.4872,40,3.9385,5,2
43016,10,226,116,41,22.6,25.3333,6.8007,0.4867,116,15.5603,19,0
129496,39,286,78,31,7.3333,6.7895,6.0366,0.7273,78,6.742,9,10
132449,16,155,94,38,9.6875,13.2667,9.2154,0.3935,94,6.363,8,9
62520,3,13,10,9,4.3333,24.5,7.7782,0.2308,10,2.4814,3,4
105943,4,55,36,27,13.75,14.6667,13.3167,0.3455,36,9.1095,11,5
97869,18,114,31,22,6.3333,11.8235,8.2024,0.7281,31,4.3823,6,7
78095,6,30,21,13,5.0,20.6,12.5817,0.3,21,2.6406,4,1
51589,11,58,46,24,5.2727,7.4,7.2908,0.2069,46,2.8572,4,0
137584,4,22,21,15,5.5,30.0,0.0,0.0455,21,1.5075,2,0
172070,15,316,147,64,21.0667,7.1429,7.1021,0.5348,147,15.5415,19,16
189973,5,89,47,25,17.8,8.75,2.5,0.4719,47,13.301,16,9
158260,4,34,27,20,8.5,20.0,8.7178,0.2059,27,2.7674,4,4
129506,8,44,34,17,5.5,11.8571,12.6152,0.2273,34,1.9415,3,1
42216,34,658,149,38,19.3529,10.0303,5.3647,0.7736,149,16.5767,20,21
130824,18,51,44,28,2.8333,8.4118,9.186,0.1373,44,0.7623,1,0
32950,5,16,7,7,3.2,22.0,11.3137,0.5625,7,2.5072,4,0
127430,16,203,107,56,12.6875,20.3333,6.2297,0.4729,107,7.5459,10,11
89087,27,316,174,50,11.7037,12.1923,8.4759,0.4494,174,4.7718,6,5
76184,42,227,114,40,5.4048,8.6829,5.9642,0.4978,114,4.6578,6,4
141634,22,155,58,32,7.0455,6.5238,5.2595,0.6258,58,4.1275,5,0
60020,3,31,21,12,10.3333,29.0,1.4142,0.3226,21,5.5881,7,3
201042,21,141,81,35,6.7143,13.8,10.1286,0.4255,81,4.4976,6,1
75925,6,62,42,27,10.3333,12.2,11.9875,0.3226,42,5.8261,7,4
102257,6,51,35,24,8.5,21.2,12.0499,0.3137,35,7.7474,10,10
53712,13,102,35,13,7.8462,6.4167,7.1026,0.6569,35,6.8506,9,5
88675,5,116,72,28,23.2,23.5,5.6862,0.3793,72,13.1356,16,9
169412,5,13,8,4,2.6,18.0,8.8318,0.3846,8,2.2655,3,4
99963,89,784,257,60,8.809,3.875,4.2987,0.6722,257,5.6818,7,2
147054,9,73,51,37,8.1111,7.625,9.2572,0.3014,51,5.2839,7,4
17442,18,155,79,36,8.6111,16.0,10.3138,0.4903,79,6.9148,9,11
199818,5,122,78,34,24.4,11.5,4.5092,0.3607,78,11.3345,14,17
161885,25,341,107,27,13.64,10.1667,5.8359,0.6862,107,8.8089,11,15
105868,22,127,69,40,5.7727,12.1429,8.2782,0.4567,69,3.0662,4,1
174127,10,63,39,24,6.3,16.6667,7.7136,0.381,39,3.3463,5,7
190677,6,26,18,15,4.3333,28.2,4.0249,0.3077,18,2.9703,4,7
168782,8,64,37,23,8.0,17.8571,11.582,0.4219,37,4.9302,6,2
42337,4,22,14,13,5.5,22.6667,9.4516,0.3636,14,2.9652,4,4
75685,43,524,92,41,12.186,6.6667,4.2119,0.8244,92,18.2244,22,19
163850,15,238,74,31,15.8667,16.4286,8.5459,0.6891,74,14.2689,18,14
139325,6,47,24,17,7.8333,19.6,9.6333,0.4894,24,5.0698,7,4
117999,8,74,52,22,9.25,21.1429,11.3053,0.2973,52,6.7136,9,2
125668,99,1039,356,68,10.4949,2.6837,3.1966,0.6574,356,9.0041,11,15
203315,5,26,15,11,5.2,7.0,3.4641,0.4231,15,3.6645,5,3
2592,28,460,179,55,16.4286,12.3333,6.8275,0.6109,179,13.1257,16,9
45652,6,100,60,33,16.6667,25.0,7.5498,0.4,60,8.7271,11,14
142548,21,34,12,8,1.619,15.05,9.3835,0.6471,12,1.4862,2,1
188979,3,3,1,1,1.0,7.5,0.7071,0.6667,1,0.8462,1,1
202347,72,274,82,32,3.8056,5.0,3.9024,0.7007,82,2.8753,4,1
167135,25,69,25,15,2.76,11.25,6.4757,0.6377,25,2.7664,4,2
189312,9,39,25,17,4.3333,17.25,9.9103,0.359,25,2.2417,3,2
1095,31,378,120,51,12.1935,11.2333,6.4041,0.6825,120,10.9141,14,4
129448,42,581,105,41,13.8333,6.6585,4.3394,0.8193,105,17.0819,21,18
134424,8,23,15,6,2.875,20.2857,10.2423,0.3478,15,1.1954,2,1
160511,6,76,47,27,12.6667,18.0,8.1854,0.3816,47,6.0052,8,8
135953,5,44,41,26,8.8,30.0,0.0,0.0682,41,2.1956,3,0
198135,11,26,6,6,2.3636,25.9,6.6575,0.7692,6,2.8013,4,2
72700,4,9,3,2,2.25,11.3333,10.2632,0.6667,3,1.696,3,2
66597,6,20,14,10,3.3333,30.0,0.0,0.3,14,1.0565,2,2
59594,6,28,24,18,4.6667,22.0,11.158,0.1429,24,1.4146,2,3
96914,13,219,79,35,16.8462,6.1667,1.5275,0.6393,79,14.5769,18,8
68831,6,32,27,14,5.3333,24.2,12.9692,0.1562,27,1.167,2,2
15512,3,25,22,12,8.3333,30.0,0.0,0.12,22,2.8985,4,1
45413,9,109,43,20,12.1111,13.0,11.2504,0.6055,43,8.4286,11,1
81750,49,363,25,14,7.4082,7.4375,1.9776,0.9311,25,7.6343,10,8
160652,28,202,85,37,7.2143,12.0741,7.4932,0.5792,85,7.7557,10,5
62173,10,167,53,27,16.7,23.3333,9.4207,0.6826,53,11.6711,15,19
199444,11,121,88,40,11.0,25.7,5.6578,0.2727,88,4.9539,6,5
171699,7,139,99,36,19.8571,19.5,12.3085,0.2878,99,9.5865,12,15
72316,23,221,134,33,9.6087,14.9091,9.8991,0.3937,134,5.6853,7,10
101268,27,244,152,64,9.037,11.0,10.0717,0.377,152,5.4159,7,1
196661,6,31,27,18,5.1667,15.4,11.1265,0.129,27,1.2962,2,5
116001,8,13,8,5,1.625,18.4286,9.4667,0.3846,8,0.9331,2,1
88890,95,729,251,73,7.6737,3.6596,2.6983,0.6557,251,7.3977,9,6
199470,44,205,50,28,4.6591,6.6512,4.5245,0.7561,50,6.8511,9,4
152648,47,268,36,19,5.7021,7.6087,3.63,0.8657,36,5.4653,7,8
182708,4,10,8,8,2.5,30.0,0.0,0.2,8,1.2447,2,1
168225,17,71,30,17,4.1765,14.0,7.5895,0.5775,30,3.0325,4,7
34299,3,46,37,15,15.3333,24.0,5.6569,0.1957,37,7.8443,10,4
117845,4,7,6,6,1.75,26.0,6.9282,0.1429,6,0.9941,2,1
180171,8,84,40,23,10.5,16.5714,9.1261,0.5238,40,6.6872,9,8
200982,6,55,43,21,9.1667,7.2,3.9623,0.2182,43,4.8299,6,3
54068,24,261,112,38,10.875,6.7826,6.9148,0.5709,112,6.7364,9,3
53683,5,55,31,18,11.0,19.5,9.9833,0.4364,31,6.6409,8,9
17493,59,421,153,59,7.1356,4.4655,2.748,0.6366,153,9.2983,12,16
172211,83,817,184,58,9.8434,4.3902,3.915,0.7748,184,8.7884,11,10
82993,6,58,36,22,9.6667,20.0,7.9687,0.3793,36,5.0341,7,7
143272,3,50,44,25,16.6667,18.5,2.1213,0.12,44,5.5324,7,4
59760,3,45,21,14,15.0,30.0,0.0,0.5333,21,8.9608,11,11
28767,3,56,43,32,18.6667,30.0,0.0,0.2321,43,10.212,13,11
31853,4,35,22,15,8.75,13.3333,14.4684,0.3714,22,5.3701,7,7
56164,21,103,38,23,4.9048,13.1,8.5341,0.6311,38,2.9818,4,2
62847,6,66,42,28,11.0,23.4,10.4786,0.3636,42,5.3962,7,3
40863,8,51,30,17,6.375,15.2857,7.9522,0.4118,30,2.9245,4,3
95127,3,24,22,17,8.0,21.0,12.7279,0.0833,22,2.1566,3,3
147900,57,350,74,32,6.1404,6.375,3.4035,0.7886,74,7.5346,10,4
79392,24,469,155,54,19.5417,12.3478,8.4725,0.6695,155,14.2384,18,13
110481,3,20,18,9,6.6667,2.5,2.1213,0.1,18,1.6405,2,3
45281,3,81,55,39,27.0,7.0,2.8284,0.321,55,15.2203,19,25
204009,4,25,21,17,6.25,24.6667,9.2376,0.16,21,2.1418,3,0
49773,10,139,95,44,13.9,14.2222,11.7769,0.3165,95,7.1707,9,5
47702,10,144,90,40,14.4,24.2222,7.2591,0.375,90,8.267,10,9
132457,18,109,57,34,6.0556,12.5294,9.8178,0.4771,57,4.707,6,2
196249,9,79,40,23,8.7778,3.625,1.598,0.4937,40,7.0115,9,9
78038,50,575,214,55,11.5,7.2857,5.1357,0.6278,214,10.3227,13,21
42607,3,30,20,11,10.0,22.0,11.3137,0.3333,20,4.5605,6,5
139999,3,36,28,19,12.0,22.0,11.3137,0.2222,28,4.2308,6,5
190312,7,85,49,22,12.1429,22.6667,6.802,0.4235,49,12.8977,16,4
120807,4,23,17,14,5.75,11.0,12.1655,0.2609,17,3.0474,4,2
155540,25,269,72,32,10.76,13.4583,7.1565,0.7323,72,9.4504,12,9
22289,4,19,11,9,4.75,9.3333,5.8595,0.4211,11,3.4321,5,5
187597,6,74,48,19,12.3333,19.4,10.5262,0.3514,48,5.3988,7,7
138189,24,200,88,38,8.3333,11.1739,8.2222,0.56,88,5.5403,7,1
164455,5,5,1,1,1.0,30.0,0.0,0.8,1,0.8589,1,1
116911,9,132,85,35,14.6667,17.0,11.3137,0.3561,85,7.1906,9,5
161661,8,92,43,22,11.5,17.4286,10.3256,0.5326,43,6.1016,8,2
200100,4,28,15,11,7.0,9.0,6.0828,0.4643,15,3.4559,5,4
175487,64,751,179,64,11.7344,5.7302,3.878,0.7617,179,7.4346,9,2
108031,71,2207,286,66,31.0845,5.1571,4.1236,0.8704,286,36.8468,45,25
103254,9,88,73,32,9.7778,21.875,10.0348,0.1705,73,3.6982,5,1
202549,6,51,44,23,8.5,22.8,7.2595,0.1373,44,2.3563,3,9
129974,22,175,62,26,7.9545,15.619,5.3054,0.6457,62,8.3815,11,8
123506,4,38,36,25,9.5,4.6667,3.5119,0.0526,36,2.196,3,1
37831,5,33,26,14,6.6,18.75,14.0327,0.2121,26,2.7557,4,2
147464,20,197,82,35,9.85,12.0526,10.0525,0.5838,82,10.369,13,11
84304,23,207,85,38,9.0,14.0,10.7659,0.5894,85,6.1016,8,26
204339,10,155,89,32,15.5,23.8889,8.403,0.4258,89,8.1444,10,18
108180,5,16,11,8,3.2,30.0,0.0,0.3125,11,1.889,3,2
82920,6,44,31,17,7.3333,5.0,4.7434,0.2955,31,4.1913,6,0
98940,46,445,239,57,9.6739,5.6222,4.0299,0.4629,239,5.275,7,2
65152,3,5,4,3,1.6667,22.5,7.7782,0.2,4,1.0854,2,1
45387,9,78,25,15,8.6667,14.0,7.5404,0.6795,25,7.5929,10,9
1321,17,199,71,20,11.7059,18.6875,9.6244,0.6432,71,11.6927,15,16
51712,58,1334,216,62,23.0,6.3158,5.4745,0.8381,216,25.294,31,6
16896,21,128,90,41,6.0952,14.5,11.9846,0.2969,90,4.1386,5,5
105218,45,272,84,35,6.0444,6.9773,4.9344,0.6912,84,4.8236,6,6
144560,6,88,65,31,14.6667,16.2,11.7983,0.2614,65,6.1253,8,8
112152,17,146,47,20,8.5882,10.4375,7.2293,0.6781,47,8.4304,11,7
108912,10,62,40,26,6.2,17.8889,11.6022,0.3548,40,4.3414,6,4
136224,16,158,94,40,9.875,17.8,10.1362,0.4051,94,5.6627,7,1
193392,3,26,25,14,8.6667,30.0,0.0,0.0385,25,4.5179,6,1
52414,7,81,43,19,11.5714,22.1667,8.085,0.4691,43,6.7766,9,10
163035,7,140,97,39,20.0,4.3333,1.633,0.3071,97,9.1326,11,12
113437,27,311,78,49,11.5185,9.1538,7.3359,0.7492,78,4.6959,6,1
189950,4,76,51,21,19.0,16.6667,9.2916,0.3289,51,10.6736,13,10
54484,3,19,15,13,6.3333,18.5,6.364,0.2105,15,2.6634,4,3
158349,20,221,88,37,11.05,5.0,3.3333,0.6018,88,7.5983,10,9
31462,3,35,24,15,11.6667,25.5,3.5355,0.3143,24,5.1794,7,10
144359,5,35,33,22,7.0,22.5,10.8474,0.0571,33,2.0095,3,1
136427,7,49,33,15,7.0,25.1667,6.8532,0.3265,33,4.6279,6,7
542,3,12,9,7,4.0,19.5,14.8492,0.25,9,1.7128,3,2
165005,99,929,139,57,9.3838,2.1531,1.6644,0.8504,139,13.8607,17,16
131525,4,76,66,33,19.0,14.3333,13.5769,0.1316,66,4.2528,6,8
9541,27,356,142,56,13.1852,9.1923,5.0519,0.6011,142,7.5812,10,4
93410,13,52,13,10,4.0,7.1667,1.7495,0.75,13,3.4105,5,3
64362,9,100,73,32,11.1111,15.25,9.7211,0.27,73,4.4164,6,4
23944,8,26,22,16,3.25,20.0,7.9373,0.1538,22,1.1012,2,1
52485,4,23,19,13,5.75,24.3333,9.815,0.1739,19,2.1187,3,1
27239,3,65,48,25,21.6667,12.0,4.2426,0.2615,48,11.8814,15,7
72968,20,184,86,42,9.2,9.5789,6.3972,0.5326,86,4.8357,6,5
19132,3,30,26,19,10.0,17.0,16.9706,0.1333,26,3.6281,5,8
92604,7,59,47,28,8.4286,23.3333,10.5578,0.2034,47,2.8909,4,0
62485,5,31,19,12,6.2,10.5,9.8826,0.3871,19,3.8323,5,3
135322,5,72,45,21,14.4,30.0,0.0,0.375,45,8.0573,10,4
126844,12,240,119,52,20.0,18.1818,9.0202,0.5042,119,12.0319,15,17
79880,13,74,37,16,5.6923,17.4167,8.0618,0.5,37,4.6353,6,3
8464,14,108,59,29,7.7143,10.5385,7.677,0.4537,59,5.6752,7,5
57728,27,197,109,49,7.2963,10.0769,8.2167,0.4467,109,3.1633,4,3
116280,20,192,55,16,9.6,12.8421,5.4085,0.7135,55,9.572,12,16
46147,4,18,12,11,4.5,24.6667,9.2376,0.3333,12,2.1975,3,0
89765,19,301,83,31,15.8421,13.0556,8.2138,0.7243,83,8.0154,10,4
135909,48,317,103,42,6.6042,7.6809,3.9404,0.6751,103,4.0342,5,3
188186,44,389,115,42,8.8409,7.1163,4.2885,0.7044,115,8.9198,11,7
48974,11,79,40,20,7.1818,23.0,6.1464,0.4937,40,4.9491,6,6
194522,8,72,44,24,9.0,25.4286,5.6231,0.3889,44,5.7403,7,6
94145,12,97,27,14,8.0833,8.2727,2.7236,0.7216,27,6.3708,8,7
16853,5,101,59,31,20.2,23.75,7.7621,0.4158,59,13.9491,17,1
109840,3,21,13,12,7.0,23.0,9.8995,0.381,13,4.2883,6,3
53232,28,90,29,19,3.2143,10.2593,6.8196,0.6778,29,2.8687,4,4
200841,3,26,22,16,8.6667,9.0,5.6569,0.1538,22,3.8342,5,5
180135,99,683,126,46,6.899,2.6735,2.2188,0.8155,126,5.7133,7,4
109961,3,17,7,5,5.6667,14.0,1.4142,0.5882,7,4.654,6,5
1034,6,43,25,15,7.1667,16.4,10.015,0.4186,25,5.7465,7,3
34029,8,98,63,30,12.25,21.5714,8.2837,0.3571,63,5.5541,7,5
153276,14,90,32,16,6.4286,12.0769,7.2739,0.6444,32,4.3396,6,3
100054,3,20,20,12,6.6667,26.0,4.2426,0.0,20,1.1148,2,0
85225,7,58,22,13,8.2857,17.3333,9.5638,0.6207,22,5.8008,7,3
126075,4,19,14,13,4.75,16.0,12.7671,0.2632,14,1.759,3,0
164622,14,126,75,31,9.0,11.7692,9.5582,0.4048,75,6.5823,8,3
3520,14,39,18,13,2.7857,20.4615,8.4322,0.5385,18,2.0376,3,2
16427,3,53,38,30,17.6667,22.5,2.1213,0.283,38,7.1513,9,7
174423,3,17,14,10,5.6667,26.5,4.9497,0.1765,14,1.7893,3,3
42807,7,102,40,21,14.5714,7.6667,3.7238,0.6078,40,12.0969,15,18
64925,3,33,27,18,11.0,20.5,13.435,0.1818,27,3.5532,5,2
134268,4,47,41,27,11.75,14.0,14.1774,0.1277,41,4.9572,6,2
149286,5,11,7,4,2.2,30.0,0.0,0.3636,7,1.3136,2,1
127435,44,357,114,38,8.1136,8.3488,4.9323,0.6807,114,5.8996,8,5
23629,19,175,110,47,9.2105,12.8333,11.8582,0.3714,110,6.3618,8,20
84465,27,271,115,50,10.037,11.0,9.2347,0.5756,115,6.0928,8,10
187853,50,565,133,55,11.3,7.2041,3.3602,0.7646,133,7.4411,9,11
156820,32,285,127,53,8.9062,11.2903,6.0122,0.5544,127,6.9821,9,5
91650,30,484,168,44,16.1333,11.5172,6.9827,0.6529,168,13.1341,16,26
156045,4,77,50,21,19.25,26.6667,5.7735,0.3506,50,10.1279,13,13
146861,4,9,5,4,2.25,21.0,3.0,0.4444,5,1.6535,2,2
195049,32,283,177,66,8.8438,8.6452,6.2692,0.3746,177,4.6338,6,5
52806,14,370,214,59,26.4286,18.2308,10.1911,0.4216,214,15.8554,20,14
170429,5,28,23,13,5.6,30.0,0.0,0.1786,23,2.048,3,3
142523,45,446,127,32,9.9111,7.9091,2.7855,0.7152,127,8.2688,10,11
35298,30,178,57,29,5.9333,9.8966,10.7781,0.6798,57,3.7857,5,5
168411,12,82,57,37,6.8333,14.1818,8.4121,0.3049,57,3.1983,4,8
155867,12,123,54,31,10.25,18.9091,10.672,0.561,54,6.3507,8,4
62875,13,81,52,36,6.2308,19.5833,10.4486,0.358,52,3.6591,5,2
31963,67,1005,405,89,15.0,5.4545,4.3929,0.597,405,10.7553,13,10
172287,99,812,161,56,8.202,3.398,3.0418,0.8017,161,7.0297,9,6
89637,14,197,74,30,14.0714,16.9231,10.0205,0.6244,74,11.2642,14,12
2245,41,569,132,45,13.878,6.825,5.203,0.768,132,10.1413,13,5
204424,12,139,112,53,11.5833,17.3636,11.0659,0.1942,112,6.5557,8,4
196187,4,42,38,25,10.5,24.3333,9.815,0.0952,38,2.632,4,2
173914,8,65,41,25,8.125,20.7143,10.0783,0.3692,41,3.4891,5,5
68922,3,11,7,6,3.6667,4.5,0.7071,0.3636,7,2.1758,3,3
23478,7,72,43,28,10.2857,10.8333,9.5376,0.4028,43,3.7907,5,4
203280,7,40,16,12,5.7143,19.6667,8.9815,0.6,16,4.8125,6,4
153566,5,72,61,40,14.4,18.25,5.4391,0.1528,61,4.5864,6,11
29569,38,914,210,55,24.0526,8.3514,5.832,0.7702,210,17.664,22,37
192238,4,14,13,8,3.5,18.0,10.4403,0.0714,13,1.2891,2,0
120455,9,82,65,37,9.1111,16.75,11.1323,0.2073,65,3.7969,5,4
4592,6,113,46,22,18.8333,11.4,6.7305,0.5929,46,12.3225,15,10
124406,11,41,24,14,3.7273,25.2,7.5395,0.4146,24,2.8511,4,1
31507,4,4,4,4,1.0,29.0,1.7321,0.0,4,0.2066,1,0
140162,6,40,27,16,6.6667,13.4,7.0922,0.325,27,4.6822,6,5
148364,14,157,102,42,11.2143,15.9231,11.3539,0.3503,102,6.6452,8,4
101567,6,57,31,20,9.5,11.8,10.6864,0.4561,31,6.8747,9,8
43899,6,302,116,41,50.3333,21.8,13.0843,0.6159,116,36.1721,44,56
81302,3,34,23,15,11.3333,10.5,7.7782,0.3235,23,6.1232,8,3
67021,6,32,27,17,5.3333,19.0,8.0623,0.1562,27,1.5156,2,0
172291,30,107,25,3,3.5667,5.4138,6.9924,0.7664,25,3.882,5,4
18416,3,23,19,14,7.6667,10.5,4.9497,0.1739,19,2.6784,4,2
164334,39,492,206,52,12.6154,9.0526,6.0714,0.5813,206,8.7925,11,8
149119,3,6,6,6,2.0,30.0,0.0,0.0,6,0.4815,1,0
165239,4,39,24,7,9.75,26.3333,6.3509,0.3846,24,4.9707,6,9
94740,15,51,14,10,3.4,4.3571,1.1507,0.7255,14,2.7817,4,3
76196,6,34,21,15,5.6667,14.2,9.8082,0.3824,21,3.1711,4,3
148616,10,140,75,34,14.0,18.6667,10.5,0.4643,75,8.5888,11,13
9989,10,20,6,5,2.0,15.5556,7.2476,0.7,6,1.3116,2,2
43771,11,67,33,23,6.0909,23.6,6.6533,0.5075,33,4.6901,6,2
123634,13,224,86,48,17.2308,21.5833,10.9167,0.6161,86,13.5253,17,11
188767,23,336,87,39,14.6087,10.3636,6.63,0.7411,87,19.5782,24,15
175012,22,362,147,59,16.4545,15.0476,9.0966,0.5939,147,12.7952,16,8
125401,5,32,28,20,6.4,27.0,4.761,0.125,28,3.4342,5,1
114431,7,135,83,40,19.2857,13.5,5.8907,0.3852,83,9.5128,12,8
109093,3,28,26,17,9.3333,24.5,7.7782,0.0714,26,2.2746,3,0
11302,4,26,21,11,6.5,23.6667,10.9697,0.1923,21,3.2314,4,1
133080,6,260,175,66,43.3333,12.0,6.6332,0.3269,175,25.9955,32,39
14123,27,244,127,50,9.037,3.3846,1.6267,0.4795,127,8.3161,10,7
127099,21,144,89,34,6.8571,15.1,8.3911,0.3819,89,3.3296,4,8
182020,3,5,5,5,1.6667,30.0,0.0,0.0,5,0.4745,1,2
174402,24,217,124,47,9.0417,5.8696,6.2835,0.4286,124,5.1942,7,4
4754,9,78,59,23,8.6667,15.75,7.7414,0.2436,59,4.0901,5,3
169226,99,1174,352,65,11.8586,3.4286,2.3985,0.7002,352,11.3515,14,7
9304,3,36,30,19,12.0,26.0,5.6569,0.1667,30,4.3817,6,5
18084,11,88,67,36,8.0,17.7,9.2141,0.2386,67,4.0147,5,3
94235,3,59,32,21,19.6667,29.5,0.7071,0.4576,32,12.4095,15,9
146838,13,71,48,21,5.4615,13.5,7.5378,0.3239,48,2.9158,4,1
129523,3,29,23,11,9.6667,12.0,4.2426,0.2069,23,4.7112,6,5
40913,6,27,23,12,4.5,12.8,8.5849,0.1481,23,1.5536,2,0
153667,8,52,27,9,6.5,20.0,12.4766,0.4808,27,2.9729,4,2
38519,54,246,72,33,4.5556,5.6226,5.2044,0.7073,72,3.8273,5,2
69185,4,57,54,29,14.25,25.6667,7.5056,0.0526,54,4.1349,5,5
176039,72,1099,291,76,15.2639,4.2958,4.7671,0.7352,291,12.4065,15,18
144309,4,14,8,6,3.5,27.3333,4.6188,0.4286,8,1.8628,3,2
22963,76,1041,204,60,13.6974,4.84,3.9457,0.804,204,10.8615,14,14
182774,42,653,187,59,15.5476,8.7317,4.2955,0.7136,187,11.3222,14,9
129552,8,118,85,48,14.75,6.0,1.8257,0.2797,85,7.8996,10,14
39380,6,42,29,18,7.0,15.4,11.327,0.3095,29,2.7882,4,2
132766,4,69,65,31,17.25,7.0,3.4641,0.058,65,4.4347,6,14
165908,23,344,132,48,14.9565,9.3182,7.1072,0.6163,132,9.5635,12,9
182881,3,16,16,11,5.3333,30.0,0.0,0.0,16,1.7044,3,0
19103,4,40,27,19,10.0,18.3333,9.8658,0.325,27,5.566,7,6
164049,9,74,38,16,8.2222,29.25,1.7525,0.4865,38,5.4892,7,6
196451,21,244,68,23,11.619,15.45,8.2429,0.7213,68,11.4277,14,14
138065,8,62,35,26,7.75,11.8571,5.728,0.4355,35,5.5749,7,3
164176,19,113,62,28,5.9474,13.3333,9.1523,0.4513,62,4.4155,6,5
184352,53,1412,205,69,26.6415,6.8654,1.9707,0.8548,205,14.9312,18,3
24555,14,72,40,25,5.1429,17.0769,7.7938,0.4444,40,3.5087,5,2
155251,5,10,6,6,2.0,15.25,7.2744,0.4,6,1.5617,2,0
154925,6,18,14,10,3.0,21.4,8.6197,0.2222,14,1.789,3,0
53704,12,285,146,50,23.75,14.1818,7.2224,0.4877,146,17.6728,22,20
103766,10,86,39,21,8.6,20.2222,9.0661,0.5465,39,6.8075,9,8
75277,9,30,17,15,3.3333,24.5,8.3837,0.4333,17,2.5678,4,4
45892,48,938,268,67,19.5417,7.617,6.2782,0.7143,268,14.5729,18,8
45409,3,20,20,16,6.6667,17.0,18.3848,0.0,20,1.4744,2,1
171604,14,146,79,26,10.4286,11.1538,8.9428,0.4589,79,6.6648,8,2
44478,15,29,11,9,1.9333,9.5,5.4172,0.6207,11,1.0345,2,0
152708,5,46,33,14,9.2,25.75,8.5,0.2826,33,3.9712,5,13
169626,3,11,8,5,3.6667,30.0,0.0,0.2727,8,2.1325,3,1
40501,69,401,104,53,5.8116,5.2353,3.993,0.7406,104,4.7543,6,4
191608,5,27,26,21,5.4,24.5,11.0,0.037,26,1.1707,2,2
138407,7,55,31,20,7.8571,24.3333,7.7115,0.4364,31,4.9809,6,6
62210,23,518,202,51,22.5217,12.7273,7.0588,0.61,202,20.4496,25,18
101798,18,213,135,50,11.8333,17.8824,8.2605,0.3662,135,8.2322,10,5
65865,7,88,61,29,12.5714,7.6667,3.7771,0.3068,61,6.9879,9,4
57633,13,140,65,29,10.7692,12.25,8.833,0.5357,65,9.411,12,5
101867,9,108,55,25,12.0,10.5,12.3056,0.4907,55,6.3754,8,4
168656,4,23,20,16,5.75,30.0,0.0,0.1304,20,1.7435,3,2
31680,3,34,34,15,11.3333,30.0,0.0,0.0,34,2.532,4,10
199871,4,114,71,28,28.5,29.3333,1.1547,0.3772,71,14.3764,18,22
87243,6,32,25,16,5.3333,25.2,8.6718,0.2188,25,2.3039,3,4
40603,23,420,150,57,18.2609,14.7727,8.6571,0.6429,150,17.4656,21,17
4953,3,10,5,3,3.3333,24.5,7.7782,0.5,5,2.1026,3,2
187525,7,98,46,25,14.0,22.8333,5.4924,0.5306,46,10.4723,13,15
130420,8,92,42,28,11.5,21.8571,10.9153,0.5435,42,8.0485,10,12
158703,33,283,114,53,8.5758,8.9375,6.5645,0.5972,114,8.2415,10,5
164317,45,831,194,52,18.4667,8.0455,4.1482,0.7665,194,19.0075,23,11
90471,14,78,43,20,5.5714,11.3846,4.0935,0.4487,43,2.9588,4,1
48671,15,111,72,38,7.4,19.7143,9.7462,0.3514,72,3.4062,5,0
65946,9,117,76,35,13.0,16.25,9.1613,0.3504,76,6.8329,9,4
149083,27,71,9,7,2.6296,13.6538,5.4033,0.8732,9,2.6516,4,3
190964,81,608,212,58,7.5062,4.45,2.5848,0.6513,212,8.0186,10,7
16611,3,41,39,29,13.6667,30.0,0.0,0.0488,39,3.2429,4,6
10567,38,88,36,26,2.3158,8.8378,7.614,0.5909,36,2.4715,3,8
109740,47,1301,270,68,27.6808,7.6739,5.6728,0.7925,270,24.5945,30,41
79658,3,26,18,14,8.6667,28.5,2.1213,0.3077,18,3.8471,5,4
185471,11,54,39,25,4.9091,14.3,9.2141,0.2778,39,4.0151,5,3
71358,18,121,49,26,6.7222,15.8235,10.3877,0.595,49,4.8506,6,1
151229,5,47,39,22,9.4,30.0,0.0,0.1702,39,3.4304,5,4
150111,3,63,44,27,21.0,18.0,16.9706,0.3016,44,13.2115,16,14
175733,3,35,27,21,11.6667,24.0,8.4853,0.2286,27,4.7143,6,9
36634,9,72,39,15,8.0,18.75,9.838,0.4583,39,4.6688,6,5
176001,8,59,41,29,7.375,10.7143,5.9362,0.3051,41,5.3079,7,8
165731,3,15,11,5,5.0,25.5,6.364,0.2667,11,2.0508,3,5
99859,9,123,81,30,13.6667,20.5,9.2428,0.3415,81,6.6415,8,8
88761,7,90,73,30,12.8571,23.6667,10.0929,0.1889,73,5.8199,7,9
26755,14,163,81,36,11.6429,18.4615,11.0952,0.5031,81,8.1172,10,4
202174,4,10,4,3,2.5,29.6667,0.5774,0.6,4,1.8652,3,3
55878,28,29,2,1,1.0357,12.5926,4.9323,0.931,2,1.0758,2,1
120374,19,102,47,24,5.3684,11.6111,8.5001,0.5392,47,4.1693,6,8
59649,13,279,136,50,21.4615,21.3333,9.3355,0.5125,136,15.6192,19,19
133044,19,250,145,51,13.1579,7.4444,6.051,0.42,145,8.8282,11,7
191935,18,245,93,42,13.6111,16.7647,8.6134,0.6204,93,11.4591,14,16
28306,9,73,56,22,8.1111,4.375,2.6693,0.2329,56,3.458,5,3
143701,35,637,276,78,18.2,10.3529,6.2904,0.5667,276,12.2976,15,17
92226,36,382,86,40,10.6111,8.4571,4.9548,0.7749,86,6.9796,9,5
176347,6,30,24,15,5.0,19.2,7.6942,0.2,24,2.5132,4,2
13918,6,26,13,12,4.3333,12.8,6.3008,0.5,13,2.9687,4,5
182168,9,138,68,38,15.3333,14.875,10.3432,0.5072,68,12.1296,15,14
4487,7,65,26,15,9.2857,16.6667,8.2381,0.6,26,6.3044,8,6
3522,16,100,63,23,6.25,12.6,9.5976,0.37,63,3.9952,5,5
129414,9,107,58,37,11.8889,19.75,11.2218,0.4579,58,8.1103,10,4
134138,8,22,12,12,2.75,6.0,3.559,0.4545,12,1.9932,3,0
42532,18,335,187,59,18.6111,10.2353,7.1285,0.4418,187,12.2544,15,14
106960,5,9,9,7,1.8,27.0,6.0,0.0,9,0.7145,1,0
196707,8,91,36,28,11.375,23.4286,6.4771,0.6044,36,7.2506,9,9
187951,5,47,30,18,9.4,26.0,8.0,0.3617,30,5.8213,7,6
173489,3,16,15,9,5.3333,24.5,7.7782,0.0625,15,1.5272,2,3
140654,7,74,47,29,10.5714,19.6667,9.5847,0.3649,47,4.6766,6,2
99648,4,39,18,10,9.75,30.0,0.0,0.5385,18,6.2297,8,10
176046,11,56,27,11,5.0909,13.4,9.3714,0.5179,27,4.7576,6,5
89712,6,127,65,29,21.1667,24.0,8.3367,0.4882,65,13.2011,16,8
61851,5,45,34,18,9.0,17.75,14.151,0.2444,34,4.448,6,3
40229,12,150,74,32,12.5,13.5455,10.5675,0.5067,74,9.2244,12,4
31700,17,212,102,41,12.4706,9.3125,5.7818,0.5189,102,9.9455,12,7
183561,8,174,76,38,21.75,20.0,7.6594,0.5632,76,15.0831,19,15
181485,11,74,50,33,6.7273,19.2,9.6356,0.3243,50,3.3857,5,2
22801,37,170,75,44,4.5946,8.2778,5.2678,0.5588,75,3.4348,5,3
88512,4,39,30,19,9.75,21.6667,11.1505,0.2308,30,5.0372,7,7
33110,11,117,55,35,10.6364,18.3,9.1779,0.5299,55,10.2428,13,10
8070,28,156,61,20,5.5714,11.2963,8.9735,0.609,61,5.7673,7,7
201370,28,279,136,61,9.9643,9.8889,8.4277,0.5125,136,6.4985,8,0
131744,13,66,17,15,5.0769,9.0833,8.586,0.7424,17,3.9818,5,5
50938,20,136,74,44,6.8,17.2632,9.4507,0.4559,74,3.0494,4,3
99798,6,45,34,23,7.5,18.4,9.5026,0.2444,34,3.1549,4,1
164726,13,304,92,25,23.3846,16.6667,9.5759,0.6974,92,18.6779,23,23
10727,3,24,12,8,8.0,9.0,4.2426,0.5,12,6.7905,9,9
204767,6,39,26,16,6.5,29.8,0.4472,0.3333,26,3.0584,4,4
83573,23,338,72,46,14.6957,15.4091,5.6792,0.787,72,12.8524,16,14
154562,7,43,37,19,6.1429,3.1667,1.472,0.1395,37,2.3317,3,0
44635,4,40,20,15,10.0,15.0,4.5826,0.5,20,6.7074,9,4
179901,33,301,97,41,9.1212,9.4375,8.2421,0.6777,97,9.1798,12,13
36072,3,33,29,26,11.0,24.5,7.7782,0.1212,29,3.7499,5,2
46135,4,50,45,24,12.5,21.6667,7.7675,0.1,45,3.2734,4,2
119752,14,143,97,30,10.2143,6.1538,2.6723,0.3217,97,5.8817,8,6
70290,39,110,23,14,2.8205,9.1579,5.6832,0.7909,23,1.8635,3,1
166535,10,70,53,21,7.0,19.3333,9.0692,0.2429,53,3.1088,4,5
119141,6,16,9,9,2.6667,9.4,7.1624,0.4375,9,1.2848,2,1
170772,9,59,44,30,6.5556,21.75,12.4413,0.2542,44,1.984,3,2
178856,21,247,62,22,11.7619,9.9,7.973,0.749,62,8.8949,11,9
176177,3,29,23,16,9.6667,30.0,0.0,0.2069,23,4.4208,6,5
107366,6,7,2,2,1.1667,23.2,9.2033,0.7143,2,0.8218,1,1
189260,6,7,3,3,1.1667,29.4,1.3416,0.5714,3,0.8203,1,1
15256,5,68,52,28,13.6,23.25,13.5,0.2353,52,5.6426,7,4
126304,5,16,12,9,3.2,24.75,10.5,0.25,12,1.0911,2,1
98402,9,45,15,12,5.0,10.375,5.1252,0.6667,15,4.2406,6,4
134670,12,29,8,8,2.4167,19.7273,9.7989,0.7241,8,2.5154,4,4
31719,15,114,93,31,7.6,14.8571,11.1552,0.1842,93,3.0184,4,3
103588,4,26,17,15,6.5,13.6667,7.0238,0.3462,17,4.1781,6,1
42723,27,353,140,54,13.0741,10.4615,7.1511,0.6034,140,11.5433,14,19
1446,4,47,40,20,11.75,20.3333,1.1547,0.1489,40,5.4649,7,4
121070,4,24,15,12,6.0,14.0,14.0,0.375,15,4.587,6,5
75537,3,26,22,16,8.6667,30.0,0.0,0.1538,22,4.5075,6,9
70163,32,481,105,45,15.0312,10.871,8.0653,0.7817,105,15.7691,19,12
4795,12,33,10,7,2.75,22.4545,5.8028,0.697,10,2.4102,3,3
146516,10,102,84,44,10.2,6.6667,3.4641,0.1765,84,3.5722,5,0
174439,3,15,9,8,5.0,12.5,4.9497,0.4,9,3.1928,4,3
92289,3,20,16,12,6.6667,25.5,6.364,0.2,16,2.2886,3,0
100710,14,227,109,44,16.2143,8.2308,4.6931,0.5198,109,11.1546,14,18
157135,8,121,83,37,15.125,15.8571,9.1911,0.314,83,8.5791,11,8
81712,8,19,12,8,2.375,26.1429,8.5718,0.3684,12,1.2669,2,0
159799,11,151,79,40,13.7273,15.9,10.2356,0.4768,79,9.877,12,9
172740,4,43,23,16,10.75,19.3333,9.2376,0.4651,23,4.9603,6,6
81616,10,64,45,29,6.4,20.5556,9.2616,0.2969,45,2.6723,4,7
26881,6,48,44,30,8.0,27.2,4.2071,0.0833,44,1.5501,2,2
17722,27,212,92,37,7.8519,11.9231,8.9171,0.566,92,7.1626,9,7
183649,15,37,17,12,2.4667,12.9286,9.6911,0.5405,17,2.0214,3,3
64263,4,14,14,12,3.5,13.0,14.9332,0.0,14,0.9023,2,0
163559,4,34,27,15,8.5,30.0,0.0,0.2059,27,3.5648,5,1
188649,22,183,88,40,8.3182,10.9048,8.0617,0.5191,88,4.1766,6,4
22969,13,118,58,25,9.0769,21.5,9.0202,0.5085,58,5.2192,7,7
115510,5,62,56,31,12.4,21.5,11.7898,0.0968,56,2.6214,4,1
64464,20,165,70,30,8.25,8.0,3.7859,0.5758,70,6.4218,8,8
115765,11,137,72,39,12.4545,15.6,7.4267,0.4745,72,3.3807,5,8
8383,4,59,43,30,14.75,12.0,15.5885,0.2712,43,5.402,7,2
128114,3,28,17,13,9.3333,22.0,11.3137,0.3929,17,4.564,6,5
200527,42,672,250,63,16.0,8.0244,6.6614,0.628,250,13.7452,17,13
193842,5,43,29,24,8.6,8.0,1.633,0.3256,29,3.7821,5,4
49831,7,71,42,27,10.1429,9.5,7.3689,0.4085,42,6.2399,8,8
202588,12,72,26,18,6.0,19.0909,9.5337,0.6389,26,4.5931,6,2
206199,19,327,134,52,17.2105,16.2222,8.6061,0.5902,134,14.3758,18,14
6968,25,278,170,50,11.12,14.0833,8.3817,0.3885,170,6.7161,9,9
6599,11,152,95,40,13.8182,13.3,10.4355,0.375,95,6.7439,9,6
198484,4,24,16,10,6.0,26.0,2.0,0.3333,16,2.9138,4,4
1470,7,21,14,11,3.0,13.5,9.7314,0.3333,14,1.4489,2,1
105707,10,195,72,39,19.5,24.1111,7.7046,0.6308,72,15.9432,20,23
35012,3,21,14,9,7.0,30.0,0.0,0.3333,14,3.299,4,4
141958,9,102,56,37,11.3333,24.5,8.3495,0.451,56,5.5908,7,3
59948,4,66,55,33,16.5,14.3333,13.7961,0.1667,55,5.4764,7,7
14465,4,40,27,18,10.0,25.0,8.6603,0.325,27,4.2379,6,2
113413,18,124,70,37,6.8889,13.1176,8.1462,0.4355,70,5.567,7,9
61627,18,181,137,52,10.0556,16.7059,9.5901,0.2431,137,6.0521,8,2
59252,28,342,134,56,12.2143,12.5556,9.0907,0.6082,134,8.3076,10,10
57242,21,254,82,39,12.0952,13.85,7.7001,0.6772,82,9.5613,12,15
49303,15,100,55,30,6.6667,10.8571,9.789,0.45,55,3.0042,4,2
191937,25,391,125,58,15.64,9.6667,9.3654,0.6803,125,12.2078,15,15
64948,5,17,16,10,3.4,23.75,12.5,0.0588,16,1.4067,2,0
192232,27,326,108,53,12.0741,11.2692,8.3021,0.6687,108,7.7735,10,2
166336,14,116,68,31,8.2857,7.3077,5.8649,0.4138,68,6.5038,8,4
170824,23,406,153,51,17.6522,14.6364,8.6164,0.6232,153,15.2231,19,23
51518,3,5,5,5,1.6667,19.0,8.4853,0.0,5,0.475,1,1
63328,4,4,3,2,1.0,6.6667,3.2146,0.25,3,0.5055,1,1
33333,28,151,88,40,5.3929,5.1481,7.5534,0.4172,88,2.9133,4,5
126789,6,43,32,19,7.1667,13.4,10.3586,0.2558,32,3.3232,4,3
8983,10,74,38,24,7.4,10.8889,6.6416,0.4865,38,4.5018,6,7
154494,33,321,107,40,9.7273,9.8125,6.4229,0.6667,107,6.292,8,5
198935,22,250,103,48,11.3636,13.9048,9.5336,0.588,103,9.6793,12,13
58447,16,29,15,12,1.8125,13.6,10.7025,0.4828,15,1.1728,2,1
88014,9,121,66,26,13.4444,25.5,6.2792,0.4545,66,9.1728,12,12
105719,34,392,161,59,11.5294,9.5758,8.0391,0.5893,161,8.5561,11,10
40850,32,170,95,42,5.3125,5.7419,3.5681,0.4412,95,3.6181,5,6
175699,5,150,120,56,30.0,11.75,3.4034,0.2,120,10.9266,14,17
201332,4,15,9,5,3.75,26.3333,3.2146,0.4,9,1.4889,2,1
160517,26,90,20,10,3.4615,1.92,2.308,0.7778,20,3.043,4,2
56997,7,112,57,26,16.0,22.8333,7.8592,0.4911,57,10.6641,13,9
41665,15,180,121,52,12.0,17.4286,8.3823,0.3278,121,5.7283,7,6
196574,11,107,74,34,9.7273,13.4,11.9926,0.3084,74,5.5452,7,11
177183,7,21,8,7,3.0,8.1667,5.4924,0.619,8,2.2429,3,3
112930,6,97,52,30,16.1667,15.8,14.2899,0.4639,52,6.5307,8,7
200802,4,18,16,12,4.5,12.6667,15.0444,0.1111,16,2.2098,3,3
121951,5,27,19,12,5.4,24.0,12.0,0.2963,19,2.9736,4,2
135177,8,35,27,14,4.375,1.5714,0.5345,0.2286,27,2.1527,3,3
114225,12,154,63,22,12.8333,11.7273,7.4039,0.5909,63,10.1116,13,6
62263,5,13,10,10,2.6,7.5,4.6547,0.2308,10,1.3638,2,2
46822,5,50,42,29,10.0,27.5,5.0,0.16,42,3.372,5,3
156555,29,239,58,30,8.2414,8.1786,5.7158,0.7573,58,6.077,8,6
9448,6,36,27,18,6.0,10.0,12.2066,0.25,27,5.9793,8,9
132162,12,68,25,14,5.6667,3.2727,2.149,0.6324,25,5.4228,7,3
190860,3,22,19,12,7.3333,11.0,5.6569,0.1364,19,2.3929,3,3
118546,5,20,14,11,4.0,10.75,2.7538,0.3,14,1.6967,3,1
204235,25,186,98,34,7.44,7.0833,6.0211,0.4731,98,3.4206,5,2
155521,6,29,20,14,4.8333,19.8,10.4019,0.3103,20,2.0163,3,2
42861,3,43,32,20,14.3333,16.0,5.6569,0.2558,32,8.7813,11,17
45053,9,101,49,26,11.2222,19.625,8.4166,0.5149,49,9.0646,11,8
42533,14,144,74,39,10.2857,17.3846,10.6265,0.4861,74,7.3562,9,4
22872,6,45,38,22,7.5,19.2,11.9875,0.1556,38,3.0862,4,5
181410,10,54,33,22,5.4,22.5556,6.2472,0.3889,33,3.9204,5,7
145286,9,100,71,32,11.1111,21.75,7.9057,0.29,71,4.8231,6,3
186966,17,99,30,13,5.8235,19.8125,8.5184,0.697,30,6.4814,8,5
13741,7,79,51,24,11.2857,23.1667,10.6286,0.3544,51,6.5083,8,4
67086,42,389,196,60,9.2619,8.122,6.8891,0.4961,196,6.4776,8,10
86510,3,6,4,4,2.0,20.0,0.0,0.3333,4,1.1555,2,0
53796,3,65,38,22,21.6667,20.0,14.1421,0.4154,38,10.7665,13,18
164554,3,27,21,12,9.0,5.0,4.2426,0.2222,21,4.8134,6,1
90693,3,46,34,23,15.3333,5.5,2.1213,0.2609,34,9.0645,11,11
18849,3,25,24,15,8.3333,30.0,0.0,0.04,24,2.0932,3,0
106377,9,20,16,7,2.2222,20.625,11.0704,0.2,16,1.3307,2,1
69395,27,487,203,71,18.037,12.0,9.7077,0.5832,203,17.7894,22,0
153647,5,13,8,3,2.6,20.0,3.1623,0.3846,8,2.1424,3,1
23941,34,341,75,35,10.0294,10.0303,6.1821,0.7801,75,9.3988,12,13
161910,11,89,79,38,8.0909,9.1,5.4457,0.1124,79,2.4972,3,4
150165,7,53,30,16,7.5714,24.0,6.8702,0.434,30,4.4958,6,2
17513,5,92,56,34,18.4,8.75,3.594,0.3913,56,12.0734,15,7
12367,7,33,25,21,4.7143,9.1667,8.9312,0.2424,25,2.8764,4,3
68668,12,104,44,23,8.6667,15.1818,7.859,0.5769,44,6.5313,8,4
115453,16,158,73,37,9.875,13.4,11.8611,0.538,73,6.2511,8,42
1640,12,464,110,53,38.6667,7.2727,2.7961,0.7629,110,30.9737,38,14
154283,28,226,119,47,8.0714,12.4074,9.065,0.4735,119,5.8911,8,18
22422,24,136,40,19,5.6667,5.6522,5.1576,0.7059,40,5.2078,7,2
131012,18,54,25,20,3.0,15.5882,9.7022,0.537,25,2.1165,3,2
103072,12,56,25,20,4.6667,13.3636,8.7667,0.5536,25,2.5927,4,6
147610,7,17,14,9,2.4286,21.3333,8.5479,0.1765,14,1.3905,2,2
108119,7,11,7,5,1.5714,17.8333,10.0681,0.3636,7,0.9885,2,0
73016,5,139,69,43,27.8,13.75,12.3929,0.5036,69,21.4052,26,24
178726,3,21,14,10,7.0,30.0,0.0,0.3333,14,4.6619,6,10
8771,3,12,12,10,4.0,7.5,6.364,0.0,12,1.5123,2,0
119100,4,30,20,18,7.5,30.0,0.0,0.3333,20,3.9992,5,2
195702,5,38,23,12,7.6,14.5,10.8781,0.3947,23,5.3831,7,4
93052,3,15,15,9,5.0,10.5,14.8492,0.0,15,1.3071,2,0
134454,18,259,135,47,14.3889,9.9412,8.9336,0.4788,135,9.8463,12,13
64080,30,439,222,60,14.6333,7.3793,5.8457,0.4943,222,9.9436,12,10
47141,3,29,16,6,9.6667,27.5,3.5355,0.4483,16,6.241,8,3
61024,12,47,17,13,3.9167,6.0909,1.3751,0.6383,17,3.4318,5,2
24241,18,133,65,29,7.3889,15.4706,12.6497,0.5113,65,5.9183,8,1
50075,26,222,58,34,8.5385,7.84,4.1601,0.7387,58,8.6551,11,8
101721,15,92,53,25,6.1333,14.2857,12.3937,0.4239,53,2.7634,4,4
145053,3,39,33,20,13.0,21.0,8.4853,0.1538,33,4.196,6,1
30454,8,65,31,19,8.125,14.7143,4.5356,0.5231,31,5.7751,7,4
28173,13,200,149,57,15.3846,6.5833,3.8248,0.255,149,5.4499,7,7
34736,3,62,61,34,20.6667,30.0,0.0,0.0161,61,3.6224,5,2
165931,16,262,127,60,16.375,18.2,9.3976,0.5153,127,12.662,16,12
61847,6,30,21,13,5.0,9.0,4.2426,0.3,21,2.3878,3,3
83797,12,100,31,16,8.3333,22.0909,8.6886,0.69,31,6.7548,9,6
185590,3,62,53,37,20.6667,7.0,0.0,0.1452,53,6.6178,8,8
74890,3,15,12,8,5.0,18.0,16.9706,0.2,12,1.7828,3,1
85605,3,51,47,30,17.0,30.0,0.0,0.0784,47,4.0225,5,0
172446,12,124,66,25,10.3333,11.5455,7.2714,0.4677,66,5.0763,7,3
25157,5,35,33,16,7.0,16.75,15.5644,0.0571,33,2.2909,3,3
32694,7,45,31,19,6.4286,26.6667,6.4083,0.3111,31,3.9414,5,0
170554,17,266,111,42,15.6471,12.8125,11.2678,0.5827,111,11.0263,14,0
69442,19,228,63,13,12.0,18.6667,6.0293,0.7237,63,11.172,14,11
107844,8,46,30,22,5.75,7.4286,5.996,0.3478,30,2.783,4,1
157242,3,28,21,14,9.3333,12.5,10.6066,0.25,21,3.5162,5,5
52054,4,9,6,5,2.25,12.3333,7.7675,0.3333,6,1.0464,2,1
122994,34,475,93,41,13.9706,9.4242,8.1203,0.8042,93,15.7358,19,18
144892,4,28,24,15,7.0,6.6667,5.0332,0.1429,24,3.1436,4,2
37403,7,18,15,9,2.5714,13.3333,10.9301,0.1667,15,0.9424,2,2
121507,6,37,24,15,6.1667,22.0,11.3137,0.3514,24,2.5093,4,5
187065,5,9,8,7,1.8,22.25,13.5739,0.1111,8,0.6619,1,2
171114,39,423,100,44,10.8462,5.6053,4.5473,0.7636,100,10.6612,13,2
99059,57,403,137,54,7.0702,6.1786,3.8617,0.66,137,6.0976,8,6
93697,25,172,106,39,6.88,10.125,9.8745,0.3837,106,4.7838,6,4
40048,6,61,47,28,10.1667,22.2,12.2556,0.2295,47,3.6769,5,2
114910,12,85,68,30,7.0833,16.0909,13.0419,0.2,68,2.9941,4,2
131325,16,336,190,54,21.0,18.9333,8.9878,0.4345,190,13.0123,16,14
51849,9,146,62,30,16.2222,22.625,8.8791,0.5753,62,10.7679,13,16
26089,5,28,17,14,5.6,16.5,14.6629,0.3929,17,3.262,4,1
172404,28,314,93,45,11.2143,13.1111,5.8922,0.7038,93,12.2845,15,5
106610,35,534,136,64,15.2571,8.5882,4.5402,0.7453,136,12.1878,15,18
73005,18,198,102,47,11.0,11.0,7.6322,0.4848,102,7.8192,10,10
130073,33,442,163,50,13.3939,10.4375,5.9511,0.6312,163,12.3949,15,7
90793,3,28,22,16,9.3333,30.0,0.0,0.2143,22,3.821,5,4
167556,25,277,124,42,11.08,13.25,8.9649,0.5523,124,4.9525,6,6
99747,5,29,17,14,5.8,29.5,1.0,0.4138,17,3.7981,5,4
42053,6,67,42,25,11.1667,19.2,14.8054,0.3731,42,5.4375,7,3
95554,24,220,134,54,9.1667,5.1739,2.6225,0.3909,134,5.0789,7,5
24622,4,42,36,20,10.5,16.6667,15.2753,0.1429,36,3.4521,5,0
74984,5,57,53,25,11.4,25.0,5.099,0.0702,53,3.7093,5,3
174126,4,76,49,31,19.0,19.6667,8.9629,0.3553,49,9.9503,12,19
91002,5,56,47,19,11.2,17.0,8.9815,0.1607,47,3.3795,5,6
107552,3,7,4,3,2.3333,20.0,14.1421,0.4286,4,1.2404,2,0
84997,11,113,70,28,10.2727,18.6,11.4134,0.3805,70,5.5566,7,4
144151,12,214,63,23,17.8333,7.0,0.7746,0.7056,63,13.9718,17,18
117412,10,37,27,19,3.7,21.3333,8.0156,0.2703,27,2.6695,4,6
188303,10,103,51,20,10.3,21.5556,7.9547,0.5049,51,6.1799,8,10
74433,3,4,3,3,1.3333,23.0,9.8995,0.25,3,0.7078,1,2
53756,10,67,35,19,6.7,18.7778,11.3002,0.4776,35,6.8241,9,4
126743,3,12,7,7,4.0,30.0,0.0,0.4167,7,2.4026,3,5
136748,8,50,26,18,6.25,9.8571,3.7161,0.48,26,4.1692,6,4
63496,26,206,108,43,7.9231,11.76,8.0171,0.4757,108,3.5283,5,1
42115,5,40,35,17,8.0,29.75,0.5,0.125,35,2.307,3,0
78733,19,153,110,45,8.0526,15.8333,10.4614,0.281,110,3.939,5,2
110008,10,119,91,29,11.9,12.5556,9.2886,0.2353,91,4.532,6,2
186972,5,69,45,24,13.8,28.25,3.5,0.3478,45,8.9243,11,9
57266,39,312,118,47,8.0,8.5,5.6843,0.6218,118,6.0663,8,6
57459,46,192,62,28,4.1739,7.9556,3.9078,0.6771,62,3.2293,4,3
175808,3,8,8,7,2.6667,30.0,0.0,0.0,8,0.7524,1,2
62620,4,28,14,11,7.0,25.0,7.0,0.5,14,4.0578,5,2
175188,7,42,29,13,6.0,15.6667,9.5429,0.3095,29,2.1472,3,1
75921,4,16,8,7,4.0,16.3333,3.2146,0.5,8,3.2452,4,2
39301,5,17,10,8,3.4,30.0,0.0,0.4118,10,2.2362,3,2
167699,28,406,178,70,14.5,11.4074,5.9178,0.5616,178,13.1625,16,13
171195,6,18,14,8,3.0,15.6,13.2778,0.2222,14,1.5273,2,0
122288,8,42,21,17,5.25,18.4286,14.4437,0.5,21,4.0934,5,2
189397,5,25,10,9,5.0,22.75,6.3966,0.6,10,3.1957,4,2
71176,89,1015,265,69,11.4045,4.0909,1.8732,0.7389,265,12.8999,16,14
22210,3,24,18,13,8.0,30.0,0.0,0.25,18,3.5893,5,5
99777,6,17,13,6,2.8333,13.6,15.01,0.2353,13,0.9382,2,0
59381,13,92,57,33,7.0769,15.8333,11.464,0.3804,57,3.2809,4,5
172226,23,467,160,62,20.3043,8.5,6.5593,0.6574,160,15.9939,20,10
3168,13,217,91,36,16.6923,19.5833,10.0223,0.5806,91,13.7407,17,9
28276,4,21,21,12,5.25,30.0,0.0,0.0,21,1.6613,2,1
60882,3,15,8,7,5.0,13.5,3.5355,0.4667,8,2.591,4,3
78963,11,92,68,43,8.3636,17.6,11.6543,0.2609,68,2.604,4,2
96925,3,25,21,13,8.3333,30.0,0.0,0.16,21,4.2838,6,8
52935,7,59,28,15,8.4286,12.6667,8.7788,0.5254,28,4.7222,6,7
46143,11,73,15,12,6.6364,18.5,7.4722,0.7945,15,5.2635,7,3
68629,17,201,68,17,11.8235,18.75,7.6985,0.6617,68,12.0975,15,4
49291,38,545,250,64,14.3421,9.0,7.6303,0.5413,250,12.7054,16,13
13282,16,99,37,19,6.1875,3.6,2.2297,0.6263,37,6.5256,8,7
87147,18,126,54,33,7.0,8.1176,7.3645,0.5714,54,4.5131,6,7
88738,19,330,96,48,17.3684,11.8333,9.3949,0.7091,96,17.6714,22,18
170655,40,639,278,77,15.975,8.6154,6.107,0.5649,278,12.9123,16,8
103886,6,49,43,29,8.1667,17.0,11.9583,0.1224,43,3.1083,4,2
41231,43,441,128,50,10.2558,8.2619,4.8291,0.7098,128,7.4989,9,7
51915,31,389,97,36,12.5484,11.0,7.0711,0.7506,97,13.0488,16,14
159315,8,91,47,23,11.375,23.2857,7.6532,0.4835,47,6.69,9,6
191068,7,92,48,27,13.1429,12.0,4.6904,0.4783,48,8.4529,11,8
77753,7,70,44,20,10.0,18.6667,10.3666,0.3714,44,5.6611,7,7
16556,15,277,113,43,18.4667,15.7143,9.817,0.5921,113,14.7985,18,13
57264,4,39,28,19,9.75,21.6667,8.5049,0.2821,28,3.9922,5,2
149072,9,60,52,22,6.6667,16.625,12.9608,0.1333,52,2.932,4,2
65743,4,17,13,12,4.25,21.6667,8.5049,0.2353,13,2.7383,4,2
105511,11,74,56,26,6.7273,15.7,13.0729,0.2432,56,3.7486,5,2
324,11,93,60,33,8.4545,17.2,7.7287,0.3548,60,4.3432,6,3
57011,42,1065,278,64,25.3571,8.7073,4.8438,0.739,278,19.8049,24,13
2636,4,4,1,1,1.0,25.3333,8.0829,0.75,1,0.8016,1,1
147720,57,428,103,41,7.5088,5.0357,3.4376,0.7593,103,6.6651,8,4
137437,8,88,52,21,11.0,15.4286,10.2933,0.4091,52,8.5625,11,3
59346,3,46,31,20,15.3333,9.0,1.4142,0.3261,31,7.0607,9,14
148059,3,20,18,13,6.6667,30.0,0.0,0.1,18,2.2138,3,1
119659,5,13,7,5,2.6,25.5,5.2599,0.4615,7,1.2811,2,0
181642,3,18,17,11,6.0,30.0,0.0,0.0556,17,1.6794,3,3
204428,3,43,30,18,14.3333,30.0,0.0,0.3023,30,7.3561,9,10
131864,99,604,197,42,6.101,2.9286,3.0197,0.6738,197,3.5507,5,4
168349,7,127,55,21,18.1429,13.5,4.1833,0.5669,55,12.4045,15,12
77731,12,106,70,31,8.8333,16.2727,8.4509,0.3396,70,4.714,6,7
178771,4,35,27,16,8.75,9.0,5.1962,0.2286,27,4.4702,6,9
138296,6,29,18,9,4.8333,14.8,9.0388,0.3793,18,2.4304,3,3
204769,5,5,1,1,1.0,23.75,10.0125,0.8,1,0.8578,1,1
180681,4,36,25,21,9.0,8.3333,6.8069,0.3056,25,3.4227,5,3
45196,12,143,67,30,11.9167,6.6364,2.5796,0.5315,67,8.3928,11,3
193988,22,347,125,38,15.7727,10.619,8.3694,0.6398,125,11.9456,15,10
88518,4,50,27,16,12.5,24.6667,9.2376,0.46,27,6.8332,9,3
142500,18,82,45,27,4.5556,10.5294,9.612,0.4512,45,2.2474,3,1
152406,39,926,243,81,23.7436,6.9211,4.3706,0.7376,243,18.978,23,8
147835,10,72,54,26,7.2,18.8889,10.0056,0.25,54,3.5401,5,2
106075,32,255,42,24,7.9688,3.5161,1.2348,0.8353,42,7.7377,10,7
121533,49,159,78,38,3.2449,7.4375,7.2315,0.5094,78,1.6009,2,4
154290,6,53,32,20,8.8333,15.4,10.1882,0.3962,32,6.5603,8,8
95044,34,405,214,69,11.9118,10.0606,6.0619,0.4716,214,7.1594,9,4
54916,62,203,33,22,3.2742,5.9016,3.9904,0.8374,33,3.1065,4,4
168028,3,38,32,18,12.6667,18.5,16.2635,0.1579,32,4.6701,6,3
327,63,734,243,69,11.6508,5.5484,4.6788,0.6689,243,9.2031,12,7
15189,5,35,29,14,7.0,29.75,0.5,0.1714,29,2.6321,4,4
197993,8,73,57,40,9.125,1.5714,0.5345,0.2192,57,3.9074,5,4
2793,6,22,13,8,3.6667,7.0,3.3912,0.4091,13,2.0114,3,3
6395,9,98,58,27,10.8889,21.375,10.0703,0.4082,58,10.1789,13,12
137558,5,46,32,17,9.2,7.5,3.873,0.3043,32,5.9271,8,9
65368,42,215,80,38,5.119,8.2439,5.9025,0.6279,80,5.5792,7,4
165240,5,22,19,12,4.4,13.0,12.5167,0.1364,19,1.3154,2,0
31861,4,31,29,24,7.75,24.3333,9.815,0.0645,29,1.3387,2,2
202577,15,296,137,41,19.7333,12.0,7.2854,0.5372,137,17.4292,21,16
109420,11,82,47,25,7.4545,18.8,7.1771,0.4268,47,4.153,5,5
101486,4,54,43,29,13.5,17.3333,12.5033,0.2037,43,4.6122,6,3
46879,4,10,8,7,2.5,24.3333,9.815,0.2,8,1.1037,2,1
129817,3,20,18,13,6.6667,19.0,1.4142,0.1,18,2.079,3,6
16743,15,144,61,30,9.6,7.6429,8.0633,0.5764,61,5.4024,7,6
7840,6,60,26,7,10.0,22.0,4.062,0.5667,26,8.2738,10,9
66996,9,155,105,43,17.2222,23.25,7.6111,0.3226,105,8.5525,11,4
85087,5,56,36,22,11.2,10.75,6.8496,0.3571,36,7.0046,9,12
188221,11,136,78,41,12.3636,8.2,5.2026,0.4265,78,6.7505,9,3
55658,3,16,16,14,5.3333,15.0,21.2132,0.0,16,1.0741,2,1
6367,19,227,73,36,11.9474,13.7222,9.7607,0.6784,73,12.6421,16,13
44954,8,92,47,18,11.5,10.5714,9.7955,0.4891,47,8.2137,10,10
198876,21,268,129,42,12.7619,9.25,6.496,0.5187,129,6.6846,9,2
139898,7,75,36,7,10.7143,14.3333,12.5326,0.52,36,6.8876,9,14
148520,3,44,33,19,14.6667,30.0,0.0,0.25,33,5.7175,7,9
17613,12,98,69,31,8.1667,16.3636,8.7095,0.2959,69,3.1765,4,3
32153,8,71,37,19,8.875,9.5714,5.0943,0.4789,37,5.3495,7,3
164429,7,28,16,12,4.0,10.0,5.8652,0.4286,16,2.7764,4,1
101783,6,17,12,9,2.8333,12.6,15.8997,0.2941,12,0.9727,2,1
13108,3,41,25,18,13.6667,24.5,7.7782,0.3902,25,6.2521,8,9
91935,10,15,8,8,1.5,23.1111,8.4623,0.4667,8,1.4847,2,2
119692,5,52,29,11,10.4,7.75,2.0616,0.4423,29,7.7142,10,4
182948,8,195,91,39,24.375,19.7143,7.8891,0.5333,91,16.7162,21,14
106820,11,78,38,21,7.0909,7.9,6.806,0.5128,38,3.6619,5,3
200830,4,94,54,36,23.5,19.6667,10.0167,0.4255,54,12.8003,16,15
14506,28,643,187,61,22.9643,12.8148,8.3989,0.7092,187,15.5648,19,10
31173,43,956,297,57,22.2326,8.5,5.0522,0.6893,297,18.4181,23,27
184347,11,102,59,39,9.2727,23.7,7.5432,0.4216,59,5.5279,7,7
76299,16,24,11,7,1.5,14.2667,9.0591,0.5417,11,1.1503,2,1
31229,7,24,9,9,3.4286,15.0,4.858,0.625,9,3.0207,4,2
10262,8,58,41,25,7.25,17.0,12.7279,0.2931,41,3.5348,5,5
103054,44,487,130,50,11.0682,8.1628,4.9277,0.7331,130,10.2236,13,16
198569,7,109,67,32,15.5714,21.0,10.0,0.3853,67,9.9483,12,4
28429,4,49,23,15,12.25,19.3333,10.504,0.5306,23,6.7827,9,4
192525,29,508,132,58,17.5172,12.3929,7.8709,0.7402,132,12.8178,16,12
117042,12,106,70,30,8.8333,13.7273,11.4899,0.3396,70,4.7872,6,2
200691,6,59,35,16,9.8333,16.2,10.849,0.4068,35,5.4622,7,9
194398,3,13,10,7,4.3333,17.5,0.7071,0.2308,10,2.1787,3,2
179950,52,325,127,50,6.25,6.902,5.4268,0.6092,127,6.6848,9,7
59793,7,47,38,25,6.7143,18.5,10.4067,0.1915,38,2.1222,3,1
158389,7,106,60,22,15.1429,23.6667,9.4163,0.434,60,10.0655,13,12
54508,12,225,93,44,18.75,11.1818,9.3895,0.5867,93,13.3871,17,13
200178,17,349,172,60,20.5294,17.0,7.9833,0.5072,172,17.2238,21,13
166696,27,311,86,26,11.5185,11.7692,7.7733,0.7235,86,9.9841,12,14
122219,15,197,88,39,13.1333,15.7143,10.2539,0.5533,88,7.6117,10,7
180853,47,229,95,32,4.8723,6.087,5.7342,0.5852,95,4.8655,6,6
97155,6,43,30,23,7.1667,7.2,4.2071,0.3023,30,4.2277,6,7
134697,5,45,31,14,9.0,11.5,13.0256,0.3111,31,4.6798,6,1
113236,67,823,184,57,12.2836,5.4697,4.4522,0.7764,184,9.6447,12,15
168889,16,152,70,31,9.5,10.6,8.4075,0.5395,70,8.5915,11,15
145341,5,32,21,18,6.4,14.0,5.3541,0.3438,21,3.5999,5,5
110972,16,121,74,32,7.5625,13.1333,9.4102,0.3884,74,3.5172,5,4
165373,12,33,10,8,2.75,15.3636,7.9281,0.697,10,2.1227,3,3
187305,74,921,164,40,12.4459,4.8904,2.9038,0.8219,164,9.5561,12,5
154993,26,350,198,62,13.4615,12.6,9.1697,0.4343,198,8.7877,11,5
96531,48,349,146,55,7.2708,7.383,6.1133,0.5817,146,5.0889,7,6
37923,4,27,18,8,6.75,20.0,17.3205,0.3333,18,4.0048,5,7
98387,4,16,13,8,4.0,13.0,14.9332,0.1875,13,1.525,2,5
188781,54,544,84,34,10.0741,6.6981,2.9909,0.8456,84,10.0245,13,10
189529,4,16,14,8,4.0,24.6667,9.2376,0.125,14,1.5307,2,1
93611,6,40,28,24,6.6667,6.4,5.8566,0.3,28,2.8226,4,4
127902,50,398,94,29,7.96,3.5918,5.5675,0.7638,94,9.5126,12,10
133985,4,139,73,40,34.75,9.6667,3.0551,0.4748,73,22.2692,27,15
152631,6,64,53,30,10.6667,28.2,4.0249,0.1719,53,3.6605,5,1
169482,5,50,26,20,10.0,30.0,0.0,0.48,26,6.8165,9,10
118912,4,41,32,17,10.25,23.0,6.0828,0.2195,32,5.2356,7,8
156688,9,83,53,26,9.2222,14.375,9.7825,0.3614,53,4.1374,5,4
176228,48,632,186,64,13.1667,7.6596,5.8691,0.7057,186,11.2358,14,23
68941,8,53,48,35,6.625,14.5714,12.6998,0.0943,48,2.1793,3,3
15485,6,57,26,19,9.5,17.6,11.1937,0.5439,26,6.6941,9,9
90182,4,26,20,14,6.5,3.0,1.0,0.2308,20,3.4657,5,5
145651,11,240,70,33,21.8182,19.6,9.3714,0.7083,70,19.0164,23,16
56820,43,333,76,35,7.7442,8.4286,5.2598,0.7718,76,6.1202,8,11
176512,27,250,72,35,9.2593,12.1154,8.0366,0.712,72,9.2999,12,4
110167,3,21,21,17,7.0,25.5,6.364,0.0,21,2.0194,3,2
205942,22,170,73,28,7.7273,8.5238,4.0077,0.5706,73,6.904,9,5
29262,22,124,58,26,5.6364,6.7143,8.6032,0.5323,58,4.4415,6,12
114169,3,24,24,17,8.0,30.0,0.0,0.0,24,13.0297,16,0
47060,21,138,37,22,6.5714,11.55,5.8443,0.7319,37,4.8998,6,6
172957,10,50,43,20,5.0,13.6667,8.9303,0.14,43,2.008,3,2
101847,3,16,12,6,5.3333,21.5,10.6066,0.25,12,2.6951,4,3
98762,5,33,29,16,6.6,19.5,9.6782,0.1212,29,1.6362,2,1
22645,11,29,20,14,2.6364,8.5,8.5016,0.3103,20,1.5015,2,1
134276,10,195,55,29,19.5,17.8889,11.2744,0.7179,55,16.6443,20,16
58997,9,80,26,12,8.8889,10.375,5.6045,0.675,26,6.885,9,5
30717,5,41,36,26,8.2,22.75,9.5,0.122,36,1.9688,3,1
156914,21,159,85,47,7.5714,10.2,10.1494,0.4654,85,3.3104,4,3
135011,5,45,36,24,9.0,10.0,4.6904,0.2,36,2.9804,4,4
111561,20,376,122,47,18.8,17.2632,9.3383,0.6755,122,11.1394,14,18
139009,60,333,65,26,5.55,4.2881,3.499,0.8048,65,5.5714,7,8
134642,28,139,100,38,4.9643,5.4444,5.5839,0.2806,100,2.2903,3,3
70519,17,177,83,21,10.4118,16.1875,10.9192,0.5311,83,7.4502,9,6
68531,5,34,28,23,6.8,21.25,11.7011,0.1765,28,2.3036,3,2
170951,6,29,22,15,4.8333,26.0,8.9443,0.2414,22,2.5747,4,1
145646,7,102,58,31,14.5714,30.0,0.0,0.4314,58,10.4594,13,13
88470,40,634,91,33,15.85,8.8974,5.2002,0.8565,91,16.5762,20,15
71536,3,14,12,8,4.6667,30.0,0.0,0.1429,12,1.1929,2,0
104783,14,137,97,40,9.7857,5.3077,5.0064,0.292,97,5.9424,8,10
123760,5,37,28,17,7.4,29.75,0.5,0.2432,28,2.7105,4,3
47057,13,259,134,51,19.9231,18.5833,10.5611,0.4826,134,14.9447,18,24
101735,51,576,78,35,11.2941,6.98,1.5451,0.8646,78,9.7559,12,8
205468,5,105,62,20,21.0,19.0,13.3417,0.4095,62,11.5209,14,21
191330,4,65,56,25,16.25,27.3333,4.6188,0.1385,56,4.7275,6,3
196475,4,48,38,20,12.0,30.0,0.0,0.2083,38,5.0626,7,6
128577,25,209,88,48,8.36,9.9583,7.647,0.5789,88,5.9572,8,9
205041,7,135,57,24,19.2857,19.3333,11.6562,0.5778,57,13.6457,17,8
53132,4,15,14,8,3.75,27.0,5.1962,0.0667,14,1.2424,2,1
58490,21,144,66,35,6.8571,10.1,9.2901,0.5417,66,4.6036,6,4
156745,25,216,80,33,8.64,7.0417,6.4233,0.6296,80,7.7716,10,8
40526,10,135,59,27,13.5,15.1111,7.8811,0.563,59,9.4736,12,11
181741,8,81,62,36,10.125,24.1429,9.3172,0.2346,62,6.9152,9,2
192299,12,153,59,34,12.75,13.2727,9.1334,0.6144,59,7.6535,10,7
71859,8,85,70,33,10.625,22.7143,9.4642,0.1765,70,3.069,4,2
97984,19,292,155,51,15.3684,15.1667,8.1475,0.4692,155,9.042,11,8
189605,5,45,34,15,9.0,18.25,7.0415,0.2444,34,4.5209,6,7
49526,14,41,26,15,2.9286,1.6923,1.3156,0.3659,26,2.0708,3,2
102619,45,334,141,59,7.4222,5.6136,6.3657,0.5778,141,7.8624,10,6
107270,10,91,58,33,9.1,19.0,10.943,0.3626,58,4.9223,6,3
101519,5,51,31,21,10.2,25.25,9.5,0.3922,31,5.0984,7,5
155782,16,376,90,44,23.5,19.5333,10.5212,0.7606,90,17.7715,22,17
107332,35,328,182,59,9.3714,8.5588,7.1824,0.4451,182,6.0558,8,18
141162,39,418,198,51,10.7179,8.6579,5.9742,0.5263,198,7.6712,10,5
131025,6,51,25,21,8.5,18.0,10.4642,0.5098,25,5.8137,7,1
18487,4,40,25,14,10.0,13.3333,14.7422,0.375,25,4.4764,6,7
187140,7,75,44,26,10.7143,19.3333,10.8012,0.4133,44,6.122,8,4
174140,8,22,15,14,2.75,23.2857,9.2144,0.3182,15,1.5586,2,1
54692,16,150,57,30,9.375,9.7333,6.3072,0.62,57,9.1386,11,1
107302,9,33,25,21,3.6667,14.5,11.1995,0.2424,25,1.2303,2,1
128460,5,17,12,11,3.4,27.25,3.4034,0.2941,12,2.314,3,4
64549,24,131,86,40,5.4583,9.2174,8.0845,0.3435,86,3.6007,5,2
168392,5,39,30,19,7.8,21.75,12.0104,0.2308,30,3.5152,5,4
198068,21,265,113,47,12.619,3.85,2.3232,0.5736,113,9.4054,12,12
57750,13,233,134,44,17.9231,24.0833,6.3168,0.4249,134,9.7959,12,4
190893,25,127,64,30,5.08,10.625,7.3414,0.4961,64,4.2043,6,2
99131,4,17,13,8,4.25,11.0,2.0,0.2353,13,1.96,3,0
100170,3,24,20,11,8.0,17.5,17.6777,0.1667,20,3.4546,5,2
170874,11,424,151,39,38.5455,18.6,11.1275,0.6439,151,26.2825,32,29
30799,4,34,34,20,8.5,19.0,11.5326,0.0,34,2.5448,4,2
99911,8,48,41,26,6.0,20.4286,10.6122,0.1458,41,2.607,4,3
146510,3,7,5,5,2.3333,18.0,11.3137,0.2857,5,1.2337,2,2
76404,35,287,97,50,8.2,9.8529,6.3919,0.662,97,8.1289,10,11
47861,5,97,85,29,19.4,22.5,8.6987,0.1237,85,7.3574,9,4
78863,3,91,54,31,30.3333,30.0,0.0,0.4066,54,17.8173,22,25
16733,8,104,56,28,13.0,22.4286,10.5176,0.4615,56,7.083,9,11
199288,11,54,39,21,4.9091,13.8,10.0421,0.2778,39,2.8477,4,0
107514,11,224,103,48,20.3636,21.8,8.728,0.5402,103,14.5087,18,13
163455,3,34,32,19,11.3333,7.0,7.0711,0.0588,32,3.6083,5,3
193604,14,171,72,31,12.2143,14.0769,7.3424,0.5789,72,8.225,10,7
35230,8,41,32,17,5.125,5.5714,3.645,0.2195,32,2.2038,3,3
9606,20,148,77,30,7.4,8.2632,8.8747,0.4797,77,5.5723,7,4
92496,5,15,12,9,3.0,6.25,9.215,0.2,12,1.2534,2,1
98929,23,430,198,55,18.6957,9.4091,5.7126,0.5395,198,16.7723,21,11
65572,25,298,152,61,11.92,13.7083,8.3065,0.4899,152,8.2194,10,9
175158,24,35,9,7,1.4583,10.5217,8.8722,0.7429,9,1.2418,2,0
176427,10,83,61,26,8.3,13.3333,9.3005,0.2651,61,4.9986,6,8
61367,31,455,60,32,14.6774,7.2667,2.4904,0.8681,60,13.769,17,12
175848,3,18,17,12,6.0,6.5,6.364,0.0556,17,1.9124,3,1
59159,16,169,55,30,10.5625,20.1333,7.5201,0.6746,55,7.7045,10,8
60591,6,36,21,10,6.0,17.2,11.2116,0.4167,21,3.116,4,2
1777,4,47,31,26,11.75,17.6667,12.6623,0.3404,31,5.6467,7,8
103217,36,352,156,57,9.7778,10.0,7.6773,0.5568,156,4.8188,6,4
115817,18,92,48,22,5.1111,17.2353,9.7502,0.4783,48,2.9904,4,3
134852,9,83,50,26,9.2222,11.125,5.5918,0.3976,50,5.357,7,6
147507,43,427,160,55,9.9302,8.3571,4.5469,0.6253,160,8.4968,11,10
142705,50,360,71,29,7.2,5.898,3.2675,0.8028,71,9.3538,12,13
103550,6,28,19,14,4.6667,26.8,7.1554,0.3214,19,2.5484,4,5
93841,13,247,108,46,19.0,5.6667,2.4618,0.5628,108,12.3344,15,5
151062,3,20,18,14,6.6667,10.5,9.1924,0.1,18,2.2323,3,3
7536,13,91,35,19,7.0,17.0,8.8111,0.6154,35,5.179,7,8
186412,6,9,6,4,1.5,21.2,10.9864,0.3333,6,0.8809,2,0
129862,27,273,133,45,10.1111,11.4615,7.3061,0.5128,133,6.7553,9,4
99778,15,268,119,46,17.8667,20.2857,10.7089,0.556,119,12.534,16,16
135185,10,118,72,33,11.8,5.5556,5.8333,0.3898,72,7.9279,10,2
40047,6,77,45,23,12.8333,6.6,6.3875,0.4156,45,6.6636,8,4
17975,5,51,39,20,10.2,21.0,10.5198,0.2353,39,4.2528,6,0
157383,9,42,18,11,4.6667,22.5,7.9462,0.5714,18,2.8583,4,6
126385,17,133,79,33,7.8235,13.875,8.7245,0.406,79,4.0374,5,8
138378,9,153,95,33,17.0,8.875,9.4482,0.3791,95,6.1138,8,13
171884,19,209,129,52,11.0,11.2222,7.7729,0.3828,129,6.9427,9,6
178810,19,356,109,43,18.7368,10.0,7.5537,0.6938,109,13.5572,17,11
140045,65,796,132,46,12.2462,5.2031,4.6229,0.8342,132,13.3407,17,13
71082,20,367,138,54,18.35,13.4737,8.7773,0.624,138,19.0642,23,16
98584,7,22,20,10,3.1429,7.0,5.4772,0.0909,20,1.1524,2,2
65419,4,15,14,9,3.75,20.6667,12.0968,0.0667,14,2.1617,3,2
29908,40,424,198,52,10.6,9.1026,7.0255,0.533,198,5.1376,7,8
19070,8,58,40,28,7.25,17.4286,9.8295,0.3103,40,3.3278,4,3
202381,5,52,36,18,10.4,27.25,3.4034,0.3077,36,4.7572,6,3
